2026-03-05 13:38:32,783:WARNING:
'cuml' is a soft dependency and not included in the pycaret installation. Please run: `pip install cuml` to install.
2026-03-05 13:38:32,784:WARNING:
'cuml' is a soft dependency and not included in the pycaret installation. Please run: `pip install cuml` to install.
2026-03-05 13:38:32,784:WARNING:
'cuml' is a soft dependency and not included in the pycaret installation. Please run: `pip install cuml` to install.
2026-03-05 13:38:32,784:WARNING:
'cuml' is a soft dependency and not included in the pycaret installation. Please run: `pip install cuml` to install.
2026-03-05 13:47:39,212:INFO:PyCaret ClassificationExperiment
2026-03-05 13:47:39,212:INFO:Logging name: clf-default-name
2026-03-05 13:47:39,212:INFO:ML Usecase: MLUsecase.CLASSIFICATION
2026-03-05 13:47:39,212:INFO:version 3.3.2
2026-03-05 13:47:39,212:INFO:Initializing setup()
2026-03-05 13:47:39,212:INFO:self.USI: af55
2026-03-05 13:47:39,212:INFO:self._variable_keys: {'logging_param', 'y', '_available_plots', 'fold_shuffle_param', 'pipeline', 'gpu_param', 'idx', 'y_test', 'X_test', 'gpu_n_jobs_param', 'fix_imbalance', 'is_multiclass', 'exp_id', 'USI', 'memory', 'log_plots_param', 'exp_name_log', 'n_jobs_param', 'X_train', 'y_train', 'X', 'fold_groups_param', 'html_param', '_ml_usecase', 'data', 'fold_generator', 'seed', 'target_param'}
2026-03-05 13:47:39,212:INFO:Checking environment
2026-03-05 13:47:39,212:INFO:python_version: 3.11.14
2026-03-05 13:47:39,212:INFO:python_build: ('main', 'Jan 14 2026 21:09:41')
2026-03-05 13:47:39,212:INFO:machine: arm64
2026-03-05 13:47:39,234:INFO:platform: macOS-26.2-arm64-arm-64bit
2026-03-05 13:47:39,234:INFO:Memory: svmem(total=25769803776, available=9750773760, percent=62.2, used=12995772416, free=139083776, active=9517219840, inactive=9606430720, wired=3478552576)
2026-03-05 13:47:39,234:INFO:Physical Core: 12
2026-03-05 13:47:39,234:INFO:Logical Core: 12
2026-03-05 13:47:39,234:INFO:Checking libraries
2026-03-05 13:47:39,234:INFO:System:
2026-03-05 13:47:39,234:INFO:    python: 3.11.14 (main, Jan 14 2026, 21:09:41) [Clang 21.1.4 ]
2026-03-05 13:47:39,234:INFO:executable: /Users/xiaowang/Documents/Github/DataMind/backend/.venv/bin/python3
2026-03-05 13:47:39,234:INFO:   machine: macOS-26.2-arm64-arm-64bit
2026-03-05 13:47:39,234:INFO:PyCaret required dependencies:
2026-03-05 13:47:39,235:WARNING:/Users/xiaowang/Documents/Github/DataMind/backend/.venv/lib/python3.11/site-packages/_distutils_hack/__init__.py:30: UserWarning: Setuptools is replacing distutils. Support for replacing an already imported distutils is deprecated. In the future, this condition will fail. Register concerns at https://github.com/pypa/setuptools/issues/new?template=distutils-deprecation.yml
  warnings.warn(

2026-03-05 13:47:39,628:INFO:                 pip: Not installed
2026-03-05 13:47:39,628:INFO:          setuptools: 82.0.0
2026-03-05 13:47:39,628:INFO:             pycaret: 3.3.2
2026-03-05 13:47:39,628:INFO:             IPython: 9.10.0
2026-03-05 13:47:39,628:INFO:          ipywidgets: 8.1.8
2026-03-05 13:47:39,628:INFO:                tqdm: 4.67.3
2026-03-05 13:47:39,629:INFO:               numpy: 1.26.4
2026-03-05 13:47:39,629:INFO:              pandas: 2.1.4
2026-03-05 13:47:39,629:INFO:              jinja2: 3.1.6
2026-03-05 13:47:39,629:INFO:               scipy: 1.11.4
2026-03-05 13:47:39,629:INFO:              joblib: 1.3.2
2026-03-05 13:47:39,629:INFO:             sklearn: 1.4.2
2026-03-05 13:47:39,629:INFO:                pyod: 2.0.7
2026-03-05 13:47:39,629:INFO:            imblearn: 0.14.1
2026-03-05 13:47:39,629:INFO:   category_encoders: 2.7.0
2026-03-05 13:47:39,629:INFO:            lightgbm: 4.6.0
2026-03-05 13:47:39,629:INFO:               numba: 0.64.0
2026-03-05 13:47:39,629:INFO:            requests: 2.32.5
2026-03-05 13:47:39,629:INFO:          matplotlib: 3.7.5
2026-03-05 13:47:39,629:INFO:          scikitplot: 0.3.7
2026-03-05 13:47:39,629:INFO:         yellowbrick: 1.5
2026-03-05 13:47:39,629:INFO:              plotly: 5.24.1
2026-03-05 13:47:39,629:INFO:    plotly-resampler: Not installed
2026-03-05 13:47:39,629:INFO:             kaleido: 1.2.0
2026-03-05 13:47:39,629:INFO:           schemdraw: 0.15
2026-03-05 13:47:39,629:INFO:         statsmodels: 0.14.6
2026-03-05 13:47:39,629:INFO:              sktime: 0.26.0
2026-03-05 13:47:39,629:INFO:               tbats: 1.1.3
2026-03-05 13:47:39,629:INFO:            pmdarima: 2.0.4
2026-03-05 13:47:39,629:INFO:              psutil: 7.2.2
2026-03-05 13:47:39,629:INFO:          markupsafe: 3.0.3
2026-03-05 13:47:39,629:INFO:             pickle5: Not installed
2026-03-05 13:47:39,629:INFO:         cloudpickle: 3.1.2
2026-03-05 13:47:39,629:INFO:         deprecation: 2.1.0
2026-03-05 13:47:39,629:INFO:              xxhash: 3.6.0
2026-03-05 13:47:39,629:INFO:           wurlitzer: 3.1.1
2026-03-05 13:47:39,629:INFO:PyCaret optional dependencies:
2026-03-05 13:47:39,635:INFO:                shap: Not installed
2026-03-05 13:47:39,635:INFO:           interpret: Not installed
2026-03-05 13:47:39,635:INFO:                umap: Not installed
2026-03-05 13:47:39,635:INFO:     ydata_profiling: Not installed
2026-03-05 13:47:39,635:INFO:  explainerdashboard: Not installed
2026-03-05 13:47:39,635:INFO:             autoviz: Not installed
2026-03-05 13:47:39,635:INFO:           fairlearn: Not installed
2026-03-05 13:47:39,635:INFO:          deepchecks: Not installed
2026-03-05 13:47:39,635:INFO:             xgboost: Not installed
2026-03-05 13:47:39,635:INFO:            catboost: Not installed
2026-03-05 13:47:39,635:INFO:              kmodes: Not installed
2026-03-05 13:47:39,635:INFO:             mlxtend: Not installed
2026-03-05 13:47:39,635:INFO:       statsforecast: Not installed
2026-03-05 13:47:39,635:INFO:        tune_sklearn: Not installed
2026-03-05 13:47:39,635:INFO:                 ray: Not installed
2026-03-05 13:47:39,635:INFO:            hyperopt: Not installed
2026-03-05 13:47:39,635:INFO:              optuna: Not installed
2026-03-05 13:47:39,635:INFO:               skopt: Not installed
2026-03-05 13:47:39,635:INFO:              mlflow: Not installed
2026-03-05 13:47:39,635:INFO:              gradio: Not installed
2026-03-05 13:47:39,635:INFO:             fastapi: Not installed
2026-03-05 13:47:39,635:INFO:             uvicorn: Not installed
2026-03-05 13:47:39,635:INFO:              m2cgen: Not installed
2026-03-05 13:47:39,635:INFO:           evidently: Not installed
2026-03-05 13:47:39,635:INFO:               fugue: Not installed
2026-03-05 13:47:39,635:INFO:           streamlit: Not installed
2026-03-05 13:47:39,635:INFO:             prophet: Not installed
2026-03-05 13:47:39,635:INFO:None
2026-03-05 13:47:39,635:INFO:Set up data.
2026-03-05 13:47:39,643:INFO:Set up folding strategy.
2026-03-05 13:47:39,643:INFO:Set up train/test split.
2026-03-05 13:47:39,788:INFO:Set up index.
2026-03-05 13:47:39,788:INFO:Assigning column types.
2026-03-05 13:47:39,790:INFO:Engine successfully changes for model 'lr' to 'sklearn'.
2026-03-05 13:47:39,802:INFO:Engine for model 'knn' has not been set explicitly, hence returning None.
2026-03-05 13:47:39,805:INFO:Engine for model 'rbfsvm' has not been set explicitly, hence returning None.
2026-03-05 13:47:39,823:WARNING:
'xgboost' is a soft dependency and not included in the pycaret installation. Please run: `pip install xgboost` to install.
Alternately, you can install this by running `pip install pycaret[models]`
2026-03-05 13:47:39,823:WARNING:
'catboost' is a soft dependency and not included in the pycaret installation. Please run: `pip install catboost` to install.
Alternately, you can install this by running `pip install pycaret[models]`
2026-03-05 13:47:39,834:INFO:Engine for model 'knn' has not been set explicitly, hence returning None.
2026-03-05 13:47:39,835:INFO:Engine for model 'rbfsvm' has not been set explicitly, hence returning None.
2026-03-05 13:47:39,842:WARNING:
'xgboost' is a soft dependency and not included in the pycaret installation. Please run: `pip install xgboost` to install.
Alternately, you can install this by running `pip install pycaret[models]`
2026-03-05 13:47:39,842:WARNING:
'catboost' is a soft dependency and not included in the pycaret installation. Please run: `pip install catboost` to install.
Alternately, you can install this by running `pip install pycaret[models]`
2026-03-05 13:47:39,842:INFO:Engine successfully changes for model 'knn' to 'sklearn'.
2026-03-05 13:47:39,855:INFO:Engine for model 'rbfsvm' has not been set explicitly, hence returning None.
2026-03-05 13:47:39,862:WARNING:
'xgboost' is a soft dependency and not included in the pycaret installation. Please run: `pip install xgboost` to install.
Alternately, you can install this by running `pip install pycaret[models]`
2026-03-05 13:47:39,862:WARNING:
'catboost' is a soft dependency and not included in the pycaret installation. Please run: `pip install catboost` to install.
Alternately, you can install this by running `pip install pycaret[models]`
2026-03-05 13:47:39,875:INFO:Engine for model 'rbfsvm' has not been set explicitly, hence returning None.
2026-03-05 13:47:39,882:WARNING:
'xgboost' is a soft dependency and not included in the pycaret installation. Please run: `pip install xgboost` to install.
Alternately, you can install this by running `pip install pycaret[models]`
2026-03-05 13:47:39,883:WARNING:
'catboost' is a soft dependency and not included in the pycaret installation. Please run: `pip install catboost` to install.
Alternately, you can install this by running `pip install pycaret[models]`
2026-03-05 13:47:39,883:INFO:Engine successfully changes for model 'rbfsvm' to 'sklearn'.
2026-03-05 13:47:39,903:WARNING:
'xgboost' is a soft dependency and not included in the pycaret installation. Please run: `pip install xgboost` to install.
Alternately, you can install this by running `pip install pycaret[models]`
2026-03-05 13:47:39,903:WARNING:
'catboost' is a soft dependency and not included in the pycaret installation. Please run: `pip install catboost` to install.
Alternately, you can install this by running `pip install pycaret[models]`
2026-03-05 13:47:39,922:WARNING:
'xgboost' is a soft dependency and not included in the pycaret installation. Please run: `pip install xgboost` to install.
Alternately, you can install this by running `pip install pycaret[models]`
2026-03-05 13:47:39,923:WARNING:
'catboost' is a soft dependency and not included in the pycaret installation. Please run: `pip install catboost` to install.
Alternately, you can install this by running `pip install pycaret[models]`
2026-03-05 13:47:39,924:INFO:Preparing preprocessing pipeline...
2026-03-05 13:47:39,925:INFO:Set up label encoding.
2026-03-05 13:47:39,925:INFO:Set up simple imputation.
2026-03-05 13:47:39,928:INFO:Set up encoding of ordinal features.
2026-03-05 13:47:39,938:INFO:Set up encoding of categorical features.
2026-03-05 13:47:39,938:INFO:Set up imbalanced handling.
2026-03-05 13:47:39,938:INFO:Set up feature normalization.
2026-03-05 13:47:39,939:INFO:Set up column name cleaning.
2026-03-05 13:47:40,058:INFO:Finished creating preprocessing pipeline.
2026-03-05 13:47:40,116:INFO:Pipeline: Pipeline(memory=FastMemory(location=/var/folders/qr/v7zsrctd3rj_brd6d8n5cq7c0000gn/T/joblib),
         steps=[('label_encoding',
                 TransformerWrapperWithInverse(exclude=None, include=None,
                                               transformer=LabelEncoder())),
                ('numerical_imputer',
                 TransformerWrapper(exclude=None,
                                    include=['age', '意識狀態', '精神狀態', '下肢肌力',
                                             'K氏量表', '巴氏量表'],
                                    transformer=SimpleImputer(add_indicator=Fal...
                                    transformer=FixImbalancer(estimator=SMOTE(k_neighbors=5,
                                                                              random_state=42,
                                                                              sampling_strategy='auto')))),
                ('normalize',
                 TransformerWrapper(exclude=None, include=None,
                                    transformer=StandardScaler(copy=True,
                                                               with_mean=True,
                                                               with_std=True))),
                ('clean_column_names',
                 TransformerWrapper(exclude=None, include=None,
                                    transformer=CleanColumnNames(match='[\\]\\[\\,\\{\\}\\"\\:]+')))],
         verbose=False)
2026-03-05 13:47:40,116:INFO:Creating final display dataframe.
2026-03-05 13:47:40,524:INFO:Setup _display_container:                     Description             Value
0                    Session id                42
1                        Target              是否跌倒
2                   Target type            Binary
3                Target mapping        N: 0, Y: 1
4           Original data shape        (1182, 40)
5        Transformed data shape        (1733, 40)
6   Transformed train set shape        (1378, 40)
7    Transformed test set shape         (355, 40)
8              Numeric features                 6
9          Categorical features                33
10                   Preprocess              True
11              Imputation type            simple
12           Numeric imputation              mean
13       Categorical imputation              mode
14     Maximum one-hot encoding                25
15              Encoding method              None
16                Fix imbalance              True
17         Fix imbalance method             SMOTE
18                    Normalize              True
19             Normalize method            zscore
20               Fold Generator   StratifiedKFold
21                  Fold Number                 5
22                     CPU Jobs                -1
23                      Use GPU             False
24               Log Experiment             False
25              Experiment Name  clf-default-name
26                          USI              af55
2026-03-05 13:47:40,544:WARNING:
'xgboost' is a soft dependency and not included in the pycaret installation. Please run: `pip install xgboost` to install.
Alternately, you can install this by running `pip install pycaret[models]`
2026-03-05 13:47:40,544:WARNING:
'catboost' is a soft dependency and not included in the pycaret installation. Please run: `pip install catboost` to install.
Alternately, you can install this by running `pip install pycaret[models]`
2026-03-05 13:47:40,564:WARNING:
'xgboost' is a soft dependency and not included in the pycaret installation. Please run: `pip install xgboost` to install.
Alternately, you can install this by running `pip install pycaret[models]`
2026-03-05 13:47:40,564:WARNING:
'catboost' is a soft dependency and not included in the pycaret installation. Please run: `pip install catboost` to install.
Alternately, you can install this by running `pip install pycaret[models]`
2026-03-05 13:47:40,565:INFO:setup() successfully completed in 1.35s...............
2026-03-05 13:47:40,565:INFO:Initializing compare_models()
2026-03-05 13:47:40,565:INFO:compare_models(self=<pycaret.classification.oop.ClassificationExperiment object at 0x160c18fd0>, include=None, exclude=['lightgbm'], fold=None, round=4, cross_validation=True, sort=Accuracy, n_select=1, budget_time=None, turbo=True, errors=ignore, fit_kwargs=None, groups=None, experiment_custom_tags=None, probability_threshold=None, verbose=True, parallel=None, caller_params={'self': <pycaret.classification.oop.ClassificationExperiment object at 0x160c18fd0>, 'include': None, 'exclude': ['lightgbm'], 'fold': None, 'round': 4, 'cross_validation': True, 'sort': 'Accuracy', 'n_select': 1, 'budget_time': None, 'turbo': True, 'errors': 'ignore', 'fit_kwargs': None, 'groups': None, 'experiment_custom_tags': None, 'probability_threshold': None, 'engine': None, 'verbose': True, 'parallel': None, '__class__': <class 'pycaret.classification.oop.ClassificationExperiment'>})
2026-03-05 13:47:40,565:INFO:Checking exceptions
2026-03-05 13:47:40,566:INFO:Preparing display monitor
2026-03-05 13:47:40,567:INFO:Initializing Logistic Regression
2026-03-05 13:47:40,567:INFO:Total runtime is 4.490216573079427e-07 minutes
2026-03-05 13:47:40,567:INFO:SubProcess create_model() called ==================================
2026-03-05 13:47:40,567:INFO:Initializing create_model()
2026-03-05 13:47:40,567:INFO:create_model(self=<pycaret.classification.oop.ClassificationExperiment object at 0x160c18fd0>, estimator=lr, fold=StratifiedKFold(n_splits=5, random_state=None, shuffle=False), round=4, cross_validation=True, predict=True, fit_kwargs={}, groups=None, refit=False, probability_threshold=None, experiment_custom_tags=None, verbose=False, system=False, add_to_model_list=True, metrics=None, display=<pycaret.internal.display.display.CommonDisplay object at 0x160db3790>, model_only=True, return_train_score=False, error_score=0.0, kwargs={})
2026-03-05 13:47:40,567:INFO:Checking exceptions
2026-03-05 13:47:40,567:INFO:Importing libraries
2026-03-05 13:47:40,567:INFO:Copying training dataset
2026-03-05 13:47:40,569:INFO:Defining folds
2026-03-05 13:47:40,569:INFO:Declaring metric variables
2026-03-05 13:47:40,569:INFO:Importing untrained model
2026-03-05 13:47:40,569:INFO:Logistic Regression Imported successfully
2026-03-05 13:47:40,569:INFO:Starting cross validation
2026-03-05 13:47:40,570:INFO:Cross validating with StratifiedKFold(n_splits=5, random_state=None, shuffle=False), n_jobs=-1
2026-03-05 13:47:42,694:WARNING:/Users/xiaowang/Documents/Github/DataMind/backend/.venv/lib/python3.11/site-packages/_distutils_hack/__init__.py:30: UserWarning: Setuptools is replacing distutils. Support for replacing an already imported distutils is deprecated. In the future, this condition will fail. Register concerns at https://github.com/pypa/setuptools/issues/new?template=distutils-deprecation.yml
  warnings.warn(

2026-03-05 13:47:42,694:WARNING:/Users/xiaowang/Documents/Github/DataMind/backend/.venv/lib/python3.11/site-packages/_distutils_hack/__init__.py:30: UserWarning: Setuptools is replacing distutils. Support for replacing an already imported distutils is deprecated. In the future, this condition will fail. Register concerns at https://github.com/pypa/setuptools/issues/new?template=distutils-deprecation.yml
  warnings.warn(

2026-03-05 13:47:42,694:WARNING:/Users/xiaowang/Documents/Github/DataMind/backend/.venv/lib/python3.11/site-packages/_distutils_hack/__init__.py:30: UserWarning: Setuptools is replacing distutils. Support for replacing an already imported distutils is deprecated. In the future, this condition will fail. Register concerns at https://github.com/pypa/setuptools/issues/new?template=distutils-deprecation.yml
  warnings.warn(

2026-03-05 13:47:42,694:WARNING:/Users/xiaowang/Documents/Github/DataMind/backend/.venv/lib/python3.11/site-packages/_distutils_hack/__init__.py:30: UserWarning: Setuptools is replacing distutils. Support for replacing an already imported distutils is deprecated. In the future, this condition will fail. Register concerns at https://github.com/pypa/setuptools/issues/new?template=distutils-deprecation.yml
  warnings.warn(

2026-03-05 13:47:42,694:WARNING:/Users/xiaowang/Documents/Github/DataMind/backend/.venv/lib/python3.11/site-packages/_distutils_hack/__init__.py:30: UserWarning: Setuptools is replacing distutils. Support for replacing an already imported distutils is deprecated. In the future, this condition will fail. Register concerns at https://github.com/pypa/setuptools/issues/new?template=distutils-deprecation.yml
  warnings.warn(

2026-03-05 13:47:42,791:WARNING:/Users/xiaowang/Documents/Github/DataMind/backend/.venv/lib/python3.11/site-packages/sklearn/metrics/_classification.py:1561: UserWarning: Note that pos_label (set to 'Y') is ignored when average != 'binary' (got 'weighted'). You may use labels=[pos_label] to specify a single positive class.
  warnings.warn(

2026-03-05 13:47:42,791:WARNING:/Users/xiaowang/Documents/Github/DataMind/backend/.venv/lib/python3.11/site-packages/sklearn/metrics/_classification.py:1561: UserWarning: Note that pos_label (set to 'Y') is ignored when average != 'binary' (got 'weighted'). You may use labels=[pos_label] to specify a single positive class.
  warnings.warn(

2026-03-05 13:47:42,791:WARNING:/Users/xiaowang/Documents/Github/DataMind/backend/.venv/lib/python3.11/site-packages/sklearn/metrics/_classification.py:1561: UserWarning: Note that pos_label (set to 'Y') is ignored when average != 'binary' (got 'weighted'). You may use labels=[pos_label] to specify a single positive class.
  warnings.warn(

2026-03-05 13:47:42,791:WARNING:/Users/xiaowang/Documents/Github/DataMind/backend/.venv/lib/python3.11/site-packages/sklearn/metrics/_classification.py:1561: UserWarning: Note that pos_label (set to 'Y') is ignored when average != 'binary' (got 'weighted'). You may use labels=[pos_label] to specify a single positive class.
  warnings.warn(

2026-03-05 13:47:42,791:WARNING:/Users/xiaowang/Documents/Github/DataMind/backend/.venv/lib/python3.11/site-packages/sklearn/metrics/_classification.py:1561: UserWarning: Note that pos_label (set to 'Y') is ignored when average != 'binary' (got 'weighted'). You may use labels=[pos_label] to specify a single positive class.
  warnings.warn(

2026-03-05 13:47:42,792:WARNING:/Users/xiaowang/Documents/Github/DataMind/backend/.venv/lib/python3.11/site-packages/sklearn/metrics/_classification.py:1561: UserWarning: Note that pos_label (set to 'Y') is ignored when average != 'binary' (got 'weighted'). You may use labels=[pos_label] to specify a single positive class.
  warnings.warn(

2026-03-05 13:47:42,792:WARNING:/Users/xiaowang/Documents/Github/DataMind/backend/.venv/lib/python3.11/site-packages/sklearn/metrics/_classification.py:1561: UserWarning: Note that pos_label (set to 'Y') is ignored when average != 'binary' (got 'weighted'). You may use labels=[pos_label] to specify a single positive class.
  warnings.warn(

2026-03-05 13:47:42,792:WARNING:/Users/xiaowang/Documents/Github/DataMind/backend/.venv/lib/python3.11/site-packages/sklearn/metrics/_classification.py:1561: UserWarning: Note that pos_label (set to 'Y') is ignored when average != 'binary' (got 'weighted'). You may use labels=[pos_label] to specify a single positive class.
  warnings.warn(

2026-03-05 13:47:42,792:WARNING:/Users/xiaowang/Documents/Github/DataMind/backend/.venv/lib/python3.11/site-packages/sklearn/metrics/_classification.py:1561: UserWarning: Note that pos_label (set to 'Y') is ignored when average != 'binary' (got 'weighted'). You may use labels=[pos_label] to specify a single positive class.
  warnings.warn(

2026-03-05 13:47:42,793:WARNING:/Users/xiaowang/Documents/Github/DataMind/backend/.venv/lib/python3.11/site-packages/sklearn/metrics/_classification.py:1561: UserWarning: Note that pos_label (set to 'Y') is ignored when average != 'binary' (got 'weighted'). You may use labels=[pos_label] to specify a single positive class.
  warnings.warn(

2026-03-05 13:47:42,793:WARNING:/Users/xiaowang/Documents/Github/DataMind/backend/.venv/lib/python3.11/site-packages/sklearn/metrics/_classification.py:1561: UserWarning: Note that pos_label (set to 'Y') is ignored when average != 'binary' (got 'weighted'). You may use labels=[pos_label] to specify a single positive class.
  warnings.warn(

2026-03-05 13:47:42,793:WARNING:/Users/xiaowang/Documents/Github/DataMind/backend/.venv/lib/python3.11/site-packages/sklearn/metrics/_classification.py:1561: UserWarning: Note that pos_label (set to 'Y') is ignored when average != 'binary' (got 'weighted'). You may use labels=[pos_label] to specify a single positive class.
  warnings.warn(

2026-03-05 13:47:42,793:WARNING:/Users/xiaowang/Documents/Github/DataMind/backend/.venv/lib/python3.11/site-packages/sklearn/metrics/_classification.py:1561: UserWarning: Note that pos_label (set to 'Y') is ignored when average != 'binary' (got 'weighted'). You may use labels=[pos_label] to specify a single positive class.
  warnings.warn(

2026-03-05 13:47:42,793:WARNING:/Users/xiaowang/Documents/Github/DataMind/backend/.venv/lib/python3.11/site-packages/sklearn/metrics/_classification.py:1561: UserWarning: Note that pos_label (set to 'Y') is ignored when average != 'binary' (got 'weighted'). You may use labels=[pos_label] to specify a single positive class.
  warnings.warn(

2026-03-05 13:47:42,793:WARNING:/Users/xiaowang/Documents/Github/DataMind/backend/.venv/lib/python3.11/site-packages/sklearn/metrics/_classification.py:1561: UserWarning: Note that pos_label (set to 'Y') is ignored when average != 'binary' (got 'weighted'). You may use labels=[pos_label] to specify a single positive class.
  warnings.warn(

2026-03-05 13:47:42,801:INFO:Calculating mean and std
2026-03-05 13:47:42,802:INFO:Creating metrics dataframe
2026-03-05 13:47:42,803:INFO:Uploading results into container
2026-03-05 13:47:42,803:INFO:Uploading model into container now
2026-03-05 13:47:42,804:INFO:_master_model_container: 1
2026-03-05 13:47:42,804:INFO:_display_container: 2
2026-03-05 13:47:42,804:INFO:LogisticRegression(C=1.0, class_weight=None, dual=False, fit_intercept=True,
                   intercept_scaling=1, l1_ratio=None, max_iter=1000,
                   multi_class='auto', n_jobs=None, penalty='l2',
                   random_state=42, solver='lbfgs', tol=0.0001, verbose=0,
                   warm_start=False)
2026-03-05 13:47:42,804:INFO:create_model() successfully completed......................................
2026-03-05 13:47:42,876:INFO:SubProcess create_model() end ==================================
2026-03-05 13:47:42,876:INFO:Creating metrics dataframe
2026-03-05 13:47:42,877:INFO:Initializing K Neighbors Classifier
2026-03-05 13:47:42,877:INFO:Total runtime is 0.038494066397349036 minutes
2026-03-05 13:47:42,877:INFO:SubProcess create_model() called ==================================
2026-03-05 13:47:42,877:INFO:Initializing create_model()
2026-03-05 13:47:42,877:INFO:create_model(self=<pycaret.classification.oop.ClassificationExperiment object at 0x160c18fd0>, estimator=knn, fold=StratifiedKFold(n_splits=5, random_state=None, shuffle=False), round=4, cross_validation=True, predict=True, fit_kwargs={}, groups=None, refit=False, probability_threshold=None, experiment_custom_tags=None, verbose=False, system=False, add_to_model_list=True, metrics=None, display=<pycaret.internal.display.display.CommonDisplay object at 0x160db3790>, model_only=True, return_train_score=False, error_score=0.0, kwargs={})
2026-03-05 13:47:42,877:INFO:Checking exceptions
2026-03-05 13:47:42,877:INFO:Importing libraries
2026-03-05 13:47:42,877:INFO:Copying training dataset
2026-03-05 13:47:42,879:INFO:Defining folds
2026-03-05 13:47:42,879:INFO:Declaring metric variables
2026-03-05 13:47:42,879:INFO:Importing untrained model
2026-03-05 13:47:42,879:INFO:K Neighbors Classifier Imported successfully
2026-03-05 13:47:42,879:INFO:Starting cross validation
2026-03-05 13:47:42,880:INFO:Cross validating with StratifiedKFold(n_splits=5, random_state=None, shuffle=False), n_jobs=-1
2026-03-05 13:47:42,969:WARNING:/Users/xiaowang/Documents/Github/DataMind/backend/.venv/lib/python3.11/site-packages/sklearn/metrics/_classification.py:1561: UserWarning: Note that pos_label (set to 'Y') is ignored when average != 'binary' (got 'weighted'). You may use labels=[pos_label] to specify a single positive class.
  warnings.warn(

2026-03-05 13:47:42,970:WARNING:/Users/xiaowang/Documents/Github/DataMind/backend/.venv/lib/python3.11/site-packages/sklearn/metrics/_classification.py:1561: UserWarning: Note that pos_label (set to 'Y') is ignored when average != 'binary' (got 'weighted'). You may use labels=[pos_label] to specify a single positive class.
  warnings.warn(

2026-03-05 13:47:42,970:WARNING:/Users/xiaowang/Documents/Github/DataMind/backend/.venv/lib/python3.11/site-packages/sklearn/metrics/_classification.py:1561: UserWarning: Note that pos_label (set to 'Y') is ignored when average != 'binary' (got 'weighted'). You may use labels=[pos_label] to specify a single positive class.
  warnings.warn(

2026-03-05 13:47:42,970:WARNING:/Users/xiaowang/Documents/Github/DataMind/backend/.venv/lib/python3.11/site-packages/sklearn/metrics/_classification.py:1561: UserWarning: Note that pos_label (set to 'Y') is ignored when average != 'binary' (got 'weighted'). You may use labels=[pos_label] to specify a single positive class.
  warnings.warn(

2026-03-05 13:47:42,971:WARNING:/Users/xiaowang/Documents/Github/DataMind/backend/.venv/lib/python3.11/site-packages/sklearn/metrics/_classification.py:1561: UserWarning: Note that pos_label (set to 'Y') is ignored when average != 'binary' (got 'weighted'). You may use labels=[pos_label] to specify a single positive class.
  warnings.warn(

2026-03-05 13:47:42,971:WARNING:/Users/xiaowang/Documents/Github/DataMind/backend/.venv/lib/python3.11/site-packages/sklearn/metrics/_classification.py:1561: UserWarning: Note that pos_label (set to 'Y') is ignored when average != 'binary' (got 'weighted'). You may use labels=[pos_label] to specify a single positive class.
  warnings.warn(

2026-03-05 13:47:42,974:WARNING:/Users/xiaowang/Documents/Github/DataMind/backend/.venv/lib/python3.11/site-packages/sklearn/metrics/_classification.py:1561: UserWarning: Note that pos_label (set to 'Y') is ignored when average != 'binary' (got 'weighted'). You may use labels=[pos_label] to specify a single positive class.
  warnings.warn(

2026-03-05 13:47:42,975:WARNING:/Users/xiaowang/Documents/Github/DataMind/backend/.venv/lib/python3.11/site-packages/sklearn/metrics/_classification.py:1561: UserWarning: Note that pos_label (set to 'Y') is ignored when average != 'binary' (got 'weighted'). You may use labels=[pos_label] to specify a single positive class.
  warnings.warn(

2026-03-05 13:47:42,976:WARNING:/Users/xiaowang/Documents/Github/DataMind/backend/.venv/lib/python3.11/site-packages/sklearn/metrics/_classification.py:1561: UserWarning: Note that pos_label (set to 'Y') is ignored when average != 'binary' (got 'weighted'). You may use labels=[pos_label] to specify a single positive class.
  warnings.warn(

2026-03-05 13:47:43,681:WARNING:/Users/xiaowang/Documents/Github/DataMind/backend/.venv/lib/python3.11/site-packages/_distutils_hack/__init__.py:30: UserWarning: Setuptools is replacing distutils. Support for replacing an already imported distutils is deprecated. In the future, this condition will fail. Register concerns at https://github.com/pypa/setuptools/issues/new?template=distutils-deprecation.yml
  warnings.warn(

2026-03-05 13:47:43,681:WARNING:/Users/xiaowang/Documents/Github/DataMind/backend/.venv/lib/python3.11/site-packages/_distutils_hack/__init__.py:30: UserWarning: Setuptools is replacing distutils. Support for replacing an already imported distutils is deprecated. In the future, this condition will fail. Register concerns at https://github.com/pypa/setuptools/issues/new?template=distutils-deprecation.yml
  warnings.warn(

2026-03-05 13:47:43,773:WARNING:/Users/xiaowang/Documents/Github/DataMind/backend/.venv/lib/python3.11/site-packages/sklearn/metrics/_classification.py:1561: UserWarning: Note that pos_label (set to 'Y') is ignored when average != 'binary' (got 'weighted'). You may use labels=[pos_label] to specify a single positive class.
  warnings.warn(

2026-03-05 13:47:43,773:WARNING:/Users/xiaowang/Documents/Github/DataMind/backend/.venv/lib/python3.11/site-packages/sklearn/metrics/_classification.py:1561: UserWarning: Note that pos_label (set to 'Y') is ignored when average != 'binary' (got 'weighted'). You may use labels=[pos_label] to specify a single positive class.
  warnings.warn(

2026-03-05 13:47:43,774:WARNING:/Users/xiaowang/Documents/Github/DataMind/backend/.venv/lib/python3.11/site-packages/sklearn/metrics/_classification.py:1561: UserWarning: Note that pos_label (set to 'Y') is ignored when average != 'binary' (got 'weighted'). You may use labels=[pos_label] to specify a single positive class.
  warnings.warn(

2026-03-05 13:47:43,774:WARNING:/Users/xiaowang/Documents/Github/DataMind/backend/.venv/lib/python3.11/site-packages/sklearn/metrics/_classification.py:1561: UserWarning: Note that pos_label (set to 'Y') is ignored when average != 'binary' (got 'weighted'). You may use labels=[pos_label] to specify a single positive class.
  warnings.warn(

2026-03-05 13:47:43,775:WARNING:/Users/xiaowang/Documents/Github/DataMind/backend/.venv/lib/python3.11/site-packages/sklearn/metrics/_classification.py:1561: UserWarning: Note that pos_label (set to 'Y') is ignored when average != 'binary' (got 'weighted'). You may use labels=[pos_label] to specify a single positive class.
  warnings.warn(

2026-03-05 13:47:43,775:WARNING:/Users/xiaowang/Documents/Github/DataMind/backend/.venv/lib/python3.11/site-packages/sklearn/metrics/_classification.py:1561: UserWarning: Note that pos_label (set to 'Y') is ignored when average != 'binary' (got 'weighted'). You may use labels=[pos_label] to specify a single positive class.
  warnings.warn(

2026-03-05 13:47:43,785:INFO:Calculating mean and std
2026-03-05 13:47:43,785:INFO:Creating metrics dataframe
2026-03-05 13:47:43,786:INFO:Uploading results into container
2026-03-05 13:47:43,786:INFO:Uploading model into container now
2026-03-05 13:47:43,786:INFO:_master_model_container: 2
2026-03-05 13:47:43,786:INFO:_display_container: 2
2026-03-05 13:47:43,786:INFO:KNeighborsClassifier(algorithm='auto', leaf_size=30, metric='minkowski',
                     metric_params=None, n_jobs=-1, n_neighbors=5, p=2,
                     weights='uniform')
2026-03-05 13:47:43,786:INFO:create_model() successfully completed......................................
2026-03-05 13:47:43,840:INFO:SubProcess create_model() end ==================================
2026-03-05 13:47:43,840:INFO:Creating metrics dataframe
2026-03-05 13:47:43,841:INFO:Initializing Naive Bayes
2026-03-05 13:47:43,841:INFO:Total runtime is 0.05455923080444336 minutes
2026-03-05 13:47:43,841:INFO:SubProcess create_model() called ==================================
2026-03-05 13:47:43,841:INFO:Initializing create_model()
2026-03-05 13:47:43,841:INFO:create_model(self=<pycaret.classification.oop.ClassificationExperiment object at 0x160c18fd0>, estimator=nb, fold=StratifiedKFold(n_splits=5, random_state=None, shuffle=False), round=4, cross_validation=True, predict=True, fit_kwargs={}, groups=None, refit=False, probability_threshold=None, experiment_custom_tags=None, verbose=False, system=False, add_to_model_list=True, metrics=None, display=<pycaret.internal.display.display.CommonDisplay object at 0x160db3790>, model_only=True, return_train_score=False, error_score=0.0, kwargs={})
2026-03-05 13:47:43,841:INFO:Checking exceptions
2026-03-05 13:47:43,841:INFO:Importing libraries
2026-03-05 13:47:43,841:INFO:Copying training dataset
2026-03-05 13:47:43,842:INFO:Defining folds
2026-03-05 13:47:43,842:INFO:Declaring metric variables
2026-03-05 13:47:43,842:INFO:Importing untrained model
2026-03-05 13:47:43,842:INFO:Naive Bayes Imported successfully
2026-03-05 13:47:43,843:INFO:Starting cross validation
2026-03-05 13:47:43,843:INFO:Cross validating with StratifiedKFold(n_splits=5, random_state=None, shuffle=False), n_jobs=-1
2026-03-05 13:47:43,930:WARNING:/Users/xiaowang/Documents/Github/DataMind/backend/.venv/lib/python3.11/site-packages/sklearn/metrics/_classification.py:1561: UserWarning: Note that pos_label (set to 'Y') is ignored when average != 'binary' (got 'weighted'). You may use labels=[pos_label] to specify a single positive class.
  warnings.warn(

2026-03-05 13:47:43,931:WARNING:/Users/xiaowang/Documents/Github/DataMind/backend/.venv/lib/python3.11/site-packages/sklearn/metrics/_classification.py:1561: UserWarning: Note that pos_label (set to 'Y') is ignored when average != 'binary' (got 'weighted'). You may use labels=[pos_label] to specify a single positive class.
  warnings.warn(

2026-03-05 13:47:43,932:WARNING:/Users/xiaowang/Documents/Github/DataMind/backend/.venv/lib/python3.11/site-packages/sklearn/metrics/_classification.py:1561: UserWarning: Note that pos_label (set to 'Y') is ignored when average != 'binary' (got 'weighted'). You may use labels=[pos_label] to specify a single positive class.
  warnings.warn(

2026-03-05 13:47:43,932:WARNING:/Users/xiaowang/Documents/Github/DataMind/backend/.venv/lib/python3.11/site-packages/sklearn/metrics/_classification.py:1561: UserWarning: Note that pos_label (set to 'Y') is ignored when average != 'binary' (got 'weighted'). You may use labels=[pos_label] to specify a single positive class.
  warnings.warn(

2026-03-05 13:47:43,933:WARNING:/Users/xiaowang/Documents/Github/DataMind/backend/.venv/lib/python3.11/site-packages/sklearn/metrics/_classification.py:1561: UserWarning: Note that pos_label (set to 'Y') is ignored when average != 'binary' (got 'weighted'). You may use labels=[pos_label] to specify a single positive class.
  warnings.warn(

2026-03-05 13:47:43,933:WARNING:/Users/xiaowang/Documents/Github/DataMind/backend/.venv/lib/python3.11/site-packages/sklearn/metrics/_classification.py:1561: UserWarning: Note that pos_label (set to 'Y') is ignored when average != 'binary' (got 'weighted'). You may use labels=[pos_label] to specify a single positive class.
  warnings.warn(

2026-03-05 13:47:43,934:WARNING:/Users/xiaowang/Documents/Github/DataMind/backend/.venv/lib/python3.11/site-packages/sklearn/metrics/_classification.py:1561: UserWarning: Note that pos_label (set to 'Y') is ignored when average != 'binary' (got 'weighted'). You may use labels=[pos_label] to specify a single positive class.
  warnings.warn(

2026-03-05 13:47:43,934:WARNING:/Users/xiaowang/Documents/Github/DataMind/backend/.venv/lib/python3.11/site-packages/sklearn/metrics/_classification.py:1561: UserWarning: Note that pos_label (set to 'Y') is ignored when average != 'binary' (got 'weighted'). You may use labels=[pos_label] to specify a single positive class.
  warnings.warn(

2026-03-05 13:47:43,935:WARNING:/Users/xiaowang/Documents/Github/DataMind/backend/.venv/lib/python3.11/site-packages/sklearn/metrics/_classification.py:1561: UserWarning: Note that pos_label (set to 'Y') is ignored when average != 'binary' (got 'weighted'). You may use labels=[pos_label] to specify a single positive class.
  warnings.warn(

2026-03-05 13:47:44,643:WARNING:/Users/xiaowang/Documents/Github/DataMind/backend/.venv/lib/python3.11/site-packages/_distutils_hack/__init__.py:30: UserWarning: Setuptools is replacing distutils. Support for replacing an already imported distutils is deprecated. In the future, this condition will fail. Register concerns at https://github.com/pypa/setuptools/issues/new?template=distutils-deprecation.yml
  warnings.warn(

2026-03-05 13:47:44,643:WARNING:/Users/xiaowang/Documents/Github/DataMind/backend/.venv/lib/python3.11/site-packages/_distutils_hack/__init__.py:30: UserWarning: Setuptools is replacing distutils. Support for replacing an already imported distutils is deprecated. In the future, this condition will fail. Register concerns at https://github.com/pypa/setuptools/issues/new?template=distutils-deprecation.yml
  warnings.warn(

2026-03-05 13:47:44,734:WARNING:/Users/xiaowang/Documents/Github/DataMind/backend/.venv/lib/python3.11/site-packages/sklearn/metrics/_classification.py:1561: UserWarning: Note that pos_label (set to 'Y') is ignored when average != 'binary' (got 'weighted'). You may use labels=[pos_label] to specify a single positive class.
  warnings.warn(

2026-03-05 13:47:44,734:WARNING:/Users/xiaowang/Documents/Github/DataMind/backend/.venv/lib/python3.11/site-packages/sklearn/metrics/_classification.py:1561: UserWarning: Note that pos_label (set to 'Y') is ignored when average != 'binary' (got 'weighted'). You may use labels=[pos_label] to specify a single positive class.
  warnings.warn(

2026-03-05 13:47:44,735:WARNING:/Users/xiaowang/Documents/Github/DataMind/backend/.venv/lib/python3.11/site-packages/sklearn/metrics/_classification.py:1561: UserWarning: Note that pos_label (set to 'Y') is ignored when average != 'binary' (got 'weighted'). You may use labels=[pos_label] to specify a single positive class.
  warnings.warn(

2026-03-05 13:47:44,735:WARNING:/Users/xiaowang/Documents/Github/DataMind/backend/.venv/lib/python3.11/site-packages/sklearn/metrics/_classification.py:1561: UserWarning: Note that pos_label (set to 'Y') is ignored when average != 'binary' (got 'weighted'). You may use labels=[pos_label] to specify a single positive class.
  warnings.warn(

2026-03-05 13:47:44,736:WARNING:/Users/xiaowang/Documents/Github/DataMind/backend/.venv/lib/python3.11/site-packages/sklearn/metrics/_classification.py:1561: UserWarning: Note that pos_label (set to 'Y') is ignored when average != 'binary' (got 'weighted'). You may use labels=[pos_label] to specify a single positive class.
  warnings.warn(

2026-03-05 13:47:44,736:WARNING:/Users/xiaowang/Documents/Github/DataMind/backend/.venv/lib/python3.11/site-packages/sklearn/metrics/_classification.py:1561: UserWarning: Note that pos_label (set to 'Y') is ignored when average != 'binary' (got 'weighted'). You may use labels=[pos_label] to specify a single positive class.
  warnings.warn(

2026-03-05 13:47:44,740:INFO:Calculating mean and std
2026-03-05 13:47:44,740:INFO:Creating metrics dataframe
2026-03-05 13:47:44,741:INFO:Uploading results into container
2026-03-05 13:47:44,741:INFO:Uploading model into container now
2026-03-05 13:47:44,741:INFO:_master_model_container: 3
2026-03-05 13:47:44,741:INFO:_display_container: 2
2026-03-05 13:47:44,741:INFO:GaussianNB(priors=None, var_smoothing=1e-09)
2026-03-05 13:47:44,741:INFO:create_model() successfully completed......................................
2026-03-05 13:47:44,797:INFO:SubProcess create_model() end ==================================
2026-03-05 13:47:44,797:INFO:Creating metrics dataframe
2026-03-05 13:47:44,798:INFO:Initializing Decision Tree Classifier
2026-03-05 13:47:44,798:INFO:Total runtime is 0.07051204840342204 minutes
2026-03-05 13:47:44,798:INFO:SubProcess create_model() called ==================================
2026-03-05 13:47:44,798:INFO:Initializing create_model()
2026-03-05 13:47:44,798:INFO:create_model(self=<pycaret.classification.oop.ClassificationExperiment object at 0x160c18fd0>, estimator=dt, fold=StratifiedKFold(n_splits=5, random_state=None, shuffle=False), round=4, cross_validation=True, predict=True, fit_kwargs={}, groups=None, refit=False, probability_threshold=None, experiment_custom_tags=None, verbose=False, system=False, add_to_model_list=True, metrics=None, display=<pycaret.internal.display.display.CommonDisplay object at 0x160db3790>, model_only=True, return_train_score=False, error_score=0.0, kwargs={})
2026-03-05 13:47:44,798:INFO:Checking exceptions
2026-03-05 13:47:44,798:INFO:Importing libraries
2026-03-05 13:47:44,798:INFO:Copying training dataset
2026-03-05 13:47:44,800:INFO:Defining folds
2026-03-05 13:47:44,800:INFO:Declaring metric variables
2026-03-05 13:47:44,800:INFO:Importing untrained model
2026-03-05 13:47:44,800:INFO:Decision Tree Classifier Imported successfully
2026-03-05 13:47:44,800:INFO:Starting cross validation
2026-03-05 13:47:44,800:INFO:Cross validating with StratifiedKFold(n_splits=5, random_state=None, shuffle=False), n_jobs=-1
2026-03-05 13:47:44,900:WARNING:/Users/xiaowang/Documents/Github/DataMind/backend/.venv/lib/python3.11/site-packages/sklearn/metrics/_classification.py:1561: UserWarning: Note that pos_label (set to 'Y') is ignored when average != 'binary' (got 'weighted'). You may use labels=[pos_label] to specify a single positive class.
  warnings.warn(

2026-03-05 13:47:44,901:WARNING:/Users/xiaowang/Documents/Github/DataMind/backend/.venv/lib/python3.11/site-packages/sklearn/metrics/_classification.py:1561: UserWarning: Note that pos_label (set to 'Y') is ignored when average != 'binary' (got 'weighted'). You may use labels=[pos_label] to specify a single positive class.
  warnings.warn(

2026-03-05 13:47:44,902:WARNING:/Users/xiaowang/Documents/Github/DataMind/backend/.venv/lib/python3.11/site-packages/sklearn/metrics/_classification.py:1561: UserWarning: Note that pos_label (set to 'Y') is ignored when average != 'binary' (got 'weighted'). You may use labels=[pos_label] to specify a single positive class.
  warnings.warn(

2026-03-05 13:47:44,902:WARNING:/Users/xiaowang/Documents/Github/DataMind/backend/.venv/lib/python3.11/site-packages/sklearn/metrics/_classification.py:1561: UserWarning: Note that pos_label (set to 'Y') is ignored when average != 'binary' (got 'weighted'). You may use labels=[pos_label] to specify a single positive class.
  warnings.warn(

2026-03-05 13:47:44,902:WARNING:/Users/xiaowang/Documents/Github/DataMind/backend/.venv/lib/python3.11/site-packages/sklearn/metrics/_classification.py:1561: UserWarning: Note that pos_label (set to 'Y') is ignored when average != 'binary' (got 'weighted'). You may use labels=[pos_label] to specify a single positive class.
  warnings.warn(

2026-03-05 13:47:44,903:WARNING:/Users/xiaowang/Documents/Github/DataMind/backend/.venv/lib/python3.11/site-packages/sklearn/metrics/_classification.py:1561: UserWarning: Note that pos_label (set to 'Y') is ignored when average != 'binary' (got 'weighted'). You may use labels=[pos_label] to specify a single positive class.
  warnings.warn(

2026-03-05 13:47:44,903:WARNING:/Users/xiaowang/Documents/Github/DataMind/backend/.venv/lib/python3.11/site-packages/sklearn/metrics/_classification.py:1561: UserWarning: Note that pos_label (set to 'Y') is ignored when average != 'binary' (got 'weighted'). You may use labels=[pos_label] to specify a single positive class.
  warnings.warn(

2026-03-05 13:47:44,904:WARNING:/Users/xiaowang/Documents/Github/DataMind/backend/.venv/lib/python3.11/site-packages/sklearn/metrics/_classification.py:1561: UserWarning: Note that pos_label (set to 'Y') is ignored when average != 'binary' (got 'weighted'). You may use labels=[pos_label] to specify a single positive class.
  warnings.warn(

2026-03-05 13:47:44,904:WARNING:/Users/xiaowang/Documents/Github/DataMind/backend/.venv/lib/python3.11/site-packages/sklearn/metrics/_classification.py:1561: UserWarning: Note that pos_label (set to 'Y') is ignored when average != 'binary' (got 'weighted'). You may use labels=[pos_label] to specify a single positive class.
  warnings.warn(

2026-03-05 13:47:45,629:WARNING:/Users/xiaowang/Documents/Github/DataMind/backend/.venv/lib/python3.11/site-packages/_distutils_hack/__init__.py:30: UserWarning: Setuptools is replacing distutils. Support for replacing an already imported distutils is deprecated. In the future, this condition will fail. Register concerns at https://github.com/pypa/setuptools/issues/new?template=distutils-deprecation.yml
  warnings.warn(

2026-03-05 13:47:45,629:WARNING:/Users/xiaowang/Documents/Github/DataMind/backend/.venv/lib/python3.11/site-packages/_distutils_hack/__init__.py:30: UserWarning: Setuptools is replacing distutils. Support for replacing an already imported distutils is deprecated. In the future, this condition will fail. Register concerns at https://github.com/pypa/setuptools/issues/new?template=distutils-deprecation.yml
  warnings.warn(

2026-03-05 13:47:45,721:WARNING:/Users/xiaowang/Documents/Github/DataMind/backend/.venv/lib/python3.11/site-packages/sklearn/metrics/_classification.py:1561: UserWarning: Note that pos_label (set to 'Y') is ignored when average != 'binary' (got 'weighted'). You may use labels=[pos_label] to specify a single positive class.
  warnings.warn(

2026-03-05 13:47:45,721:WARNING:/Users/xiaowang/Documents/Github/DataMind/backend/.venv/lib/python3.11/site-packages/sklearn/metrics/_classification.py:1561: UserWarning: Note that pos_label (set to 'Y') is ignored when average != 'binary' (got 'weighted'). You may use labels=[pos_label] to specify a single positive class.
  warnings.warn(

2026-03-05 13:47:45,722:WARNING:/Users/xiaowang/Documents/Github/DataMind/backend/.venv/lib/python3.11/site-packages/sklearn/metrics/_classification.py:1561: UserWarning: Note that pos_label (set to 'Y') is ignored when average != 'binary' (got 'weighted'). You may use labels=[pos_label] to specify a single positive class.
  warnings.warn(

2026-03-05 13:47:45,722:WARNING:/Users/xiaowang/Documents/Github/DataMind/backend/.venv/lib/python3.11/site-packages/sklearn/metrics/_classification.py:1561: UserWarning: Note that pos_label (set to 'Y') is ignored when average != 'binary' (got 'weighted'). You may use labels=[pos_label] to specify a single positive class.
  warnings.warn(

2026-03-05 13:47:45,723:WARNING:/Users/xiaowang/Documents/Github/DataMind/backend/.venv/lib/python3.11/site-packages/sklearn/metrics/_classification.py:1561: UserWarning: Note that pos_label (set to 'Y') is ignored when average != 'binary' (got 'weighted'). You may use labels=[pos_label] to specify a single positive class.
  warnings.warn(

2026-03-05 13:47:45,723:WARNING:/Users/xiaowang/Documents/Github/DataMind/backend/.venv/lib/python3.11/site-packages/sklearn/metrics/_classification.py:1561: UserWarning: Note that pos_label (set to 'Y') is ignored when average != 'binary' (got 'weighted'). You may use labels=[pos_label] to specify a single positive class.
  warnings.warn(

2026-03-05 13:47:45,733:INFO:Calculating mean and std
2026-03-05 13:47:45,734:INFO:Creating metrics dataframe
2026-03-05 13:47:45,734:INFO:Uploading results into container
2026-03-05 13:47:45,735:INFO:Uploading model into container now
2026-03-05 13:47:45,735:INFO:_master_model_container: 4
2026-03-05 13:47:45,735:INFO:_display_container: 2
2026-03-05 13:47:45,735:INFO:DecisionTreeClassifier(ccp_alpha=0.0, class_weight=None, criterion='gini',
                       max_depth=None, max_features=None, max_leaf_nodes=None,
                       min_impurity_decrease=0.0, min_samples_leaf=1,
                       min_samples_split=2, min_weight_fraction_leaf=0.0,
                       monotonic_cst=None, random_state=42, splitter='best')
2026-03-05 13:47:45,735:INFO:create_model() successfully completed......................................
2026-03-05 13:47:45,790:INFO:SubProcess create_model() end ==================================
2026-03-05 13:47:45,790:INFO:Creating metrics dataframe
2026-03-05 13:47:45,791:INFO:Initializing SVM - Linear Kernel
2026-03-05 13:47:45,791:INFO:Total runtime is 0.08707145055135092 minutes
2026-03-05 13:47:45,791:INFO:SubProcess create_model() called ==================================
2026-03-05 13:47:45,791:INFO:Initializing create_model()
2026-03-05 13:47:45,791:INFO:create_model(self=<pycaret.classification.oop.ClassificationExperiment object at 0x160c18fd0>, estimator=svm, fold=StratifiedKFold(n_splits=5, random_state=None, shuffle=False), round=4, cross_validation=True, predict=True, fit_kwargs={}, groups=None, refit=False, probability_threshold=None, experiment_custom_tags=None, verbose=False, system=False, add_to_model_list=True, metrics=None, display=<pycaret.internal.display.display.CommonDisplay object at 0x160db3790>, model_only=True, return_train_score=False, error_score=0.0, kwargs={})
2026-03-05 13:47:45,791:INFO:Checking exceptions
2026-03-05 13:47:45,791:INFO:Importing libraries
2026-03-05 13:47:45,791:INFO:Copying training dataset
2026-03-05 13:47:45,793:INFO:Defining folds
2026-03-05 13:47:45,793:INFO:Declaring metric variables
2026-03-05 13:47:45,793:INFO:Importing untrained model
2026-03-05 13:47:45,793:INFO:SVM - Linear Kernel Imported successfully
2026-03-05 13:47:45,793:INFO:Starting cross validation
2026-03-05 13:47:45,794:INFO:Cross validating with StratifiedKFold(n_splits=5, random_state=None, shuffle=False), n_jobs=-1
2026-03-05 13:47:45,880:WARNING:/Users/xiaowang/Documents/Github/DataMind/backend/.venv/lib/python3.11/site-packages/sklearn/metrics/_classification.py:1561: UserWarning: Note that pos_label (set to 'Y') is ignored when average != 'binary' (got 'weighted'). You may use labels=[pos_label] to specify a single positive class.
  warnings.warn(

2026-03-05 13:47:45,881:WARNING:/Users/xiaowang/Documents/Github/DataMind/backend/.venv/lib/python3.11/site-packages/sklearn/metrics/_classification.py:1561: UserWarning: Note that pos_label (set to 'Y') is ignored when average != 'binary' (got 'weighted'). You may use labels=[pos_label] to specify a single positive class.
  warnings.warn(

2026-03-05 13:47:45,881:WARNING:/Users/xiaowang/Documents/Github/DataMind/backend/.venv/lib/python3.11/site-packages/sklearn/metrics/_classification.py:1561: UserWarning: Note that pos_label (set to 'Y') is ignored when average != 'binary' (got 'weighted'). You may use labels=[pos_label] to specify a single positive class.
  warnings.warn(

2026-03-05 13:47:45,882:WARNING:/Users/xiaowang/Documents/Github/DataMind/backend/.venv/lib/python3.11/site-packages/sklearn/metrics/_classification.py:1561: UserWarning: Note that pos_label (set to 'Y') is ignored when average != 'binary' (got 'weighted'). You may use labels=[pos_label] to specify a single positive class.
  warnings.warn(

2026-03-05 13:47:45,882:WARNING:/Users/xiaowang/Documents/Github/DataMind/backend/.venv/lib/python3.11/site-packages/sklearn/metrics/_classification.py:1561: UserWarning: Note that pos_label (set to 'Y') is ignored when average != 'binary' (got 'weighted'). You may use labels=[pos_label] to specify a single positive class.
  warnings.warn(

2026-03-05 13:47:45,883:WARNING:/Users/xiaowang/Documents/Github/DataMind/backend/.venv/lib/python3.11/site-packages/sklearn/metrics/_classification.py:1561: UserWarning: Note that pos_label (set to 'Y') is ignored when average != 'binary' (got 'weighted'). You may use labels=[pos_label] to specify a single positive class.
  warnings.warn(

2026-03-05 13:47:45,884:WARNING:/Users/xiaowang/Documents/Github/DataMind/backend/.venv/lib/python3.11/site-packages/sklearn/metrics/_classification.py:1561: UserWarning: Note that pos_label (set to 'Y') is ignored when average != 'binary' (got 'weighted'). You may use labels=[pos_label] to specify a single positive class.
  warnings.warn(

2026-03-05 13:47:45,885:WARNING:/Users/xiaowang/Documents/Github/DataMind/backend/.venv/lib/python3.11/site-packages/sklearn/metrics/_classification.py:1561: UserWarning: Note that pos_label (set to 'Y') is ignored when average != 'binary' (got 'weighted'). You may use labels=[pos_label] to specify a single positive class.
  warnings.warn(

2026-03-05 13:47:45,886:WARNING:/Users/xiaowang/Documents/Github/DataMind/backend/.venv/lib/python3.11/site-packages/sklearn/metrics/_classification.py:1561: UserWarning: Note that pos_label (set to 'Y') is ignored when average != 'binary' (got 'weighted'). You may use labels=[pos_label] to specify a single positive class.
  warnings.warn(

2026-03-05 13:47:45,896:WARNING:/Users/xiaowang/Documents/Github/DataMind/backend/.venv/lib/python3.11/site-packages/sklearn/metrics/_classification.py:1561: UserWarning: Note that pos_label (set to 'Y') is ignored when average != 'binary' (got 'weighted'). You may use labels=[pos_label] to specify a single positive class.
  warnings.warn(

2026-03-05 13:47:45,897:WARNING:/Users/xiaowang/Documents/Github/DataMind/backend/.venv/lib/python3.11/site-packages/sklearn/metrics/_classification.py:1561: UserWarning: Note that pos_label (set to 'Y') is ignored when average != 'binary' (got 'weighted'). You may use labels=[pos_label] to specify a single positive class.
  warnings.warn(

2026-03-05 13:47:45,897:WARNING:/Users/xiaowang/Documents/Github/DataMind/backend/.venv/lib/python3.11/site-packages/sklearn/metrics/_classification.py:1561: UserWarning: Note that pos_label (set to 'Y') is ignored when average != 'binary' (got 'weighted'). You may use labels=[pos_label] to specify a single positive class.
  warnings.warn(

2026-03-05 13:47:45,900:WARNING:/Users/xiaowang/Documents/Github/DataMind/backend/.venv/lib/python3.11/site-packages/sklearn/metrics/_classification.py:1561: UserWarning: Note that pos_label (set to 'Y') is ignored when average != 'binary' (got 'weighted'). You may use labels=[pos_label] to specify a single positive class.
  warnings.warn(

2026-03-05 13:47:45,901:WARNING:/Users/xiaowang/Documents/Github/DataMind/backend/.venv/lib/python3.11/site-packages/sklearn/metrics/_classification.py:1561: UserWarning: Note that pos_label (set to 'Y') is ignored when average != 'binary' (got 'weighted'). You may use labels=[pos_label] to specify a single positive class.
  warnings.warn(

2026-03-05 13:47:45,902:WARNING:/Users/xiaowang/Documents/Github/DataMind/backend/.venv/lib/python3.11/site-packages/sklearn/metrics/_classification.py:1561: UserWarning: Note that pos_label (set to 'Y') is ignored when average != 'binary' (got 'weighted'). You may use labels=[pos_label] to specify a single positive class.
  warnings.warn(

2026-03-05 13:47:45,909:INFO:Calculating mean and std
2026-03-05 13:47:45,909:INFO:Creating metrics dataframe
2026-03-05 13:47:45,910:INFO:Uploading results into container
2026-03-05 13:47:45,910:INFO:Uploading model into container now
2026-03-05 13:47:45,910:INFO:_master_model_container: 5
2026-03-05 13:47:45,910:INFO:_display_container: 2
2026-03-05 13:47:45,910:INFO:SGDClassifier(alpha=0.0001, average=False, class_weight=None,
              early_stopping=False, epsilon=0.1, eta0=0.001, fit_intercept=True,
              l1_ratio=0.15, learning_rate='optimal', loss='hinge',
              max_iter=1000, n_iter_no_change=5, n_jobs=-1, penalty='l2',
              power_t=0.5, random_state=42, shuffle=True, tol=0.001,
              validation_fraction=0.1, verbose=0, warm_start=False)
2026-03-05 13:47:45,910:INFO:create_model() successfully completed......................................
2026-03-05 13:47:45,968:INFO:SubProcess create_model() end ==================================
2026-03-05 13:47:45,968:INFO:Creating metrics dataframe
2026-03-05 13:47:45,969:INFO:Initializing Ridge Classifier
2026-03-05 13:47:45,969:INFO:Total runtime is 0.09003656307856242 minutes
2026-03-05 13:47:45,969:INFO:SubProcess create_model() called ==================================
2026-03-05 13:47:45,969:INFO:Initializing create_model()
2026-03-05 13:47:45,969:INFO:create_model(self=<pycaret.classification.oop.ClassificationExperiment object at 0x160c18fd0>, estimator=ridge, fold=StratifiedKFold(n_splits=5, random_state=None, shuffle=False), round=4, cross_validation=True, predict=True, fit_kwargs={}, groups=None, refit=False, probability_threshold=None, experiment_custom_tags=None, verbose=False, system=False, add_to_model_list=True, metrics=None, display=<pycaret.internal.display.display.CommonDisplay object at 0x160db3790>, model_only=True, return_train_score=False, error_score=0.0, kwargs={})
2026-03-05 13:47:45,969:INFO:Checking exceptions
2026-03-05 13:47:45,969:INFO:Importing libraries
2026-03-05 13:47:45,969:INFO:Copying training dataset
2026-03-05 13:47:45,971:INFO:Defining folds
2026-03-05 13:47:45,971:INFO:Declaring metric variables
2026-03-05 13:47:45,971:INFO:Importing untrained model
2026-03-05 13:47:45,972:INFO:Ridge Classifier Imported successfully
2026-03-05 13:47:45,972:INFO:Starting cross validation
2026-03-05 13:47:45,972:INFO:Cross validating with StratifiedKFold(n_splits=5, random_state=None, shuffle=False), n_jobs=-1
2026-03-05 13:47:46,058:WARNING:/Users/xiaowang/Documents/Github/DataMind/backend/.venv/lib/python3.11/site-packages/sklearn/metrics/_classification.py:1561: UserWarning: Note that pos_label (set to 'Y') is ignored when average != 'binary' (got 'weighted'). You may use labels=[pos_label] to specify a single positive class.
  warnings.warn(

2026-03-05 13:47:46,059:WARNING:/Users/xiaowang/Documents/Github/DataMind/backend/.venv/lib/python3.11/site-packages/sklearn/metrics/_classification.py:1561: UserWarning: Note that pos_label (set to 'Y') is ignored when average != 'binary' (got 'weighted'). You may use labels=[pos_label] to specify a single positive class.
  warnings.warn(

2026-03-05 13:47:46,060:WARNING:/Users/xiaowang/Documents/Github/DataMind/backend/.venv/lib/python3.11/site-packages/sklearn/metrics/_classification.py:1561: UserWarning: Note that pos_label (set to 'Y') is ignored when average != 'binary' (got 'weighted'). You may use labels=[pos_label] to specify a single positive class.
  warnings.warn(

2026-03-05 13:47:46,061:WARNING:/Users/xiaowang/Documents/Github/DataMind/backend/.venv/lib/python3.11/site-packages/sklearn/metrics/_classification.py:1561: UserWarning: Note that pos_label (set to 'Y') is ignored when average != 'binary' (got 'weighted'). You may use labels=[pos_label] to specify a single positive class.
  warnings.warn(

2026-03-05 13:47:46,062:WARNING:/Users/xiaowang/Documents/Github/DataMind/backend/.venv/lib/python3.11/site-packages/sklearn/metrics/_classification.py:1561: UserWarning: Note that pos_label (set to 'Y') is ignored when average != 'binary' (got 'weighted'). You may use labels=[pos_label] to specify a single positive class.
  warnings.warn(

2026-03-05 13:47:46,063:WARNING:/Users/xiaowang/Documents/Github/DataMind/backend/.venv/lib/python3.11/site-packages/sklearn/metrics/_classification.py:1561: UserWarning: Note that pos_label (set to 'Y') is ignored when average != 'binary' (got 'weighted'). You may use labels=[pos_label] to specify a single positive class.
  warnings.warn(

2026-03-05 13:47:46,064:WARNING:/Users/xiaowang/Documents/Github/DataMind/backend/.venv/lib/python3.11/site-packages/sklearn/metrics/_classification.py:1561: UserWarning: Note that pos_label (set to 'Y') is ignored when average != 'binary' (got 'weighted'). You may use labels=[pos_label] to specify a single positive class.
  warnings.warn(

2026-03-05 13:47:46,065:WARNING:/Users/xiaowang/Documents/Github/DataMind/backend/.venv/lib/python3.11/site-packages/sklearn/metrics/_classification.py:1561: UserWarning: Note that pos_label (set to 'Y') is ignored when average != 'binary' (got 'weighted'). You may use labels=[pos_label] to specify a single positive class.
  warnings.warn(

2026-03-05 13:47:46,065:WARNING:/Users/xiaowang/Documents/Github/DataMind/backend/.venv/lib/python3.11/site-packages/sklearn/metrics/_classification.py:1561: UserWarning: Note that pos_label (set to 'Y') is ignored when average != 'binary' (got 'weighted'). You may use labels=[pos_label] to specify a single positive class.
  warnings.warn(

2026-03-05 13:47:46,066:WARNING:/Users/xiaowang/Documents/Github/DataMind/backend/.venv/lib/python3.11/site-packages/sklearn/metrics/_classification.py:1561: UserWarning: Note that pos_label (set to 'Y') is ignored when average != 'binary' (got 'weighted'). You may use labels=[pos_label] to specify a single positive class.
  warnings.warn(

2026-03-05 13:47:46,066:WARNING:/Users/xiaowang/Documents/Github/DataMind/backend/.venv/lib/python3.11/site-packages/sklearn/metrics/_classification.py:1561: UserWarning: Note that pos_label (set to 'Y') is ignored when average != 'binary' (got 'weighted'). You may use labels=[pos_label] to specify a single positive class.
  warnings.warn(

2026-03-05 13:47:46,067:WARNING:/Users/xiaowang/Documents/Github/DataMind/backend/.venv/lib/python3.11/site-packages/sklearn/metrics/_classification.py:1561: UserWarning: Note that pos_label (set to 'Y') is ignored when average != 'binary' (got 'weighted'). You may use labels=[pos_label] to specify a single positive class.
  warnings.warn(

2026-03-05 13:47:46,818:WARNING:/Users/xiaowang/Documents/Github/DataMind/backend/.venv/lib/python3.11/site-packages/_distutils_hack/__init__.py:30: UserWarning: Setuptools is replacing distutils. Support for replacing an already imported distutils is deprecated. In the future, this condition will fail. Register concerns at https://github.com/pypa/setuptools/issues/new?template=distutils-deprecation.yml
  warnings.warn(

2026-03-05 13:47:46,910:WARNING:/Users/xiaowang/Documents/Github/DataMind/backend/.venv/lib/python3.11/site-packages/sklearn/metrics/_classification.py:1561: UserWarning: Note that pos_label (set to 'Y') is ignored when average != 'binary' (got 'weighted'). You may use labels=[pos_label] to specify a single positive class.
  warnings.warn(

2026-03-05 13:47:46,911:WARNING:/Users/xiaowang/Documents/Github/DataMind/backend/.venv/lib/python3.11/site-packages/sklearn/metrics/_classification.py:1561: UserWarning: Note that pos_label (set to 'Y') is ignored when average != 'binary' (got 'weighted'). You may use labels=[pos_label] to specify a single positive class.
  warnings.warn(

2026-03-05 13:47:46,912:WARNING:/Users/xiaowang/Documents/Github/DataMind/backend/.venv/lib/python3.11/site-packages/sklearn/metrics/_classification.py:1561: UserWarning: Note that pos_label (set to 'Y') is ignored when average != 'binary' (got 'weighted'). You may use labels=[pos_label] to specify a single positive class.
  warnings.warn(

2026-03-05 13:47:46,918:INFO:Calculating mean and std
2026-03-05 13:47:46,918:INFO:Creating metrics dataframe
2026-03-05 13:47:46,919:INFO:Uploading results into container
2026-03-05 13:47:46,919:INFO:Uploading model into container now
2026-03-05 13:47:46,919:INFO:_master_model_container: 6
2026-03-05 13:47:46,919:INFO:_display_container: 2
2026-03-05 13:47:46,919:INFO:RidgeClassifier(alpha=1.0, class_weight=None, copy_X=True, fit_intercept=True,
                max_iter=None, positive=False, random_state=42, solver='auto',
                tol=0.0001)
2026-03-05 13:47:46,919:INFO:create_model() successfully completed......................................
2026-03-05 13:47:46,976:INFO:SubProcess create_model() end ==================================
2026-03-05 13:47:46,976:INFO:Creating metrics dataframe
2026-03-05 13:47:46,977:INFO:Initializing Random Forest Classifier
2026-03-05 13:47:46,977:INFO:Total runtime is 0.10683276653289794 minutes
2026-03-05 13:47:46,977:INFO:SubProcess create_model() called ==================================
2026-03-05 13:47:46,977:INFO:Initializing create_model()
2026-03-05 13:47:46,977:INFO:create_model(self=<pycaret.classification.oop.ClassificationExperiment object at 0x160c18fd0>, estimator=rf, fold=StratifiedKFold(n_splits=5, random_state=None, shuffle=False), round=4, cross_validation=True, predict=True, fit_kwargs={}, groups=None, refit=False, probability_threshold=None, experiment_custom_tags=None, verbose=False, system=False, add_to_model_list=True, metrics=None, display=<pycaret.internal.display.display.CommonDisplay object at 0x160db3790>, model_only=True, return_train_score=False, error_score=0.0, kwargs={})
2026-03-05 13:47:46,977:INFO:Checking exceptions
2026-03-05 13:47:46,977:INFO:Importing libraries
2026-03-05 13:47:46,977:INFO:Copying training dataset
2026-03-05 13:47:46,979:INFO:Defining folds
2026-03-05 13:47:46,979:INFO:Declaring metric variables
2026-03-05 13:47:46,979:INFO:Importing untrained model
2026-03-05 13:47:46,979:INFO:Random Forest Classifier Imported successfully
2026-03-05 13:47:46,979:INFO:Starting cross validation
2026-03-05 13:47:46,980:INFO:Cross validating with StratifiedKFold(n_splits=5, random_state=None, shuffle=False), n_jobs=-1
2026-03-05 13:47:47,187:WARNING:/Users/xiaowang/Documents/Github/DataMind/backend/.venv/lib/python3.11/site-packages/sklearn/metrics/_classification.py:1561: UserWarning: Note that pos_label (set to 'Y') is ignored when average != 'binary' (got 'weighted'). You may use labels=[pos_label] to specify a single positive class.
  warnings.warn(

2026-03-05 13:47:47,188:WARNING:/Users/xiaowang/Documents/Github/DataMind/backend/.venv/lib/python3.11/site-packages/sklearn/metrics/_classification.py:1561: UserWarning: Note that pos_label (set to 'Y') is ignored when average != 'binary' (got 'weighted'). You may use labels=[pos_label] to specify a single positive class.
  warnings.warn(

2026-03-05 13:47:47,188:WARNING:/Users/xiaowang/Documents/Github/DataMind/backend/.venv/lib/python3.11/site-packages/sklearn/metrics/_classification.py:1561: UserWarning: Note that pos_label (set to 'Y') is ignored when average != 'binary' (got 'weighted'). You may use labels=[pos_label] to specify a single positive class.
  warnings.warn(

2026-03-05 13:47:47,189:WARNING:/Users/xiaowang/Documents/Github/DataMind/backend/.venv/lib/python3.11/site-packages/sklearn/metrics/_classification.py:1561: UserWarning: Note that pos_label (set to 'Y') is ignored when average != 'binary' (got 'weighted'). You may use labels=[pos_label] to specify a single positive class.
  warnings.warn(

2026-03-05 13:47:47,190:WARNING:/Users/xiaowang/Documents/Github/DataMind/backend/.venv/lib/python3.11/site-packages/sklearn/metrics/_classification.py:1561: UserWarning: Note that pos_label (set to 'Y') is ignored when average != 'binary' (got 'weighted'). You may use labels=[pos_label] to specify a single positive class.
  warnings.warn(

2026-03-05 13:47:47,190:WARNING:/Users/xiaowang/Documents/Github/DataMind/backend/.venv/lib/python3.11/site-packages/sklearn/metrics/_classification.py:1561: UserWarning: Note that pos_label (set to 'Y') is ignored when average != 'binary' (got 'weighted'). You may use labels=[pos_label] to specify a single positive class.
  warnings.warn(

2026-03-05 13:47:47,193:WARNING:/Users/xiaowang/Documents/Github/DataMind/backend/.venv/lib/python3.11/site-packages/sklearn/metrics/_classification.py:1561: UserWarning: Note that pos_label (set to 'Y') is ignored when average != 'binary' (got 'weighted'). You may use labels=[pos_label] to specify a single positive class.
  warnings.warn(

2026-03-05 13:47:47,194:WARNING:/Users/xiaowang/Documents/Github/DataMind/backend/.venv/lib/python3.11/site-packages/sklearn/metrics/_classification.py:1561: UserWarning: Note that pos_label (set to 'Y') is ignored when average != 'binary' (got 'weighted'). You may use labels=[pos_label] to specify a single positive class.
  warnings.warn(

2026-03-05 13:47:47,194:WARNING:/Users/xiaowang/Documents/Github/DataMind/backend/.venv/lib/python3.11/site-packages/sklearn/metrics/_classification.py:1561: UserWarning: Note that pos_label (set to 'Y') is ignored when average != 'binary' (got 'weighted'). You may use labels=[pos_label] to specify a single positive class.
  warnings.warn(

2026-03-05 13:47:47,195:WARNING:/Users/xiaowang/Documents/Github/DataMind/backend/.venv/lib/python3.11/site-packages/sklearn/metrics/_classification.py:1561: UserWarning: Note that pos_label (set to 'Y') is ignored when average != 'binary' (got 'weighted'). You may use labels=[pos_label] to specify a single positive class.
  warnings.warn(

2026-03-05 13:47:47,195:WARNING:/Users/xiaowang/Documents/Github/DataMind/backend/.venv/lib/python3.11/site-packages/sklearn/metrics/_classification.py:1561: UserWarning: Note that pos_label (set to 'Y') is ignored when average != 'binary' (got 'weighted'). You may use labels=[pos_label] to specify a single positive class.
  warnings.warn(

2026-03-05 13:47:47,196:WARNING:/Users/xiaowang/Documents/Github/DataMind/backend/.venv/lib/python3.11/site-packages/sklearn/metrics/_classification.py:1561: UserWarning: Note that pos_label (set to 'Y') is ignored when average != 'binary' (got 'weighted'). You may use labels=[pos_label] to specify a single positive class.
  warnings.warn(

2026-03-05 13:47:47,197:WARNING:/Users/xiaowang/Documents/Github/DataMind/backend/.venv/lib/python3.11/site-packages/sklearn/metrics/_classification.py:1561: UserWarning: Note that pos_label (set to 'Y') is ignored when average != 'binary' (got 'weighted'). You may use labels=[pos_label] to specify a single positive class.
  warnings.warn(

2026-03-05 13:47:47,198:WARNING:/Users/xiaowang/Documents/Github/DataMind/backend/.venv/lib/python3.11/site-packages/sklearn/metrics/_classification.py:1561: UserWarning: Note that pos_label (set to 'Y') is ignored when average != 'binary' (got 'weighted'). You may use labels=[pos_label] to specify a single positive class.
  warnings.warn(

2026-03-05 13:47:47,199:WARNING:/Users/xiaowang/Documents/Github/DataMind/backend/.venv/lib/python3.11/site-packages/sklearn/metrics/_classification.py:1561: UserWarning: Note that pos_label (set to 'Y') is ignored when average != 'binary' (got 'weighted'). You may use labels=[pos_label] to specify a single positive class.
  warnings.warn(

2026-03-05 13:47:47,203:INFO:Calculating mean and std
2026-03-05 13:47:47,203:INFO:Creating metrics dataframe
2026-03-05 13:47:47,204:INFO:Uploading results into container
2026-03-05 13:47:47,204:INFO:Uploading model into container now
2026-03-05 13:47:47,204:INFO:_master_model_container: 7
2026-03-05 13:47:47,204:INFO:_display_container: 2
2026-03-05 13:47:47,204:INFO:RandomForestClassifier(bootstrap=True, ccp_alpha=0.0, class_weight=None,
                       criterion='gini', max_depth=None, max_features='sqrt',
                       max_leaf_nodes=None, max_samples=None,
                       min_impurity_decrease=0.0, min_samples_leaf=1,
                       min_samples_split=2, min_weight_fraction_leaf=0.0,
                       monotonic_cst=None, n_estimators=100, n_jobs=-1,
                       oob_score=False, random_state=42, verbose=0,
                       warm_start=False)
2026-03-05 13:47:47,204:INFO:create_model() successfully completed......................................
2026-03-05 13:47:47,259:INFO:SubProcess create_model() end ==================================
2026-03-05 13:47:47,259:INFO:Creating metrics dataframe
2026-03-05 13:47:47,260:INFO:Initializing Quadratic Discriminant Analysis
2026-03-05 13:47:47,260:INFO:Total runtime is 0.11154276529947917 minutes
2026-03-05 13:47:47,260:INFO:SubProcess create_model() called ==================================
2026-03-05 13:47:47,260:INFO:Initializing create_model()
2026-03-05 13:47:47,260:INFO:create_model(self=<pycaret.classification.oop.ClassificationExperiment object at 0x160c18fd0>, estimator=qda, fold=StratifiedKFold(n_splits=5, random_state=None, shuffle=False), round=4, cross_validation=True, predict=True, fit_kwargs={}, groups=None, refit=False, probability_threshold=None, experiment_custom_tags=None, verbose=False, system=False, add_to_model_list=True, metrics=None, display=<pycaret.internal.display.display.CommonDisplay object at 0x160db3790>, model_only=True, return_train_score=False, error_score=0.0, kwargs={})
2026-03-05 13:47:47,260:INFO:Checking exceptions
2026-03-05 13:47:47,260:INFO:Importing libraries
2026-03-05 13:47:47,260:INFO:Copying training dataset
2026-03-05 13:47:47,262:INFO:Defining folds
2026-03-05 13:47:47,262:INFO:Declaring metric variables
2026-03-05 13:47:47,262:INFO:Importing untrained model
2026-03-05 13:47:47,262:INFO:Quadratic Discriminant Analysis Imported successfully
2026-03-05 13:47:47,262:INFO:Starting cross validation
2026-03-05 13:47:47,262:INFO:Cross validating with StratifiedKFold(n_splits=5, random_state=None, shuffle=False), n_jobs=-1
2026-03-05 13:47:47,331:WARNING:/Users/xiaowang/Documents/Github/DataMind/backend/.venv/lib/python3.11/site-packages/sklearn/discriminant_analysis.py:935: UserWarning: Variables are collinear
  warnings.warn("Variables are collinear")

2026-03-05 13:47:47,331:WARNING:/Users/xiaowang/Documents/Github/DataMind/backend/.venv/lib/python3.11/site-packages/sklearn/discriminant_analysis.py:935: UserWarning: Variables are collinear
  warnings.warn("Variables are collinear")

2026-03-05 13:47:47,331:WARNING:/Users/xiaowang/Documents/Github/DataMind/backend/.venv/lib/python3.11/site-packages/sklearn/discriminant_analysis.py:935: UserWarning: Variables are collinear
  warnings.warn("Variables are collinear")

2026-03-05 13:47:47,335:WARNING:/Users/xiaowang/Documents/Github/DataMind/backend/.venv/lib/python3.11/site-packages/sklearn/discriminant_analysis.py:935: UserWarning: Variables are collinear
  warnings.warn("Variables are collinear")

2026-03-05 13:47:47,335:WARNING:/Users/xiaowang/Documents/Github/DataMind/backend/.venv/lib/python3.11/site-packages/sklearn/discriminant_analysis.py:935: UserWarning: Variables are collinear
  warnings.warn("Variables are collinear")

2026-03-05 13:47:47,352:WARNING:/Users/xiaowang/Documents/Github/DataMind/backend/.venv/lib/python3.11/site-packages/sklearn/metrics/_classification.py:1561: UserWarning: Note that pos_label (set to 'Y') is ignored when average != 'binary' (got 'weighted'). You may use labels=[pos_label] to specify a single positive class.
  warnings.warn(

2026-03-05 13:47:47,352:WARNING:/Users/xiaowang/Documents/Github/DataMind/backend/.venv/lib/python3.11/site-packages/sklearn/metrics/_classification.py:1561: UserWarning: Note that pos_label (set to 'Y') is ignored when average != 'binary' (got 'weighted'). You may use labels=[pos_label] to specify a single positive class.
  warnings.warn(

2026-03-05 13:47:47,352:WARNING:/Users/xiaowang/Documents/Github/DataMind/backend/.venv/lib/python3.11/site-packages/sklearn/metrics/_classification.py:1561: UserWarning: Note that pos_label (set to 'Y') is ignored when average != 'binary' (got 'weighted'). You may use labels=[pos_label] to specify a single positive class.
  warnings.warn(

2026-03-05 13:47:47,352:WARNING:/Users/xiaowang/Documents/Github/DataMind/backend/.venv/lib/python3.11/site-packages/sklearn/metrics/_classification.py:1561: UserWarning: Note that pos_label (set to 'Y') is ignored when average != 'binary' (got 'weighted'). You may use labels=[pos_label] to specify a single positive class.
  warnings.warn(

2026-03-05 13:47:47,353:WARNING:/Users/xiaowang/Documents/Github/DataMind/backend/.venv/lib/python3.11/site-packages/sklearn/metrics/_classification.py:1561: UserWarning: Note that pos_label (set to 'Y') is ignored when average != 'binary' (got 'weighted'). You may use labels=[pos_label] to specify a single positive class.
  warnings.warn(

2026-03-05 13:47:47,353:WARNING:/Users/xiaowang/Documents/Github/DataMind/backend/.venv/lib/python3.11/site-packages/sklearn/metrics/_classification.py:1561: UserWarning: Note that pos_label (set to 'Y') is ignored when average != 'binary' (got 'weighted'). You may use labels=[pos_label] to specify a single positive class.
  warnings.warn(

2026-03-05 13:47:47,353:WARNING:/Users/xiaowang/Documents/Github/DataMind/backend/.venv/lib/python3.11/site-packages/sklearn/metrics/_classification.py:1561: UserWarning: Note that pos_label (set to 'Y') is ignored when average != 'binary' (got 'weighted'). You may use labels=[pos_label] to specify a single positive class.
  warnings.warn(

2026-03-05 13:47:47,354:WARNING:/Users/xiaowang/Documents/Github/DataMind/backend/.venv/lib/python3.11/site-packages/sklearn/metrics/_classification.py:1561: UserWarning: Note that pos_label (set to 'Y') is ignored when average != 'binary' (got 'weighted'). You may use labels=[pos_label] to specify a single positive class.
  warnings.warn(

2026-03-05 13:47:47,354:WARNING:/Users/xiaowang/Documents/Github/DataMind/backend/.venv/lib/python3.11/site-packages/sklearn/metrics/_classification.py:1561: UserWarning: Note that pos_label (set to 'Y') is ignored when average != 'binary' (got 'weighted'). You may use labels=[pos_label] to specify a single positive class.
  warnings.warn(

2026-03-05 13:47:47,354:WARNING:/Users/xiaowang/Documents/Github/DataMind/backend/.venv/lib/python3.11/site-packages/sklearn/metrics/_classification.py:1561: UserWarning: Note that pos_label (set to 'Y') is ignored when average != 'binary' (got 'weighted'). You may use labels=[pos_label] to specify a single positive class.
  warnings.warn(

2026-03-05 13:47:47,355:WARNING:/Users/xiaowang/Documents/Github/DataMind/backend/.venv/lib/python3.11/site-packages/sklearn/metrics/_classification.py:1561: UserWarning: Note that pos_label (set to 'Y') is ignored when average != 'binary' (got 'weighted'). You may use labels=[pos_label] to specify a single positive class.
  warnings.warn(

2026-03-05 13:47:47,355:WARNING:/Users/xiaowang/Documents/Github/DataMind/backend/.venv/lib/python3.11/site-packages/sklearn/metrics/_classification.py:1561: UserWarning: Note that pos_label (set to 'Y') is ignored when average != 'binary' (got 'weighted'). You may use labels=[pos_label] to specify a single positive class.
  warnings.warn(

2026-03-05 13:47:47,356:WARNING:/Users/xiaowang/Documents/Github/DataMind/backend/.venv/lib/python3.11/site-packages/sklearn/metrics/_classification.py:1561: UserWarning: Note that pos_label (set to 'Y') is ignored when average != 'binary' (got 'weighted'). You may use labels=[pos_label] to specify a single positive class.
  warnings.warn(

2026-03-05 13:47:47,356:WARNING:/Users/xiaowang/Documents/Github/DataMind/backend/.venv/lib/python3.11/site-packages/sklearn/metrics/_classification.py:1561: UserWarning: Note that pos_label (set to 'Y') is ignored when average != 'binary' (got 'weighted'). You may use labels=[pos_label] to specify a single positive class.
  warnings.warn(

2026-03-05 13:47:47,356:WARNING:/Users/xiaowang/Documents/Github/DataMind/backend/.venv/lib/python3.11/site-packages/sklearn/metrics/_classification.py:1561: UserWarning: Note that pos_label (set to 'Y') is ignored when average != 'binary' (got 'weighted'). You may use labels=[pos_label] to specify a single positive class.
  warnings.warn(

2026-03-05 13:47:47,364:INFO:Calculating mean and std
2026-03-05 13:47:47,364:INFO:Creating metrics dataframe
2026-03-05 13:47:47,365:INFO:Uploading results into container
2026-03-05 13:47:47,365:INFO:Uploading model into container now
2026-03-05 13:47:47,365:INFO:_master_model_container: 8
2026-03-05 13:47:47,365:INFO:_display_container: 2
2026-03-05 13:47:47,365:INFO:QuadraticDiscriminantAnalysis(priors=None, reg_param=0.0,
                              store_covariance=False, tol=0.0001)
2026-03-05 13:47:47,365:INFO:create_model() successfully completed......................................
2026-03-05 13:47:47,420:INFO:SubProcess create_model() end ==================================
2026-03-05 13:47:47,420:INFO:Creating metrics dataframe
2026-03-05 13:47:47,421:INFO:Initializing Ada Boost Classifier
2026-03-05 13:47:47,421:INFO:Total runtime is 0.11422622998555501 minutes
2026-03-05 13:47:47,421:INFO:SubProcess create_model() called ==================================
2026-03-05 13:47:47,421:INFO:Initializing create_model()
2026-03-05 13:47:47,421:INFO:create_model(self=<pycaret.classification.oop.ClassificationExperiment object at 0x160c18fd0>, estimator=ada, fold=StratifiedKFold(n_splits=5, random_state=None, shuffle=False), round=4, cross_validation=True, predict=True, fit_kwargs={}, groups=None, refit=False, probability_threshold=None, experiment_custom_tags=None, verbose=False, system=False, add_to_model_list=True, metrics=None, display=<pycaret.internal.display.display.CommonDisplay object at 0x160db3790>, model_only=True, return_train_score=False, error_score=0.0, kwargs={})
2026-03-05 13:47:47,421:INFO:Checking exceptions
2026-03-05 13:47:47,421:INFO:Importing libraries
2026-03-05 13:47:47,421:INFO:Copying training dataset
2026-03-05 13:47:47,423:INFO:Defining folds
2026-03-05 13:47:47,423:INFO:Declaring metric variables
2026-03-05 13:47:47,423:INFO:Importing untrained model
2026-03-05 13:47:47,423:INFO:Ada Boost Classifier Imported successfully
2026-03-05 13:47:47,424:INFO:Starting cross validation
2026-03-05 13:47:47,424:INFO:Cross validating with StratifiedKFold(n_splits=5, random_state=None, shuffle=False), n_jobs=-1
2026-03-05 13:47:47,487:WARNING:/Users/xiaowang/Documents/Github/DataMind/backend/.venv/lib/python3.11/site-packages/sklearn/ensemble/_weight_boosting.py:519: FutureWarning: The SAMME.R algorithm (the default) is deprecated and will be removed in 1.6. Use the SAMME algorithm to circumvent this warning.
  warnings.warn(

2026-03-05 13:47:47,487:WARNING:/Users/xiaowang/Documents/Github/DataMind/backend/.venv/lib/python3.11/site-packages/sklearn/ensemble/_weight_boosting.py:519: FutureWarning: The SAMME.R algorithm (the default) is deprecated and will be removed in 1.6. Use the SAMME algorithm to circumvent this warning.
  warnings.warn(

2026-03-05 13:47:47,487:WARNING:/Users/xiaowang/Documents/Github/DataMind/backend/.venv/lib/python3.11/site-packages/sklearn/ensemble/_weight_boosting.py:519: FutureWarning: The SAMME.R algorithm (the default) is deprecated and will be removed in 1.6. Use the SAMME algorithm to circumvent this warning.
  warnings.warn(

2026-03-05 13:47:47,496:WARNING:/Users/xiaowang/Documents/Github/DataMind/backend/.venv/lib/python3.11/site-packages/sklearn/ensemble/_weight_boosting.py:519: FutureWarning: The SAMME.R algorithm (the default) is deprecated and will be removed in 1.6. Use the SAMME algorithm to circumvent this warning.
  warnings.warn(

2026-03-05 13:47:47,499:WARNING:/Users/xiaowang/Documents/Github/DataMind/backend/.venv/lib/python3.11/site-packages/sklearn/ensemble/_weight_boosting.py:519: FutureWarning: The SAMME.R algorithm (the default) is deprecated and will be removed in 1.6. Use the SAMME algorithm to circumvent this warning.
  warnings.warn(

2026-03-05 13:47:47,546:WARNING:/Users/xiaowang/Documents/Github/DataMind/backend/.venv/lib/python3.11/site-packages/sklearn/metrics/_classification.py:1561: UserWarning: Note that pos_label (set to 'Y') is ignored when average != 'binary' (got 'weighted'). You may use labels=[pos_label] to specify a single positive class.
  warnings.warn(

2026-03-05 13:47:47,547:WARNING:/Users/xiaowang/Documents/Github/DataMind/backend/.venv/lib/python3.11/site-packages/sklearn/metrics/_classification.py:1561: UserWarning: Note that pos_label (set to 'Y') is ignored when average != 'binary' (got 'weighted'). You may use labels=[pos_label] to specify a single positive class.
  warnings.warn(

2026-03-05 13:47:47,548:WARNING:/Users/xiaowang/Documents/Github/DataMind/backend/.venv/lib/python3.11/site-packages/sklearn/metrics/_classification.py:1561: UserWarning: Note that pos_label (set to 'Y') is ignored when average != 'binary' (got 'weighted'). You may use labels=[pos_label] to specify a single positive class.
  warnings.warn(

2026-03-05 13:47:47,548:WARNING:/Users/xiaowang/Documents/Github/DataMind/backend/.venv/lib/python3.11/site-packages/sklearn/metrics/_classification.py:1561: UserWarning: Note that pos_label (set to 'Y') is ignored when average != 'binary' (got 'weighted'). You may use labels=[pos_label] to specify a single positive class.
  warnings.warn(

2026-03-05 13:47:47,549:WARNING:/Users/xiaowang/Documents/Github/DataMind/backend/.venv/lib/python3.11/site-packages/sklearn/metrics/_classification.py:1561: UserWarning: Note that pos_label (set to 'Y') is ignored when average != 'binary' (got 'weighted'). You may use labels=[pos_label] to specify a single positive class.
  warnings.warn(

2026-03-05 13:47:47,550:WARNING:/Users/xiaowang/Documents/Github/DataMind/backend/.venv/lib/python3.11/site-packages/sklearn/metrics/_classification.py:1561: UserWarning: Note that pos_label (set to 'Y') is ignored when average != 'binary' (got 'weighted'). You may use labels=[pos_label] to specify a single positive class.
  warnings.warn(

2026-03-05 13:47:47,551:WARNING:/Users/xiaowang/Documents/Github/DataMind/backend/.venv/lib/python3.11/site-packages/sklearn/metrics/_classification.py:1561: UserWarning: Note that pos_label (set to 'Y') is ignored when average != 'binary' (got 'weighted'). You may use labels=[pos_label] to specify a single positive class.
  warnings.warn(

2026-03-05 13:47:47,552:WARNING:/Users/xiaowang/Documents/Github/DataMind/backend/.venv/lib/python3.11/site-packages/sklearn/metrics/_classification.py:1561: UserWarning: Note that pos_label (set to 'Y') is ignored when average != 'binary' (got 'weighted'). You may use labels=[pos_label] to specify a single positive class.
  warnings.warn(

2026-03-05 13:47:47,553:WARNING:/Users/xiaowang/Documents/Github/DataMind/backend/.venv/lib/python3.11/site-packages/sklearn/metrics/_classification.py:1561: UserWarning: Note that pos_label (set to 'Y') is ignored when average != 'binary' (got 'weighted'). You may use labels=[pos_label] to specify a single positive class.
  warnings.warn(

2026-03-05 13:47:47,558:WARNING:/Users/xiaowang/Documents/Github/DataMind/backend/.venv/lib/python3.11/site-packages/sklearn/metrics/_classification.py:1561: UserWarning: Note that pos_label (set to 'Y') is ignored when average != 'binary' (got 'weighted'). You may use labels=[pos_label] to specify a single positive class.
  warnings.warn(

2026-03-05 13:47:47,558:WARNING:/Users/xiaowang/Documents/Github/DataMind/backend/.venv/lib/python3.11/site-packages/sklearn/metrics/_classification.py:1561: UserWarning: Note that pos_label (set to 'Y') is ignored when average != 'binary' (got 'weighted'). You may use labels=[pos_label] to specify a single positive class.
  warnings.warn(

2026-03-05 13:47:47,559:WARNING:/Users/xiaowang/Documents/Github/DataMind/backend/.venv/lib/python3.11/site-packages/sklearn/metrics/_classification.py:1561: UserWarning: Note that pos_label (set to 'Y') is ignored when average != 'binary' (got 'weighted'). You may use labels=[pos_label] to specify a single positive class.
  warnings.warn(

2026-03-05 13:47:47,562:WARNING:/Users/xiaowang/Documents/Github/DataMind/backend/.venv/lib/python3.11/site-packages/sklearn/metrics/_classification.py:1561: UserWarning: Note that pos_label (set to 'Y') is ignored when average != 'binary' (got 'weighted'). You may use labels=[pos_label] to specify a single positive class.
  warnings.warn(

2026-03-05 13:47:47,563:WARNING:/Users/xiaowang/Documents/Github/DataMind/backend/.venv/lib/python3.11/site-packages/sklearn/metrics/_classification.py:1561: UserWarning: Note that pos_label (set to 'Y') is ignored when average != 'binary' (got 'weighted'). You may use labels=[pos_label] to specify a single positive class.
  warnings.warn(

2026-03-05 13:47:47,564:WARNING:/Users/xiaowang/Documents/Github/DataMind/backend/.venv/lib/python3.11/site-packages/sklearn/metrics/_classification.py:1561: UserWarning: Note that pos_label (set to 'Y') is ignored when average != 'binary' (got 'weighted'). You may use labels=[pos_label] to specify a single positive class.
  warnings.warn(

2026-03-05 13:47:47,578:INFO:Calculating mean and std
2026-03-05 13:47:47,578:INFO:Creating metrics dataframe
2026-03-05 13:47:47,579:INFO:Uploading results into container
2026-03-05 13:47:47,579:INFO:Uploading model into container now
2026-03-05 13:47:47,579:INFO:_master_model_container: 9
2026-03-05 13:47:47,579:INFO:_display_container: 2
2026-03-05 13:47:47,579:INFO:AdaBoostClassifier(algorithm='SAMME.R', estimator=None, learning_rate=1.0,
                   n_estimators=50, random_state=42)
2026-03-05 13:47:47,579:INFO:create_model() successfully completed......................................
2026-03-05 13:47:47,633:INFO:SubProcess create_model() end ==================================
2026-03-05 13:47:47,633:INFO:Creating metrics dataframe
2026-03-05 13:47:47,634:INFO:Initializing Gradient Boosting Classifier
2026-03-05 13:47:47,634:INFO:Total runtime is 0.11777686675389608 minutes
2026-03-05 13:47:47,634:INFO:SubProcess create_model() called ==================================
2026-03-05 13:47:47,634:INFO:Initializing create_model()
2026-03-05 13:47:47,634:INFO:create_model(self=<pycaret.classification.oop.ClassificationExperiment object at 0x160c18fd0>, estimator=gbc, fold=StratifiedKFold(n_splits=5, random_state=None, shuffle=False), round=4, cross_validation=True, predict=True, fit_kwargs={}, groups=None, refit=False, probability_threshold=None, experiment_custom_tags=None, verbose=False, system=False, add_to_model_list=True, metrics=None, display=<pycaret.internal.display.display.CommonDisplay object at 0x160db3790>, model_only=True, return_train_score=False, error_score=0.0, kwargs={})
2026-03-05 13:47:47,634:INFO:Checking exceptions
2026-03-05 13:47:47,634:INFO:Importing libraries
2026-03-05 13:47:47,634:INFO:Copying training dataset
2026-03-05 13:47:47,635:INFO:Defining folds
2026-03-05 13:47:47,635:INFO:Declaring metric variables
2026-03-05 13:47:47,635:INFO:Importing untrained model
2026-03-05 13:47:47,636:INFO:Gradient Boosting Classifier Imported successfully
2026-03-05 13:47:47,636:INFO:Starting cross validation
2026-03-05 13:47:47,636:INFO:Cross validating with StratifiedKFold(n_splits=5, random_state=None, shuffle=False), n_jobs=-1
2026-03-05 13:47:47,828:WARNING:/Users/xiaowang/Documents/Github/DataMind/backend/.venv/lib/python3.11/site-packages/sklearn/metrics/_classification.py:1561: UserWarning: Note that pos_label (set to 'Y') is ignored when average != 'binary' (got 'weighted'). You may use labels=[pos_label] to specify a single positive class.
  warnings.warn(

2026-03-05 13:47:47,829:WARNING:/Users/xiaowang/Documents/Github/DataMind/backend/.venv/lib/python3.11/site-packages/sklearn/metrics/_classification.py:1561: UserWarning: Note that pos_label (set to 'Y') is ignored when average != 'binary' (got 'weighted'). You may use labels=[pos_label] to specify a single positive class.
  warnings.warn(

2026-03-05 13:47:47,829:WARNING:/Users/xiaowang/Documents/Github/DataMind/backend/.venv/lib/python3.11/site-packages/sklearn/metrics/_classification.py:1561: UserWarning: Note that pos_label (set to 'Y') is ignored when average != 'binary' (got 'weighted'). You may use labels=[pos_label] to specify a single positive class.
  warnings.warn(

2026-03-05 13:47:47,830:WARNING:/Users/xiaowang/Documents/Github/DataMind/backend/.venv/lib/python3.11/site-packages/sklearn/metrics/_classification.py:1561: UserWarning: Note that pos_label (set to 'Y') is ignored when average != 'binary' (got 'weighted'). You may use labels=[pos_label] to specify a single positive class.
  warnings.warn(

2026-03-05 13:47:47,830:WARNING:/Users/xiaowang/Documents/Github/DataMind/backend/.venv/lib/python3.11/site-packages/sklearn/metrics/_classification.py:1561: UserWarning: Note that pos_label (set to 'Y') is ignored when average != 'binary' (got 'weighted'). You may use labels=[pos_label] to specify a single positive class.
  warnings.warn(

2026-03-05 13:47:47,830:WARNING:/Users/xiaowang/Documents/Github/DataMind/backend/.venv/lib/python3.11/site-packages/sklearn/metrics/_classification.py:1561: UserWarning: Note that pos_label (set to 'Y') is ignored when average != 'binary' (got 'weighted'). You may use labels=[pos_label] to specify a single positive class.
  warnings.warn(

2026-03-05 13:47:47,830:WARNING:/Users/xiaowang/Documents/Github/DataMind/backend/.venv/lib/python3.11/site-packages/sklearn/metrics/_classification.py:1561: UserWarning: Note that pos_label (set to 'Y') is ignored when average != 'binary' (got 'weighted'). You may use labels=[pos_label] to specify a single positive class.
  warnings.warn(

2026-03-05 13:47:47,831:WARNING:/Users/xiaowang/Documents/Github/DataMind/backend/.venv/lib/python3.11/site-packages/sklearn/metrics/_classification.py:1561: UserWarning: Note that pos_label (set to 'Y') is ignored when average != 'binary' (got 'weighted'). You may use labels=[pos_label] to specify a single positive class.
  warnings.warn(

2026-03-05 13:47:47,831:WARNING:/Users/xiaowang/Documents/Github/DataMind/backend/.venv/lib/python3.11/site-packages/sklearn/metrics/_classification.py:1561: UserWarning: Note that pos_label (set to 'Y') is ignored when average != 'binary' (got 'weighted'). You may use labels=[pos_label] to specify a single positive class.
  warnings.warn(

2026-03-05 13:47:47,831:WARNING:/Users/xiaowang/Documents/Github/DataMind/backend/.venv/lib/python3.11/site-packages/sklearn/metrics/_classification.py:1561: UserWarning: Note that pos_label (set to 'Y') is ignored when average != 'binary' (got 'weighted'). You may use labels=[pos_label] to specify a single positive class.
  warnings.warn(

2026-03-05 13:47:47,832:WARNING:/Users/xiaowang/Documents/Github/DataMind/backend/.venv/lib/python3.11/site-packages/sklearn/metrics/_classification.py:1561: UserWarning: Note that pos_label (set to 'Y') is ignored when average != 'binary' (got 'weighted'). You may use labels=[pos_label] to specify a single positive class.
  warnings.warn(

2026-03-05 13:47:47,832:WARNING:/Users/xiaowang/Documents/Github/DataMind/backend/.venv/lib/python3.11/site-packages/sklearn/metrics/_classification.py:1561: UserWarning: Note that pos_label (set to 'Y') is ignored when average != 'binary' (got 'weighted'). You may use labels=[pos_label] to specify a single positive class.
  warnings.warn(

2026-03-05 13:47:47,838:WARNING:/Users/xiaowang/Documents/Github/DataMind/backend/.venv/lib/python3.11/site-packages/sklearn/metrics/_classification.py:1561: UserWarning: Note that pos_label (set to 'Y') is ignored when average != 'binary' (got 'weighted'). You may use labels=[pos_label] to specify a single positive class.
  warnings.warn(

2026-03-05 13:47:47,839:WARNING:/Users/xiaowang/Documents/Github/DataMind/backend/.venv/lib/python3.11/site-packages/sklearn/metrics/_classification.py:1561: UserWarning: Note that pos_label (set to 'Y') is ignored when average != 'binary' (got 'weighted'). You may use labels=[pos_label] to specify a single positive class.
  warnings.warn(

2026-03-05 13:47:47,840:WARNING:/Users/xiaowang/Documents/Github/DataMind/backend/.venv/lib/python3.11/site-packages/sklearn/metrics/_classification.py:1561: UserWarning: Note that pos_label (set to 'Y') is ignored when average != 'binary' (got 'weighted'). You may use labels=[pos_label] to specify a single positive class.
  warnings.warn(

2026-03-05 13:47:47,845:INFO:Calculating mean and std
2026-03-05 13:47:47,846:INFO:Creating metrics dataframe
2026-03-05 13:47:47,846:INFO:Uploading results into container
2026-03-05 13:47:47,846:INFO:Uploading model into container now
2026-03-05 13:47:47,846:INFO:_master_model_container: 10
2026-03-05 13:47:47,846:INFO:_display_container: 2
2026-03-05 13:47:47,847:INFO:GradientBoostingClassifier(ccp_alpha=0.0, criterion='friedman_mse', init=None,
                           learning_rate=0.1, loss='log_loss', max_depth=3,
                           max_features=None, max_leaf_nodes=None,
                           min_impurity_decrease=0.0, min_samples_leaf=1,
                           min_samples_split=2, min_weight_fraction_leaf=0.0,
                           n_estimators=100, n_iter_no_change=None,
                           random_state=42, subsample=1.0, tol=0.0001,
                           validation_fraction=0.1, verbose=0,
                           warm_start=False)
2026-03-05 13:47:47,847:INFO:create_model() successfully completed......................................
2026-03-05 13:47:47,900:INFO:SubProcess create_model() end ==================================
2026-03-05 13:47:47,900:INFO:Creating metrics dataframe
2026-03-05 13:47:47,901:INFO:Initializing Linear Discriminant Analysis
2026-03-05 13:47:47,901:INFO:Total runtime is 0.12223283052444459 minutes
2026-03-05 13:47:47,901:INFO:SubProcess create_model() called ==================================
2026-03-05 13:47:47,901:INFO:Initializing create_model()
2026-03-05 13:47:47,901:INFO:create_model(self=<pycaret.classification.oop.ClassificationExperiment object at 0x160c18fd0>, estimator=lda, fold=StratifiedKFold(n_splits=5, random_state=None, shuffle=False), round=4, cross_validation=True, predict=True, fit_kwargs={}, groups=None, refit=False, probability_threshold=None, experiment_custom_tags=None, verbose=False, system=False, add_to_model_list=True, metrics=None, display=<pycaret.internal.display.display.CommonDisplay object at 0x160db3790>, model_only=True, return_train_score=False, error_score=0.0, kwargs={})
2026-03-05 13:47:47,901:INFO:Checking exceptions
2026-03-05 13:47:47,901:INFO:Importing libraries
2026-03-05 13:47:47,901:INFO:Copying training dataset
2026-03-05 13:47:47,903:INFO:Defining folds
2026-03-05 13:47:47,903:INFO:Declaring metric variables
2026-03-05 13:47:47,903:INFO:Importing untrained model
2026-03-05 13:47:47,903:INFO:Linear Discriminant Analysis Imported successfully
2026-03-05 13:47:47,903:INFO:Starting cross validation
2026-03-05 13:47:47,904:INFO:Cross validating with StratifiedKFold(n_splits=5, random_state=None, shuffle=False), n_jobs=-1
2026-03-05 13:47:47,988:WARNING:/Users/xiaowang/Documents/Github/DataMind/backend/.venv/lib/python3.11/site-packages/sklearn/metrics/_classification.py:1561: UserWarning: Note that pos_label (set to 'Y') is ignored when average != 'binary' (got 'weighted'). You may use labels=[pos_label] to specify a single positive class.
  warnings.warn(

2026-03-05 13:47:47,989:WARNING:/Users/xiaowang/Documents/Github/DataMind/backend/.venv/lib/python3.11/site-packages/sklearn/metrics/_classification.py:1561: UserWarning: Note that pos_label (set to 'Y') is ignored when average != 'binary' (got 'weighted'). You may use labels=[pos_label] to specify a single positive class.
  warnings.warn(

2026-03-05 13:47:47,989:WARNING:/Users/xiaowang/Documents/Github/DataMind/backend/.venv/lib/python3.11/site-packages/sklearn/metrics/_classification.py:1561: UserWarning: Note that pos_label (set to 'Y') is ignored when average != 'binary' (got 'weighted'). You may use labels=[pos_label] to specify a single positive class.
  warnings.warn(

2026-03-05 13:47:47,989:WARNING:/Users/xiaowang/Documents/Github/DataMind/backend/.venv/lib/python3.11/site-packages/sklearn/metrics/_classification.py:1561: UserWarning: Note that pos_label (set to 'Y') is ignored when average != 'binary' (got 'weighted'). You may use labels=[pos_label] to specify a single positive class.
  warnings.warn(

2026-03-05 13:47:47,989:WARNING:/Users/xiaowang/Documents/Github/DataMind/backend/.venv/lib/python3.11/site-packages/sklearn/metrics/_classification.py:1561: UserWarning: Note that pos_label (set to 'Y') is ignored when average != 'binary' (got 'weighted'). You may use labels=[pos_label] to specify a single positive class.
  warnings.warn(

2026-03-05 13:47:47,989:WARNING:/Users/xiaowang/Documents/Github/DataMind/backend/.venv/lib/python3.11/site-packages/sklearn/metrics/_classification.py:1561: UserWarning: Note that pos_label (set to 'Y') is ignored when average != 'binary' (got 'weighted'). You may use labels=[pos_label] to specify a single positive class.
  warnings.warn(

2026-03-05 13:47:47,990:WARNING:/Users/xiaowang/Documents/Github/DataMind/backend/.venv/lib/python3.11/site-packages/sklearn/metrics/_classification.py:1561: UserWarning: Note that pos_label (set to 'Y') is ignored when average != 'binary' (got 'weighted'). You may use labels=[pos_label] to specify a single positive class.
  warnings.warn(

2026-03-05 13:47:47,990:WARNING:/Users/xiaowang/Documents/Github/DataMind/backend/.venv/lib/python3.11/site-packages/sklearn/metrics/_classification.py:1561: UserWarning: Note that pos_label (set to 'Y') is ignored when average != 'binary' (got 'weighted'). You may use labels=[pos_label] to specify a single positive class.
  warnings.warn(

2026-03-05 13:47:47,990:WARNING:/Users/xiaowang/Documents/Github/DataMind/backend/.venv/lib/python3.11/site-packages/sklearn/metrics/_classification.py:1561: UserWarning: Note that pos_label (set to 'Y') is ignored when average != 'binary' (got 'weighted'). You may use labels=[pos_label] to specify a single positive class.
  warnings.warn(

2026-03-05 13:47:47,991:WARNING:/Users/xiaowang/Documents/Github/DataMind/backend/.venv/lib/python3.11/site-packages/sklearn/metrics/_classification.py:1561: UserWarning: Note that pos_label (set to 'Y') is ignored when average != 'binary' (got 'weighted'). You may use labels=[pos_label] to specify a single positive class.
  warnings.warn(

2026-03-05 13:47:47,992:WARNING:/Users/xiaowang/Documents/Github/DataMind/backend/.venv/lib/python3.11/site-packages/sklearn/metrics/_classification.py:1561: UserWarning: Note that pos_label (set to 'Y') is ignored when average != 'binary' (got 'weighted'). You may use labels=[pos_label] to specify a single positive class.
  warnings.warn(

2026-03-05 13:47:47,992:WARNING:/Users/xiaowang/Documents/Github/DataMind/backend/.venv/lib/python3.11/site-packages/sklearn/metrics/_classification.py:1561: UserWarning: Note that pos_label (set to 'Y') is ignored when average != 'binary' (got 'weighted'). You may use labels=[pos_label] to specify a single positive class.
  warnings.warn(

2026-03-05 13:47:47,993:WARNING:/Users/xiaowang/Documents/Github/DataMind/backend/.venv/lib/python3.11/site-packages/sklearn/metrics/_classification.py:1561: UserWarning: Note that pos_label (set to 'Y') is ignored when average != 'binary' (got 'weighted'). You may use labels=[pos_label] to specify a single positive class.
  warnings.warn(

2026-03-05 13:47:47,993:WARNING:/Users/xiaowang/Documents/Github/DataMind/backend/.venv/lib/python3.11/site-packages/sklearn/metrics/_classification.py:1561: UserWarning: Note that pos_label (set to 'Y') is ignored when average != 'binary' (got 'weighted'). You may use labels=[pos_label] to specify a single positive class.
  warnings.warn(

2026-03-05 13:47:47,994:WARNING:/Users/xiaowang/Documents/Github/DataMind/backend/.venv/lib/python3.11/site-packages/sklearn/metrics/_classification.py:1561: UserWarning: Note that pos_label (set to 'Y') is ignored when average != 'binary' (got 'weighted'). You may use labels=[pos_label] to specify a single positive class.
  warnings.warn(

2026-03-05 13:47:47,996:INFO:Calculating mean and std
2026-03-05 13:47:47,996:INFO:Creating metrics dataframe
2026-03-05 13:47:47,996:INFO:Uploading results into container
2026-03-05 13:47:47,997:INFO:Uploading model into container now
2026-03-05 13:47:47,997:INFO:_master_model_container: 11
2026-03-05 13:47:47,997:INFO:_display_container: 2
2026-03-05 13:47:47,997:INFO:LinearDiscriminantAnalysis(covariance_estimator=None, n_components=None,
                           priors=None, shrinkage=None, solver='svd',
                           store_covariance=False, tol=0.0001)
2026-03-05 13:47:47,997:INFO:create_model() successfully completed......................................
2026-03-05 13:47:48,050:INFO:SubProcess create_model() end ==================================
2026-03-05 13:47:48,050:INFO:Creating metrics dataframe
2026-03-05 13:47:48,051:INFO:Initializing Extra Trees Classifier
2026-03-05 13:47:48,051:INFO:Total runtime is 0.12473264932632447 minutes
2026-03-05 13:47:48,051:INFO:SubProcess create_model() called ==================================
2026-03-05 13:47:48,051:INFO:Initializing create_model()
2026-03-05 13:47:48,051:INFO:create_model(self=<pycaret.classification.oop.ClassificationExperiment object at 0x160c18fd0>, estimator=et, fold=StratifiedKFold(n_splits=5, random_state=None, shuffle=False), round=4, cross_validation=True, predict=True, fit_kwargs={}, groups=None, refit=False, probability_threshold=None, experiment_custom_tags=None, verbose=False, system=False, add_to_model_list=True, metrics=None, display=<pycaret.internal.display.display.CommonDisplay object at 0x160db3790>, model_only=True, return_train_score=False, error_score=0.0, kwargs={})
2026-03-05 13:47:48,051:INFO:Checking exceptions
2026-03-05 13:47:48,051:INFO:Importing libraries
2026-03-05 13:47:48,051:INFO:Copying training dataset
2026-03-05 13:47:48,053:INFO:Defining folds
2026-03-05 13:47:48,053:INFO:Declaring metric variables
2026-03-05 13:47:48,053:INFO:Importing untrained model
2026-03-05 13:47:48,053:INFO:Extra Trees Classifier Imported successfully
2026-03-05 13:47:48,053:INFO:Starting cross validation
2026-03-05 13:47:48,054:INFO:Cross validating with StratifiedKFold(n_splits=5, random_state=None, shuffle=False), n_jobs=-1
2026-03-05 13:47:48,225:WARNING:/Users/xiaowang/Documents/Github/DataMind/backend/.venv/lib/python3.11/site-packages/sklearn/metrics/_classification.py:1561: UserWarning: Note that pos_label (set to 'Y') is ignored when average != 'binary' (got 'weighted'). You may use labels=[pos_label] to specify a single positive class.
  warnings.warn(

2026-03-05 13:47:48,226:WARNING:/Users/xiaowang/Documents/Github/DataMind/backend/.venv/lib/python3.11/site-packages/sklearn/metrics/_classification.py:1561: UserWarning: Note that pos_label (set to 'Y') is ignored when average != 'binary' (got 'weighted'). You may use labels=[pos_label] to specify a single positive class.
  warnings.warn(

2026-03-05 13:47:48,227:WARNING:/Users/xiaowang/Documents/Github/DataMind/backend/.venv/lib/python3.11/site-packages/sklearn/metrics/_classification.py:1561: UserWarning: Note that pos_label (set to 'Y') is ignored when average != 'binary' (got 'weighted'). You may use labels=[pos_label] to specify a single positive class.
  warnings.warn(

2026-03-05 13:47:48,234:WARNING:/Users/xiaowang/Documents/Github/DataMind/backend/.venv/lib/python3.11/site-packages/sklearn/metrics/_classification.py:1561: UserWarning: Note that pos_label (set to 'Y') is ignored when average != 'binary' (got 'weighted'). You may use labels=[pos_label] to specify a single positive class.
  warnings.warn(

2026-03-05 13:47:48,234:WARNING:/Users/xiaowang/Documents/Github/DataMind/backend/.venv/lib/python3.11/site-packages/sklearn/metrics/_classification.py:1561: UserWarning: Note that pos_label (set to 'Y') is ignored when average != 'binary' (got 'weighted'). You may use labels=[pos_label] to specify a single positive class.
  warnings.warn(

2026-03-05 13:47:48,235:WARNING:/Users/xiaowang/Documents/Github/DataMind/backend/.venv/lib/python3.11/site-packages/sklearn/metrics/_classification.py:1561: UserWarning: Note that pos_label (set to 'Y') is ignored when average != 'binary' (got 'weighted'). You may use labels=[pos_label] to specify a single positive class.
  warnings.warn(

2026-03-05 13:47:48,235:WARNING:/Users/xiaowang/Documents/Github/DataMind/backend/.venv/lib/python3.11/site-packages/sklearn/metrics/_classification.py:1561: UserWarning: Note that pos_label (set to 'Y') is ignored when average != 'binary' (got 'weighted'). You may use labels=[pos_label] to specify a single positive class.
  warnings.warn(

2026-03-05 13:47:48,236:WARNING:/Users/xiaowang/Documents/Github/DataMind/backend/.venv/lib/python3.11/site-packages/sklearn/metrics/_classification.py:1561: UserWarning: Note that pos_label (set to 'Y') is ignored when average != 'binary' (got 'weighted'). You may use labels=[pos_label] to specify a single positive class.
  warnings.warn(

2026-03-05 13:47:48,236:WARNING:/Users/xiaowang/Documents/Github/DataMind/backend/.venv/lib/python3.11/site-packages/sklearn/metrics/_classification.py:1561: UserWarning: Note that pos_label (set to 'Y') is ignored when average != 'binary' (got 'weighted'). You may use labels=[pos_label] to specify a single positive class.
  warnings.warn(

2026-03-05 13:47:48,243:WARNING:/Users/xiaowang/Documents/Github/DataMind/backend/.venv/lib/python3.11/site-packages/sklearn/metrics/_classification.py:1561: UserWarning: Note that pos_label (set to 'Y') is ignored when average != 'binary' (got 'weighted'). You may use labels=[pos_label] to specify a single positive class.
  warnings.warn(

2026-03-05 13:47:48,244:WARNING:/Users/xiaowang/Documents/Github/DataMind/backend/.venv/lib/python3.11/site-packages/sklearn/metrics/_classification.py:1561: UserWarning: Note that pos_label (set to 'Y') is ignored when average != 'binary' (got 'weighted'). You may use labels=[pos_label] to specify a single positive class.
  warnings.warn(

2026-03-05 13:47:48,244:WARNING:/Users/xiaowang/Documents/Github/DataMind/backend/.venv/lib/python3.11/site-packages/sklearn/metrics/_classification.py:1561: UserWarning: Note that pos_label (set to 'Y') is ignored when average != 'binary' (got 'weighted'). You may use labels=[pos_label] to specify a single positive class.
  warnings.warn(

2026-03-05 13:47:48,245:WARNING:/Users/xiaowang/Documents/Github/DataMind/backend/.venv/lib/python3.11/site-packages/sklearn/metrics/_classification.py:1561: UserWarning: Note that pos_label (set to 'Y') is ignored when average != 'binary' (got 'weighted'). You may use labels=[pos_label] to specify a single positive class.
  warnings.warn(

2026-03-05 13:47:48,245:WARNING:/Users/xiaowang/Documents/Github/DataMind/backend/.venv/lib/python3.11/site-packages/sklearn/metrics/_classification.py:1561: UserWarning: Note that pos_label (set to 'Y') is ignored when average != 'binary' (got 'weighted'). You may use labels=[pos_label] to specify a single positive class.
  warnings.warn(

2026-03-05 13:47:48,246:WARNING:/Users/xiaowang/Documents/Github/DataMind/backend/.venv/lib/python3.11/site-packages/sklearn/metrics/_classification.py:1561: UserWarning: Note that pos_label (set to 'Y') is ignored when average != 'binary' (got 'weighted'). You may use labels=[pos_label] to specify a single positive class.
  warnings.warn(

2026-03-05 13:47:48,256:INFO:Calculating mean and std
2026-03-05 13:47:48,256:INFO:Creating metrics dataframe
2026-03-05 13:47:48,257:INFO:Uploading results into container
2026-03-05 13:47:48,257:INFO:Uploading model into container now
2026-03-05 13:47:48,257:INFO:_master_model_container: 12
2026-03-05 13:47:48,257:INFO:_display_container: 2
2026-03-05 13:47:48,257:INFO:ExtraTreesClassifier(bootstrap=False, ccp_alpha=0.0, class_weight=None,
                     criterion='gini', max_depth=None, max_features='sqrt',
                     max_leaf_nodes=None, max_samples=None,
                     min_impurity_decrease=0.0, min_samples_leaf=1,
                     min_samples_split=2, min_weight_fraction_leaf=0.0,
                     monotonic_cst=None, n_estimators=100, n_jobs=-1,
                     oob_score=False, random_state=42, verbose=0,
                     warm_start=False)
2026-03-05 13:47:48,257:INFO:create_model() successfully completed......................................
2026-03-05 13:47:48,311:INFO:SubProcess create_model() end ==================================
2026-03-05 13:47:48,311:INFO:Creating metrics dataframe
2026-03-05 13:47:48,312:INFO:Initializing Dummy Classifier
2026-03-05 13:47:48,312:INFO:Total runtime is 0.12907660007476807 minutes
2026-03-05 13:47:48,312:INFO:SubProcess create_model() called ==================================
2026-03-05 13:47:48,312:INFO:Initializing create_model()
2026-03-05 13:47:48,312:INFO:create_model(self=<pycaret.classification.oop.ClassificationExperiment object at 0x160c18fd0>, estimator=dummy, fold=StratifiedKFold(n_splits=5, random_state=None, shuffle=False), round=4, cross_validation=True, predict=True, fit_kwargs={}, groups=None, refit=False, probability_threshold=None, experiment_custom_tags=None, verbose=False, system=False, add_to_model_list=True, metrics=None, display=<pycaret.internal.display.display.CommonDisplay object at 0x160db3790>, model_only=True, return_train_score=False, error_score=0.0, kwargs={})
2026-03-05 13:47:48,312:INFO:Checking exceptions
2026-03-05 13:47:48,312:INFO:Importing libraries
2026-03-05 13:47:48,312:INFO:Copying training dataset
2026-03-05 13:47:48,313:INFO:Defining folds
2026-03-05 13:47:48,313:INFO:Declaring metric variables
2026-03-05 13:47:48,313:INFO:Importing untrained model
2026-03-05 13:47:48,314:INFO:Dummy Classifier Imported successfully
2026-03-05 13:47:48,314:INFO:Starting cross validation
2026-03-05 13:47:48,314:INFO:Cross validating with StratifiedKFold(n_splits=5, random_state=None, shuffle=False), n_jobs=-1
2026-03-05 13:47:48,393:WARNING:/Users/xiaowang/Documents/Github/DataMind/backend/.venv/lib/python3.11/site-packages/sklearn/metrics/_classification.py:1561: UserWarning: Note that pos_label (set to 'Y') is ignored when average != 'binary' (got 'weighted'). You may use labels=[pos_label] to specify a single positive class.
  warnings.warn(

2026-03-05 13:47:48,394:WARNING:/Users/xiaowang/Documents/Github/DataMind/backend/.venv/lib/python3.11/site-packages/sklearn/metrics/_classification.py:1561: UserWarning: Note that pos_label (set to 'Y') is ignored when average != 'binary' (got 'weighted'). You may use labels=[pos_label] to specify a single positive class.
  warnings.warn(

2026-03-05 13:47:48,395:WARNING:/Users/xiaowang/Documents/Github/DataMind/backend/.venv/lib/python3.11/site-packages/sklearn/metrics/_classification.py:1509: UndefinedMetricWarning: Precision is ill-defined and being set to 0.0 in labels with no predicted samples. Use `zero_division` parameter to control this behavior.
  _warn_prf(average, modifier, f"{metric.capitalize()} is", len(result))

2026-03-05 13:47:48,395:WARNING:/Users/xiaowang/Documents/Github/DataMind/backend/.venv/lib/python3.11/site-packages/sklearn/metrics/_classification.py:1561: UserWarning: Note that pos_label (set to 'Y') is ignored when average != 'binary' (got 'weighted'). You may use labels=[pos_label] to specify a single positive class.
  warnings.warn(

2026-03-05 13:47:48,395:WARNING:/Users/xiaowang/Documents/Github/DataMind/backend/.venv/lib/python3.11/site-packages/sklearn/metrics/_classification.py:1561: UserWarning: Note that pos_label (set to 'Y') is ignored when average != 'binary' (got 'weighted'). You may use labels=[pos_label] to specify a single positive class.
  warnings.warn(

2026-03-05 13:47:48,395:WARNING:/Users/xiaowang/Documents/Github/DataMind/backend/.venv/lib/python3.11/site-packages/sklearn/metrics/_classification.py:1561: UserWarning: Note that pos_label (set to 'Y') is ignored when average != 'binary' (got 'weighted'). You may use labels=[pos_label] to specify a single positive class.
  warnings.warn(

2026-03-05 13:47:48,396:WARNING:/Users/xiaowang/Documents/Github/DataMind/backend/.venv/lib/python3.11/site-packages/sklearn/metrics/_classification.py:1509: UndefinedMetricWarning: Precision is ill-defined and being set to 0.0 in labels with no predicted samples. Use `zero_division` parameter to control this behavior.
  _warn_prf(average, modifier, f"{metric.capitalize()} is", len(result))

2026-03-05 13:47:48,396:WARNING:/Users/xiaowang/Documents/Github/DataMind/backend/.venv/lib/python3.11/site-packages/sklearn/metrics/_classification.py:1561: UserWarning: Note that pos_label (set to 'Y') is ignored when average != 'binary' (got 'weighted'). You may use labels=[pos_label] to specify a single positive class.
  warnings.warn(

2026-03-05 13:47:48,397:WARNING:/Users/xiaowang/Documents/Github/DataMind/backend/.venv/lib/python3.11/site-packages/sklearn/metrics/_classification.py:1561: UserWarning: Note that pos_label (set to 'Y') is ignored when average != 'binary' (got 'weighted'). You may use labels=[pos_label] to specify a single positive class.
  warnings.warn(

2026-03-05 13:47:48,398:WARNING:/Users/xiaowang/Documents/Github/DataMind/backend/.venv/lib/python3.11/site-packages/sklearn/metrics/_classification.py:1561: UserWarning: Note that pos_label (set to 'Y') is ignored when average != 'binary' (got 'weighted'). You may use labels=[pos_label] to specify a single positive class.
  warnings.warn(

2026-03-05 13:47:48,399:WARNING:/Users/xiaowang/Documents/Github/DataMind/backend/.venv/lib/python3.11/site-packages/sklearn/metrics/_classification.py:1509: UndefinedMetricWarning: Precision is ill-defined and being set to 0.0 in labels with no predicted samples. Use `zero_division` parameter to control this behavior.
  _warn_prf(average, modifier, f"{metric.capitalize()} is", len(result))

2026-03-05 13:47:48,399:WARNING:/Users/xiaowang/Documents/Github/DataMind/backend/.venv/lib/python3.11/site-packages/sklearn/metrics/_classification.py:1561: UserWarning: Note that pos_label (set to 'Y') is ignored when average != 'binary' (got 'weighted'). You may use labels=[pos_label] to specify a single positive class.
  warnings.warn(

2026-03-05 13:47:48,404:WARNING:/Users/xiaowang/Documents/Github/DataMind/backend/.venv/lib/python3.11/site-packages/sklearn/metrics/_classification.py:1561: UserWarning: Note that pos_label (set to 'Y') is ignored when average != 'binary' (got 'weighted'). You may use labels=[pos_label] to specify a single positive class.
  warnings.warn(

2026-03-05 13:47:48,405:WARNING:/Users/xiaowang/Documents/Github/DataMind/backend/.venv/lib/python3.11/site-packages/sklearn/metrics/_classification.py:1561: UserWarning: Note that pos_label (set to 'Y') is ignored when average != 'binary' (got 'weighted'). You may use labels=[pos_label] to specify a single positive class.
  warnings.warn(

2026-03-05 13:47:48,405:WARNING:/Users/xiaowang/Documents/Github/DataMind/backend/.venv/lib/python3.11/site-packages/sklearn/metrics/_classification.py:1509: UndefinedMetricWarning: Precision is ill-defined and being set to 0.0 in labels with no predicted samples. Use `zero_division` parameter to control this behavior.
  _warn_prf(average, modifier, f"{metric.capitalize()} is", len(result))

2026-03-05 13:47:48,406:WARNING:/Users/xiaowang/Documents/Github/DataMind/backend/.venv/lib/python3.11/site-packages/sklearn/metrics/_classification.py:1561: UserWarning: Note that pos_label (set to 'Y') is ignored when average != 'binary' (got 'weighted'). You may use labels=[pos_label] to specify a single positive class.
  warnings.warn(

2026-03-05 13:47:48,409:WARNING:/Users/xiaowang/Documents/Github/DataMind/backend/.venv/lib/python3.11/site-packages/sklearn/metrics/_classification.py:1561: UserWarning: Note that pos_label (set to 'Y') is ignored when average != 'binary' (got 'weighted'). You may use labels=[pos_label] to specify a single positive class.
  warnings.warn(

2026-03-05 13:47:48,409:WARNING:/Users/xiaowang/Documents/Github/DataMind/backend/.venv/lib/python3.11/site-packages/sklearn/metrics/_classification.py:1561: UserWarning: Note that pos_label (set to 'Y') is ignored when average != 'binary' (got 'weighted'). You may use labels=[pos_label] to specify a single positive class.
  warnings.warn(

2026-03-05 13:47:48,410:WARNING:/Users/xiaowang/Documents/Github/DataMind/backend/.venv/lib/python3.11/site-packages/sklearn/metrics/_classification.py:1509: UndefinedMetricWarning: Precision is ill-defined and being set to 0.0 in labels with no predicted samples. Use `zero_division` parameter to control this behavior.
  _warn_prf(average, modifier, f"{metric.capitalize()} is", len(result))

2026-03-05 13:47:48,410:WARNING:/Users/xiaowang/Documents/Github/DataMind/backend/.venv/lib/python3.11/site-packages/sklearn/metrics/_classification.py:1561: UserWarning: Note that pos_label (set to 'Y') is ignored when average != 'binary' (got 'weighted'). You may use labels=[pos_label] to specify a single positive class.
  warnings.warn(

2026-03-05 13:47:48,413:INFO:Calculating mean and std
2026-03-05 13:47:48,413:INFO:Creating metrics dataframe
2026-03-05 13:47:48,414:INFO:Uploading results into container
2026-03-05 13:47:48,414:INFO:Uploading model into container now
2026-03-05 13:47:48,414:INFO:_master_model_container: 13
2026-03-05 13:47:48,414:INFO:_display_container: 2
2026-03-05 13:47:48,414:INFO:DummyClassifier(constant=None, random_state=42, strategy='prior')
2026-03-05 13:47:48,414:INFO:create_model() successfully completed......................................
2026-03-05 13:47:48,467:INFO:SubProcess create_model() end ==================================
2026-03-05 13:47:48,467:INFO:Creating metrics dataframe
2026-03-05 13:47:48,470:WARNING:/Users/xiaowang/Documents/Github/DataMind/backend/.venv/lib/python3.11/site-packages/pycaret/internal/pycaret_experiment/supervised_experiment.py:339: FutureWarning: Styler.applymap has been deprecated. Use Styler.map instead.
  .applymap(highlight_cols, subset=["TT (Sec)"])

2026-03-05 13:47:48,471:INFO:Initializing create_model()
2026-03-05 13:47:48,471:INFO:create_model(self=<pycaret.classification.oop.ClassificationExperiment object at 0x160c18fd0>, estimator=RandomForestClassifier(bootstrap=True, ccp_alpha=0.0, class_weight=None,
                       criterion='gini', max_depth=None, max_features='sqrt',
                       max_leaf_nodes=None, max_samples=None,
                       min_impurity_decrease=0.0, min_samples_leaf=1,
                       min_samples_split=2, min_weight_fraction_leaf=0.0,
                       monotonic_cst=None, n_estimators=100, n_jobs=-1,
                       oob_score=False, random_state=42, verbose=0,
                       warm_start=False), fold=StratifiedKFold(n_splits=5, random_state=None, shuffle=False), round=4, cross_validation=False, predict=False, fit_kwargs={}, groups=None, refit=True, probability_threshold=None, experiment_custom_tags=None, verbose=False, system=False, add_to_model_list=True, metrics=None, display=None, model_only=True, return_train_score=False, error_score=0.0, kwargs={})
2026-03-05 13:47:48,471:INFO:Checking exceptions
2026-03-05 13:47:48,471:INFO:Importing libraries
2026-03-05 13:47:48,471:INFO:Copying training dataset
2026-03-05 13:47:48,473:INFO:Defining folds
2026-03-05 13:47:48,473:INFO:Declaring metric variables
2026-03-05 13:47:48,473:INFO:Importing untrained model
2026-03-05 13:47:48,473:INFO:Declaring custom model
2026-03-05 13:47:48,473:INFO:Random Forest Classifier Imported successfully
2026-03-05 13:47:48,474:INFO:Cross validation set to False
2026-03-05 13:47:48,474:INFO:Fitting Model
2026-03-05 13:47:48,747:INFO:RandomForestClassifier(bootstrap=True, ccp_alpha=0.0, class_weight=None,
                       criterion='gini', max_depth=None, max_features='sqrt',
                       max_leaf_nodes=None, max_samples=None,
                       min_impurity_decrease=0.0, min_samples_leaf=1,
                       min_samples_split=2, min_weight_fraction_leaf=0.0,
                       monotonic_cst=None, n_estimators=100, n_jobs=-1,
                       oob_score=False, random_state=42, verbose=0,
                       warm_start=False)
2026-03-05 13:47:48,747:INFO:create_model() successfully completed......................................
2026-03-05 13:47:48,843:INFO:_master_model_container: 13
2026-03-05 13:47:48,843:INFO:_display_container: 2
2026-03-05 13:47:48,843:INFO:RandomForestClassifier(bootstrap=True, ccp_alpha=0.0, class_weight=None,
                       criterion='gini', max_depth=None, max_features='sqrt',
                       max_leaf_nodes=None, max_samples=None,
                       min_impurity_decrease=0.0, min_samples_leaf=1,
                       min_samples_split=2, min_weight_fraction_leaf=0.0,
                       monotonic_cst=None, n_estimators=100, n_jobs=-1,
                       oob_score=False, random_state=42, verbose=0,
                       warm_start=False)
2026-03-05 13:47:48,843:INFO:compare_models() successfully completed......................................
2026-03-05 13:47:48,846:INFO:gpu_param set to False
2026-03-05 13:47:48,866:WARNING:
'xgboost' is a soft dependency and not included in the pycaret installation. Please run: `pip install xgboost` to install.
Alternately, you can install this by running `pip install pycaret[models]`
2026-03-05 13:47:48,866:WARNING:
'catboost' is a soft dependency and not included in the pycaret installation. Please run: `pip install catboost` to install.
Alternately, you can install this by running `pip install pycaret[models]`
2026-03-05 13:47:48,886:WARNING:
'xgboost' is a soft dependency and not included in the pycaret installation. Please run: `pip install xgboost` to install.
Alternately, you can install this by running `pip install pycaret[models]`
2026-03-05 13:47:48,886:WARNING:
'catboost' is a soft dependency and not included in the pycaret installation. Please run: `pip install catboost` to install.
Alternately, you can install this by running `pip install pycaret[models]`
2026-03-05 13:47:48,887:INFO:Initializing create_model()
2026-03-05 13:47:48,887:INFO:create_model(self=<pycaret.classification.oop.ClassificationExperiment object at 0x160c18fd0>, estimator=lr, fold=5, round=4, cross_validation=True, predict=True, fit_kwargs=None, groups=None, refit=True, probability_threshold=None, experiment_custom_tags=None, verbose=True, system=True, add_to_model_list=True, metrics=None, display=None, model_only=True, return_train_score=False, error_score=0.0, kwargs={})
2026-03-05 13:47:48,887:INFO:Checking exceptions
2026-03-05 13:47:48,887:INFO:Importing libraries
2026-03-05 13:47:48,887:INFO:Copying training dataset
2026-03-05 13:47:48,889:INFO:Defining folds
2026-03-05 13:47:48,889:INFO:Declaring metric variables
2026-03-05 13:47:48,889:INFO:Importing untrained model
2026-03-05 13:47:48,889:INFO:Logistic Regression Imported successfully
2026-03-05 13:47:48,889:INFO:Starting cross validation
2026-03-05 13:47:48,890:INFO:Cross validating with StratifiedKFold(n_splits=5, random_state=None, shuffle=False), n_jobs=-1
2026-03-05 13:47:48,971:WARNING:/Users/xiaowang/Documents/Github/DataMind/backend/.venv/lib/python3.11/site-packages/sklearn/metrics/_classification.py:1561: UserWarning: Note that pos_label (set to 'Y') is ignored when average != 'binary' (got 'weighted'). You may use labels=[pos_label] to specify a single positive class.
  warnings.warn(

2026-03-05 13:47:48,971:WARNING:/Users/xiaowang/Documents/Github/DataMind/backend/.venv/lib/python3.11/site-packages/sklearn/metrics/_classification.py:1561: UserWarning: Note that pos_label (set to 'Y') is ignored when average != 'binary' (got 'weighted'). You may use labels=[pos_label] to specify a single positive class.
  warnings.warn(

2026-03-05 13:47:48,972:WARNING:/Users/xiaowang/Documents/Github/DataMind/backend/.venv/lib/python3.11/site-packages/sklearn/metrics/_classification.py:1561: UserWarning: Note that pos_label (set to 'Y') is ignored when average != 'binary' (got 'weighted'). You may use labels=[pos_label] to specify a single positive class.
  warnings.warn(

2026-03-05 13:47:48,990:WARNING:/Users/xiaowang/Documents/Github/DataMind/backend/.venv/lib/python3.11/site-packages/sklearn/metrics/_classification.py:1561: UserWarning: Note that pos_label (set to 'Y') is ignored when average != 'binary' (got 'weighted'). You may use labels=[pos_label] to specify a single positive class.
  warnings.warn(

2026-03-05 13:47:48,990:WARNING:/Users/xiaowang/Documents/Github/DataMind/backend/.venv/lib/python3.11/site-packages/sklearn/metrics/_classification.py:1561: UserWarning: Note that pos_label (set to 'Y') is ignored when average != 'binary' (got 'weighted'). You may use labels=[pos_label] to specify a single positive class.
  warnings.warn(

2026-03-05 13:47:48,990:WARNING:/Users/xiaowang/Documents/Github/DataMind/backend/.venv/lib/python3.11/site-packages/sklearn/metrics/_classification.py:1561: UserWarning: Note that pos_label (set to 'Y') is ignored when average != 'binary' (got 'weighted'). You may use labels=[pos_label] to specify a single positive class.
  warnings.warn(

2026-03-05 13:47:48,991:WARNING:/Users/xiaowang/Documents/Github/DataMind/backend/.venv/lib/python3.11/site-packages/sklearn/metrics/_classification.py:1561: UserWarning: Note that pos_label (set to 'Y') is ignored when average != 'binary' (got 'weighted'). You may use labels=[pos_label] to specify a single positive class.
  warnings.warn(

2026-03-05 13:47:48,991:WARNING:/Users/xiaowang/Documents/Github/DataMind/backend/.venv/lib/python3.11/site-packages/sklearn/metrics/_classification.py:1561: UserWarning: Note that pos_label (set to 'Y') is ignored when average != 'binary' (got 'weighted'). You may use labels=[pos_label] to specify a single positive class.
  warnings.warn(

2026-03-05 13:47:48,992:WARNING:/Users/xiaowang/Documents/Github/DataMind/backend/.venv/lib/python3.11/site-packages/sklearn/metrics/_classification.py:1561: UserWarning: Note that pos_label (set to 'Y') is ignored when average != 'binary' (got 'weighted'). You may use labels=[pos_label] to specify a single positive class.
  warnings.warn(

2026-03-05 13:47:49,001:WARNING:/Users/xiaowang/Documents/Github/DataMind/backend/.venv/lib/python3.11/site-packages/sklearn/metrics/_classification.py:1561: UserWarning: Note that pos_label (set to 'Y') is ignored when average != 'binary' (got 'weighted'). You may use labels=[pos_label] to specify a single positive class.
  warnings.warn(

2026-03-05 13:47:49,002:WARNING:/Users/xiaowang/Documents/Github/DataMind/backend/.venv/lib/python3.11/site-packages/sklearn/metrics/_classification.py:1561: UserWarning: Note that pos_label (set to 'Y') is ignored when average != 'binary' (got 'weighted'). You may use labels=[pos_label] to specify a single positive class.
  warnings.warn(

2026-03-05 13:47:49,003:WARNING:/Users/xiaowang/Documents/Github/DataMind/backend/.venv/lib/python3.11/site-packages/sklearn/metrics/_classification.py:1561: UserWarning: Note that pos_label (set to 'Y') is ignored when average != 'binary' (got 'weighted'). You may use labels=[pos_label] to specify a single positive class.
  warnings.warn(

2026-03-05 13:47:49,005:WARNING:/Users/xiaowang/Documents/Github/DataMind/backend/.venv/lib/python3.11/site-packages/sklearn/metrics/_classification.py:1561: UserWarning: Note that pos_label (set to 'Y') is ignored when average != 'binary' (got 'weighted'). You may use labels=[pos_label] to specify a single positive class.
  warnings.warn(

2026-03-05 13:47:49,006:WARNING:/Users/xiaowang/Documents/Github/DataMind/backend/.venv/lib/python3.11/site-packages/sklearn/metrics/_classification.py:1561: UserWarning: Note that pos_label (set to 'Y') is ignored when average != 'binary' (got 'weighted'). You may use labels=[pos_label] to specify a single positive class.
  warnings.warn(

2026-03-05 13:47:49,006:WARNING:/Users/xiaowang/Documents/Github/DataMind/backend/.venv/lib/python3.11/site-packages/sklearn/metrics/_classification.py:1561: UserWarning: Note that pos_label (set to 'Y') is ignored when average != 'binary' (got 'weighted'). You may use labels=[pos_label] to specify a single positive class.
  warnings.warn(

2026-03-05 13:47:49,015:INFO:Calculating mean and std
2026-03-05 13:47:49,015:INFO:Creating metrics dataframe
2026-03-05 13:47:49,016:INFO:Finalizing model
2026-03-05 13:47:49,616:INFO:Uploading results into container
2026-03-05 13:47:49,616:INFO:Uploading model into container now
2026-03-05 13:47:49,620:INFO:_master_model_container: 14
2026-03-05 13:47:49,620:INFO:_display_container: 3
2026-03-05 13:47:49,620:INFO:LogisticRegression(C=1.0, class_weight=None, dual=False, fit_intercept=True,
                   intercept_scaling=1, l1_ratio=None, max_iter=1000,
                   multi_class='auto', n_jobs=None, penalty='l2',
                   random_state=42, solver='lbfgs', tol=0.0001, verbose=0,
                   warm_start=False)
2026-03-05 13:47:49,620:INFO:create_model() successfully completed......................................
2026-03-05 13:47:49,718:INFO:Initializing predict_model()
2026-03-05 13:47:49,718:INFO:predict_model(self=<pycaret.classification.oop.ClassificationExperiment object at 0x160c18fd0>, estimator=LogisticRegression(C=1.0, class_weight=None, dual=False, fit_intercept=True,
                   intercept_scaling=1, l1_ratio=None, max_iter=1000,
                   multi_class='auto', n_jobs=None, penalty='l2',
                   random_state=42, solver='lbfgs', tol=0.0001, verbose=0,
                   warm_start=False), probability_threshold=None, encoded_labels=False, raw_score=False, round=4, verbose=True, ml_usecase=None, preprocess=True, encode_labels=<function _SupervisedExperiment.predict_model.<locals>.encode_labels at 0x1610c0220>)
2026-03-05 13:47:49,718:INFO:Checking exceptions
2026-03-05 13:47:49,718:INFO:Preloading libraries
2026-03-05 13:47:50,007:WARNING:/Users/xiaowang/Documents/Github/DataMind/backend/.venv/lib/python3.11/site-packages/sklearn/metrics/_classification.py:1561: UserWarning: Note that pos_label (set to 'Y') is ignored when average != 'binary' (got 'weighted'). You may use labels=[pos_label] to specify a single positive class.
  warnings.warn(

2026-03-05 13:47:50,010:WARNING:/Users/xiaowang/Documents/Github/DataMind/backend/.venv/lib/python3.11/site-packages/sklearn/metrics/_classification.py:1561: UserWarning: Note that pos_label (set to 'Y') is ignored when average != 'binary' (got 'weighted'). You may use labels=[pos_label] to specify a single positive class.
  warnings.warn(

2026-03-05 13:47:50,014:WARNING:/Users/xiaowang/Documents/Github/DataMind/backend/.venv/lib/python3.11/site-packages/sklearn/metrics/_classification.py:1561: UserWarning: Note that pos_label (set to 'Y') is ignored when average != 'binary' (got 'weighted'). You may use labels=[pos_label] to specify a single positive class.
  warnings.warn(

2026-03-05 13:47:50,136:INFO:Initializing create_model()
2026-03-05 13:47:50,137:INFO:create_model(self=<pycaret.classification.oop.ClassificationExperiment object at 0x160c18fd0>, estimator=knn, fold=5, round=4, cross_validation=True, predict=True, fit_kwargs=None, groups=None, refit=True, probability_threshold=None, experiment_custom_tags=None, verbose=True, system=True, add_to_model_list=True, metrics=None, display=None, model_only=True, return_train_score=False, error_score=0.0, kwargs={})
2026-03-05 13:47:50,137:INFO:Checking exceptions
2026-03-05 13:47:50,137:INFO:Importing libraries
2026-03-05 13:47:50,137:INFO:Copying training dataset
2026-03-05 13:47:50,139:INFO:Defining folds
2026-03-05 13:47:50,139:INFO:Declaring metric variables
2026-03-05 13:47:50,139:INFO:Importing untrained model
2026-03-05 13:47:50,139:INFO:K Neighbors Classifier Imported successfully
2026-03-05 13:47:50,139:INFO:Starting cross validation
2026-03-05 13:47:50,140:INFO:Cross validating with StratifiedKFold(n_splits=5, random_state=None, shuffle=False), n_jobs=-1
2026-03-05 13:47:50,253:WARNING:/Users/xiaowang/Documents/Github/DataMind/backend/.venv/lib/python3.11/site-packages/sklearn/metrics/_classification.py:1561: UserWarning: Note that pos_label (set to 'Y') is ignored when average != 'binary' (got 'weighted'). You may use labels=[pos_label] to specify a single positive class.
  warnings.warn(

2026-03-05 13:47:50,255:WARNING:/Users/xiaowang/Documents/Github/DataMind/backend/.venv/lib/python3.11/site-packages/sklearn/metrics/_classification.py:1561: UserWarning: Note that pos_label (set to 'Y') is ignored when average != 'binary' (got 'weighted'). You may use labels=[pos_label] to specify a single positive class.
  warnings.warn(

2026-03-05 13:47:50,257:WARNING:/Users/xiaowang/Documents/Github/DataMind/backend/.venv/lib/python3.11/site-packages/sklearn/metrics/_classification.py:1561: UserWarning: Note that pos_label (set to 'Y') is ignored when average != 'binary' (got 'weighted'). You may use labels=[pos_label] to specify a single positive class.
  warnings.warn(

2026-03-05 13:47:50,259:WARNING:/Users/xiaowang/Documents/Github/DataMind/backend/.venv/lib/python3.11/site-packages/sklearn/metrics/_classification.py:1561: UserWarning: Note that pos_label (set to 'Y') is ignored when average != 'binary' (got 'weighted'). You may use labels=[pos_label] to specify a single positive class.
  warnings.warn(

2026-03-05 13:47:50,260:WARNING:/Users/xiaowang/Documents/Github/DataMind/backend/.venv/lib/python3.11/site-packages/sklearn/metrics/_classification.py:1561: UserWarning: Note that pos_label (set to 'Y') is ignored when average != 'binary' (got 'weighted'). You may use labels=[pos_label] to specify a single positive class.
  warnings.warn(

2026-03-05 13:47:50,260:WARNING:/Users/xiaowang/Documents/Github/DataMind/backend/.venv/lib/python3.11/site-packages/sklearn/metrics/_classification.py:1561: UserWarning: Note that pos_label (set to 'Y') is ignored when average != 'binary' (got 'weighted'). You may use labels=[pos_label] to specify a single positive class.
  warnings.warn(

2026-03-05 13:47:50,269:WARNING:/Users/xiaowang/Documents/Github/DataMind/backend/.venv/lib/python3.11/site-packages/sklearn/metrics/_classification.py:1561: UserWarning: Note that pos_label (set to 'Y') is ignored when average != 'binary' (got 'weighted'). You may use labels=[pos_label] to specify a single positive class.
  warnings.warn(

2026-03-05 13:47:50,270:WARNING:/Users/xiaowang/Documents/Github/DataMind/backend/.venv/lib/python3.11/site-packages/sklearn/metrics/_classification.py:1561: UserWarning: Note that pos_label (set to 'Y') is ignored when average != 'binary' (got 'weighted'). You may use labels=[pos_label] to specify a single positive class.
  warnings.warn(

2026-03-05 13:47:50,270:WARNING:/Users/xiaowang/Documents/Github/DataMind/backend/.venv/lib/python3.11/site-packages/sklearn/metrics/_classification.py:1561: UserWarning: Note that pos_label (set to 'Y') is ignored when average != 'binary' (got 'weighted'). You may use labels=[pos_label] to specify a single positive class.
  warnings.warn(

2026-03-05 13:47:50,271:WARNING:/Users/xiaowang/Documents/Github/DataMind/backend/.venv/lib/python3.11/site-packages/sklearn/metrics/_classification.py:1561: UserWarning: Note that pos_label (set to 'Y') is ignored when average != 'binary' (got 'weighted'). You may use labels=[pos_label] to specify a single positive class.
  warnings.warn(

2026-03-05 13:47:50,271:WARNING:/Users/xiaowang/Documents/Github/DataMind/backend/.venv/lib/python3.11/site-packages/sklearn/metrics/_classification.py:1561: UserWarning: Note that pos_label (set to 'Y') is ignored when average != 'binary' (got 'weighted'). You may use labels=[pos_label] to specify a single positive class.
  warnings.warn(

2026-03-05 13:47:50,272:WARNING:/Users/xiaowang/Documents/Github/DataMind/backend/.venv/lib/python3.11/site-packages/sklearn/metrics/_classification.py:1561: UserWarning: Note that pos_label (set to 'Y') is ignored when average != 'binary' (got 'weighted'). You may use labels=[pos_label] to specify a single positive class.
  warnings.warn(

2026-03-05 13:47:50,274:WARNING:/Users/xiaowang/Documents/Github/DataMind/backend/.venv/lib/python3.11/site-packages/sklearn/metrics/_classification.py:1561: UserWarning: Note that pos_label (set to 'Y') is ignored when average != 'binary' (got 'weighted'). You may use labels=[pos_label] to specify a single positive class.
  warnings.warn(

2026-03-05 13:47:50,275:WARNING:/Users/xiaowang/Documents/Github/DataMind/backend/.venv/lib/python3.11/site-packages/sklearn/metrics/_classification.py:1561: UserWarning: Note that pos_label (set to 'Y') is ignored when average != 'binary' (got 'weighted'). You may use labels=[pos_label] to specify a single positive class.
  warnings.warn(

2026-03-05 13:47:50,275:WARNING:/Users/xiaowang/Documents/Github/DataMind/backend/.venv/lib/python3.11/site-packages/sklearn/metrics/_classification.py:1561: UserWarning: Note that pos_label (set to 'Y') is ignored when average != 'binary' (got 'weighted'). You may use labels=[pos_label] to specify a single positive class.
  warnings.warn(

2026-03-05 13:47:50,279:INFO:Calculating mean and std
2026-03-05 13:47:50,279:INFO:Creating metrics dataframe
2026-03-05 13:47:50,280:INFO:Finalizing model
2026-03-05 13:47:50,335:INFO:Uploading results into container
2026-03-05 13:47:50,335:INFO:Uploading model into container now
2026-03-05 13:47:50,337:INFO:_master_model_container: 15
2026-03-05 13:47:50,337:INFO:_display_container: 5
2026-03-05 13:47:50,337:INFO:KNeighborsClassifier(algorithm='auto', leaf_size=30, metric='minkowski',
                     metric_params=None, n_jobs=-1, n_neighbors=5, p=2,
                     weights='uniform')
2026-03-05 13:47:50,337:INFO:create_model() successfully completed......................................
2026-03-05 13:47:50,393:INFO:Initializing predict_model()
2026-03-05 13:47:50,393:INFO:predict_model(self=<pycaret.classification.oop.ClassificationExperiment object at 0x160c18fd0>, estimator=KNeighborsClassifier(algorithm='auto', leaf_size=30, metric='minkowski',
                     metric_params=None, n_jobs=-1, n_neighbors=5, p=2,
                     weights='uniform'), probability_threshold=None, encoded_labels=False, raw_score=False, round=4, verbose=True, ml_usecase=None, preprocess=True, encode_labels=<function _SupervisedExperiment.predict_model.<locals>.encode_labels at 0x1607e2340>)
2026-03-05 13:47:50,393:INFO:Checking exceptions
2026-03-05 13:47:50,393:INFO:Preloading libraries
2026-03-05 13:47:50,509:WARNING:/Users/xiaowang/Documents/Github/DataMind/backend/.venv/lib/python3.11/site-packages/sklearn/metrics/_classification.py:1561: UserWarning: Note that pos_label (set to 'Y') is ignored when average != 'binary' (got 'weighted'). You may use labels=[pos_label] to specify a single positive class.
  warnings.warn(

2026-03-05 13:47:50,510:WARNING:/Users/xiaowang/Documents/Github/DataMind/backend/.venv/lib/python3.11/site-packages/sklearn/metrics/_classification.py:1561: UserWarning: Note that pos_label (set to 'Y') is ignored when average != 'binary' (got 'weighted'). You may use labels=[pos_label] to specify a single positive class.
  warnings.warn(

2026-03-05 13:47:50,511:WARNING:/Users/xiaowang/Documents/Github/DataMind/backend/.venv/lib/python3.11/site-packages/sklearn/metrics/_classification.py:1561: UserWarning: Note that pos_label (set to 'Y') is ignored when average != 'binary' (got 'weighted'). You may use labels=[pos_label] to specify a single positive class.
  warnings.warn(

2026-03-05 13:47:50,574:INFO:Initializing create_model()
2026-03-05 13:47:50,574:INFO:create_model(self=<pycaret.classification.oop.ClassificationExperiment object at 0x160c18fd0>, estimator=nb, fold=5, round=4, cross_validation=True, predict=True, fit_kwargs=None, groups=None, refit=True, probability_threshold=None, experiment_custom_tags=None, verbose=True, system=True, add_to_model_list=True, metrics=None, display=None, model_only=True, return_train_score=False, error_score=0.0, kwargs={})
2026-03-05 13:47:50,574:INFO:Checking exceptions
2026-03-05 13:47:50,574:INFO:Importing libraries
2026-03-05 13:47:50,574:INFO:Copying training dataset
2026-03-05 13:47:50,576:INFO:Defining folds
2026-03-05 13:47:50,576:INFO:Declaring metric variables
2026-03-05 13:47:50,576:INFO:Importing untrained model
2026-03-05 13:47:50,576:INFO:Naive Bayes Imported successfully
2026-03-05 13:47:50,576:INFO:Starting cross validation
2026-03-05 13:47:50,577:INFO:Cross validating with StratifiedKFold(n_splits=5, random_state=None, shuffle=False), n_jobs=-1
2026-03-05 13:47:50,660:WARNING:/Users/xiaowang/Documents/Github/DataMind/backend/.venv/lib/python3.11/site-packages/sklearn/metrics/_classification.py:1561: UserWarning: Note that pos_label (set to 'Y') is ignored when average != 'binary' (got 'weighted'). You may use labels=[pos_label] to specify a single positive class.
  warnings.warn(

2026-03-05 13:47:50,661:WARNING:/Users/xiaowang/Documents/Github/DataMind/backend/.venv/lib/python3.11/site-packages/sklearn/metrics/_classification.py:1561: UserWarning: Note that pos_label (set to 'Y') is ignored when average != 'binary' (got 'weighted'). You may use labels=[pos_label] to specify a single positive class.
  warnings.warn(

2026-03-05 13:47:50,662:WARNING:/Users/xiaowang/Documents/Github/DataMind/backend/.venv/lib/python3.11/site-packages/sklearn/metrics/_classification.py:1561: UserWarning: Note that pos_label (set to 'Y') is ignored when average != 'binary' (got 'weighted'). You may use labels=[pos_label] to specify a single positive class.
  warnings.warn(

2026-03-05 13:47:50,673:WARNING:/Users/xiaowang/Documents/Github/DataMind/backend/.venv/lib/python3.11/site-packages/sklearn/metrics/_classification.py:1561: UserWarning: Note that pos_label (set to 'Y') is ignored when average != 'binary' (got 'weighted'). You may use labels=[pos_label] to specify a single positive class.
  warnings.warn(

2026-03-05 13:47:50,674:WARNING:/Users/xiaowang/Documents/Github/DataMind/backend/.venv/lib/python3.11/site-packages/sklearn/metrics/_classification.py:1561: UserWarning: Note that pos_label (set to 'Y') is ignored when average != 'binary' (got 'weighted'). You may use labels=[pos_label] to specify a single positive class.
  warnings.warn(

2026-03-05 13:47:50,675:WARNING:/Users/xiaowang/Documents/Github/DataMind/backend/.venv/lib/python3.11/site-packages/sklearn/metrics/_classification.py:1561: UserWarning: Note that pos_label (set to 'Y') is ignored when average != 'binary' (got 'weighted'). You may use labels=[pos_label] to specify a single positive class.
  warnings.warn(

2026-03-05 13:47:50,680:WARNING:/Users/xiaowang/Documents/Github/DataMind/backend/.venv/lib/python3.11/site-packages/sklearn/metrics/_classification.py:1561: UserWarning: Note that pos_label (set to 'Y') is ignored when average != 'binary' (got 'weighted'). You may use labels=[pos_label] to specify a single positive class.
  warnings.warn(

2026-03-05 13:47:50,680:WARNING:/Users/xiaowang/Documents/Github/DataMind/backend/.venv/lib/python3.11/site-packages/sklearn/metrics/_classification.py:1561: UserWarning: Note that pos_label (set to 'Y') is ignored when average != 'binary' (got 'weighted'). You may use labels=[pos_label] to specify a single positive class.
  warnings.warn(

2026-03-05 13:47:50,681:WARNING:/Users/xiaowang/Documents/Github/DataMind/backend/.venv/lib/python3.11/site-packages/sklearn/metrics/_classification.py:1561: UserWarning: Note that pos_label (set to 'Y') is ignored when average != 'binary' (got 'weighted'). You may use labels=[pos_label] to specify a single positive class.
  warnings.warn(

2026-03-05 13:47:50,681:WARNING:/Users/xiaowang/Documents/Github/DataMind/backend/.venv/lib/python3.11/site-packages/sklearn/metrics/_classification.py:1561: UserWarning: Note that pos_label (set to 'Y') is ignored when average != 'binary' (got 'weighted'). You may use labels=[pos_label] to specify a single positive class.
  warnings.warn(

2026-03-05 13:47:50,681:WARNING:/Users/xiaowang/Documents/Github/DataMind/backend/.venv/lib/python3.11/site-packages/sklearn/metrics/_classification.py:1561: UserWarning: Note that pos_label (set to 'Y') is ignored when average != 'binary' (got 'weighted'). You may use labels=[pos_label] to specify a single positive class.
  warnings.warn(

2026-03-05 13:47:50,681:WARNING:/Users/xiaowang/Documents/Github/DataMind/backend/.venv/lib/python3.11/site-packages/sklearn/metrics/_classification.py:1561: UserWarning: Note that pos_label (set to 'Y') is ignored when average != 'binary' (got 'weighted'). You may use labels=[pos_label] to specify a single positive class.
  warnings.warn(

2026-03-05 13:47:50,683:WARNING:/Users/xiaowang/Documents/Github/DataMind/backend/.venv/lib/python3.11/site-packages/sklearn/metrics/_classification.py:1561: UserWarning: Note that pos_label (set to 'Y') is ignored when average != 'binary' (got 'weighted'). You may use labels=[pos_label] to specify a single positive class.
  warnings.warn(

2026-03-05 13:47:50,684:WARNING:/Users/xiaowang/Documents/Github/DataMind/backend/.venv/lib/python3.11/site-packages/sklearn/metrics/_classification.py:1561: UserWarning: Note that pos_label (set to 'Y') is ignored when average != 'binary' (got 'weighted'). You may use labels=[pos_label] to specify a single positive class.
  warnings.warn(

2026-03-05 13:47:50,685:WARNING:/Users/xiaowang/Documents/Github/DataMind/backend/.venv/lib/python3.11/site-packages/sklearn/metrics/_classification.py:1561: UserWarning: Note that pos_label (set to 'Y') is ignored when average != 'binary' (got 'weighted'). You may use labels=[pos_label] to specify a single positive class.
  warnings.warn(

2026-03-05 13:47:50,691:INFO:Calculating mean and std
2026-03-05 13:47:50,691:INFO:Creating metrics dataframe
2026-03-05 13:47:50,692:INFO:Finalizing model
2026-03-05 13:47:50,746:INFO:Uploading results into container
2026-03-05 13:47:50,747:INFO:Uploading model into container now
2026-03-05 13:47:50,748:INFO:_master_model_container: 16
2026-03-05 13:47:50,748:INFO:_display_container: 7
2026-03-05 13:47:50,748:INFO:GaussianNB(priors=None, var_smoothing=1e-09)
2026-03-05 13:47:50,748:INFO:create_model() successfully completed......................................
2026-03-05 13:47:50,804:INFO:Initializing predict_model()
2026-03-05 13:47:50,804:INFO:predict_model(self=<pycaret.classification.oop.ClassificationExperiment object at 0x160c18fd0>, estimator=GaussianNB(priors=None, var_smoothing=1e-09), probability_threshold=None, encoded_labels=False, raw_score=False, round=4, verbose=True, ml_usecase=None, preprocess=True, encode_labels=<function _SupervisedExperiment.predict_model.<locals>.encode_labels at 0x12ce3cfe0>)
2026-03-05 13:47:50,804:INFO:Checking exceptions
2026-03-05 13:47:50,804:INFO:Preloading libraries
2026-03-05 13:47:50,911:WARNING:/Users/xiaowang/Documents/Github/DataMind/backend/.venv/lib/python3.11/site-packages/sklearn/metrics/_classification.py:1561: UserWarning: Note that pos_label (set to 'Y') is ignored when average != 'binary' (got 'weighted'). You may use labels=[pos_label] to specify a single positive class.
  warnings.warn(

2026-03-05 13:47:50,913:WARNING:/Users/xiaowang/Documents/Github/DataMind/backend/.venv/lib/python3.11/site-packages/sklearn/metrics/_classification.py:1561: UserWarning: Note that pos_label (set to 'Y') is ignored when average != 'binary' (got 'weighted'). You may use labels=[pos_label] to specify a single positive class.
  warnings.warn(

2026-03-05 13:47:50,914:WARNING:/Users/xiaowang/Documents/Github/DataMind/backend/.venv/lib/python3.11/site-packages/sklearn/metrics/_classification.py:1561: UserWarning: Note that pos_label (set to 'Y') is ignored when average != 'binary' (got 'weighted'). You may use labels=[pos_label] to specify a single positive class.
  warnings.warn(

2026-03-05 13:47:50,973:INFO:Initializing create_model()
2026-03-05 13:47:50,973:INFO:create_model(self=<pycaret.classification.oop.ClassificationExperiment object at 0x160c18fd0>, estimator=dt, fold=5, round=4, cross_validation=True, predict=True, fit_kwargs=None, groups=None, refit=True, probability_threshold=None, experiment_custom_tags=None, verbose=True, system=True, add_to_model_list=True, metrics=None, display=None, model_only=True, return_train_score=False, error_score=0.0, kwargs={})
2026-03-05 13:47:50,973:INFO:Checking exceptions
2026-03-05 13:47:50,973:INFO:Importing libraries
2026-03-05 13:47:50,973:INFO:Copying training dataset
2026-03-05 13:47:50,975:INFO:Defining folds
2026-03-05 13:47:50,975:INFO:Declaring metric variables
2026-03-05 13:47:50,975:INFO:Importing untrained model
2026-03-05 13:47:50,975:INFO:Decision Tree Classifier Imported successfully
2026-03-05 13:47:50,975:INFO:Starting cross validation
2026-03-05 13:47:50,976:INFO:Cross validating with StratifiedKFold(n_splits=5, random_state=None, shuffle=False), n_jobs=-1
2026-03-05 13:47:51,060:WARNING:/Users/xiaowang/Documents/Github/DataMind/backend/.venv/lib/python3.11/site-packages/sklearn/metrics/_classification.py:1561: UserWarning: Note that pos_label (set to 'Y') is ignored when average != 'binary' (got 'weighted'). You may use labels=[pos_label] to specify a single positive class.
  warnings.warn(

2026-03-05 13:47:51,061:WARNING:/Users/xiaowang/Documents/Github/DataMind/backend/.venv/lib/python3.11/site-packages/sklearn/metrics/_classification.py:1561: UserWarning: Note that pos_label (set to 'Y') is ignored when average != 'binary' (got 'weighted'). You may use labels=[pos_label] to specify a single positive class.
  warnings.warn(

2026-03-05 13:47:51,062:WARNING:/Users/xiaowang/Documents/Github/DataMind/backend/.venv/lib/python3.11/site-packages/sklearn/metrics/_classification.py:1561: UserWarning: Note that pos_label (set to 'Y') is ignored when average != 'binary' (got 'weighted'). You may use labels=[pos_label] to specify a single positive class.
  warnings.warn(

2026-03-05 13:47:51,067:WARNING:/Users/xiaowang/Documents/Github/DataMind/backend/.venv/lib/python3.11/site-packages/sklearn/metrics/_classification.py:1561: UserWarning: Note that pos_label (set to 'Y') is ignored when average != 'binary' (got 'weighted'). You may use labels=[pos_label] to specify a single positive class.
  warnings.warn(

2026-03-05 13:47:51,068:WARNING:/Users/xiaowang/Documents/Github/DataMind/backend/.venv/lib/python3.11/site-packages/sklearn/metrics/_classification.py:1561: UserWarning: Note that pos_label (set to 'Y') is ignored when average != 'binary' (got 'weighted'). You may use labels=[pos_label] to specify a single positive class.
  warnings.warn(

2026-03-05 13:47:51,068:WARNING:/Users/xiaowang/Documents/Github/DataMind/backend/.venv/lib/python3.11/site-packages/sklearn/metrics/_classification.py:1561: UserWarning: Note that pos_label (set to 'Y') is ignored when average != 'binary' (got 'weighted'). You may use labels=[pos_label] to specify a single positive class.
  warnings.warn(

2026-03-05 13:47:51,069:WARNING:/Users/xiaowang/Documents/Github/DataMind/backend/.venv/lib/python3.11/site-packages/sklearn/metrics/_classification.py:1561: UserWarning: Note that pos_label (set to 'Y') is ignored when average != 'binary' (got 'weighted'). You may use labels=[pos_label] to specify a single positive class.
  warnings.warn(

2026-03-05 13:47:51,069:WARNING:/Users/xiaowang/Documents/Github/DataMind/backend/.venv/lib/python3.11/site-packages/sklearn/metrics/_classification.py:1561: UserWarning: Note that pos_label (set to 'Y') is ignored when average != 'binary' (got 'weighted'). You may use labels=[pos_label] to specify a single positive class.
  warnings.warn(

2026-03-05 13:47:51,069:WARNING:/Users/xiaowang/Documents/Github/DataMind/backend/.venv/lib/python3.11/site-packages/sklearn/metrics/_classification.py:1561: UserWarning: Note that pos_label (set to 'Y') is ignored when average != 'binary' (got 'weighted'). You may use labels=[pos_label] to specify a single positive class.
  warnings.warn(

2026-03-05 13:47:51,073:WARNING:/Users/xiaowang/Documents/Github/DataMind/backend/.venv/lib/python3.11/site-packages/sklearn/metrics/_classification.py:1561: UserWarning: Note that pos_label (set to 'Y') is ignored when average != 'binary' (got 'weighted'). You may use labels=[pos_label] to specify a single positive class.
  warnings.warn(

2026-03-05 13:47:51,074:WARNING:/Users/xiaowang/Documents/Github/DataMind/backend/.venv/lib/python3.11/site-packages/sklearn/metrics/_classification.py:1561: UserWarning: Note that pos_label (set to 'Y') is ignored when average != 'binary' (got 'weighted'). You may use labels=[pos_label] to specify a single positive class.
  warnings.warn(

2026-03-05 13:47:51,074:WARNING:/Users/xiaowang/Documents/Github/DataMind/backend/.venv/lib/python3.11/site-packages/sklearn/metrics/_classification.py:1561: UserWarning: Note that pos_label (set to 'Y') is ignored when average != 'binary' (got 'weighted'). You may use labels=[pos_label] to specify a single positive class.
  warnings.warn(

2026-03-05 13:47:51,074:WARNING:/Users/xiaowang/Documents/Github/DataMind/backend/.venv/lib/python3.11/site-packages/sklearn/metrics/_classification.py:1561: UserWarning: Note that pos_label (set to 'Y') is ignored when average != 'binary' (got 'weighted'). You may use labels=[pos_label] to specify a single positive class.
  warnings.warn(

2026-03-05 13:47:51,075:WARNING:/Users/xiaowang/Documents/Github/DataMind/backend/.venv/lib/python3.11/site-packages/sklearn/metrics/_classification.py:1561: UserWarning: Note that pos_label (set to 'Y') is ignored when average != 'binary' (got 'weighted'). You may use labels=[pos_label] to specify a single positive class.
  warnings.warn(

2026-03-05 13:47:51,075:WARNING:/Users/xiaowang/Documents/Github/DataMind/backend/.venv/lib/python3.11/site-packages/sklearn/metrics/_classification.py:1561: UserWarning: Note that pos_label (set to 'Y') is ignored when average != 'binary' (got 'weighted'). You may use labels=[pos_label] to specify a single positive class.
  warnings.warn(

2026-03-05 13:47:51,089:INFO:Calculating mean and std
2026-03-05 13:47:51,089:INFO:Creating metrics dataframe
2026-03-05 13:47:51,090:INFO:Finalizing model
2026-03-05 13:47:51,147:INFO:Uploading results into container
2026-03-05 13:47:51,147:INFO:Uploading model into container now
2026-03-05 13:47:51,149:INFO:_master_model_container: 17
2026-03-05 13:47:51,149:INFO:_display_container: 9
2026-03-05 13:47:51,149:INFO:DecisionTreeClassifier(ccp_alpha=0.0, class_weight=None, criterion='gini',
                       max_depth=None, max_features=None, max_leaf_nodes=None,
                       min_impurity_decrease=0.0, min_samples_leaf=1,
                       min_samples_split=2, min_weight_fraction_leaf=0.0,
                       monotonic_cst=None, random_state=42, splitter='best')
2026-03-05 13:47:51,149:INFO:create_model() successfully completed......................................
2026-03-05 13:47:51,205:INFO:Initializing predict_model()
2026-03-05 13:47:51,205:INFO:predict_model(self=<pycaret.classification.oop.ClassificationExperiment object at 0x160c18fd0>, estimator=DecisionTreeClassifier(ccp_alpha=0.0, class_weight=None, criterion='gini',
                       max_depth=None, max_features=None, max_leaf_nodes=None,
                       min_impurity_decrease=0.0, min_samples_leaf=1,
                       min_samples_split=2, min_weight_fraction_leaf=0.0,
                       monotonic_cst=None, random_state=42, splitter='best'), probability_threshold=None, encoded_labels=False, raw_score=False, round=4, verbose=True, ml_usecase=None, preprocess=True, encode_labels=<function _SupervisedExperiment.predict_model.<locals>.encode_labels at 0x1607e2340>)
2026-03-05 13:47:51,206:INFO:Checking exceptions
2026-03-05 13:47:51,206:INFO:Preloading libraries
2026-03-05 13:47:51,313:WARNING:/Users/xiaowang/Documents/Github/DataMind/backend/.venv/lib/python3.11/site-packages/sklearn/metrics/_classification.py:1561: UserWarning: Note that pos_label (set to 'Y') is ignored when average != 'binary' (got 'weighted'). You may use labels=[pos_label] to specify a single positive class.
  warnings.warn(

2026-03-05 13:47:51,314:WARNING:/Users/xiaowang/Documents/Github/DataMind/backend/.venv/lib/python3.11/site-packages/sklearn/metrics/_classification.py:1561: UserWarning: Note that pos_label (set to 'Y') is ignored when average != 'binary' (got 'weighted'). You may use labels=[pos_label] to specify a single positive class.
  warnings.warn(

2026-03-05 13:47:51,315:WARNING:/Users/xiaowang/Documents/Github/DataMind/backend/.venv/lib/python3.11/site-packages/sklearn/metrics/_classification.py:1561: UserWarning: Note that pos_label (set to 'Y') is ignored when average != 'binary' (got 'weighted'). You may use labels=[pos_label] to specify a single positive class.
  warnings.warn(

2026-03-05 13:47:51,373:INFO:Initializing create_model()
2026-03-05 13:47:51,373:INFO:create_model(self=<pycaret.classification.oop.ClassificationExperiment object at 0x160c18fd0>, estimator=svm, fold=5, round=4, cross_validation=True, predict=True, fit_kwargs=None, groups=None, refit=True, probability_threshold=None, experiment_custom_tags=None, verbose=True, system=True, add_to_model_list=True, metrics=None, display=None, model_only=True, return_train_score=False, error_score=0.0, kwargs={})
2026-03-05 13:47:51,373:INFO:Checking exceptions
2026-03-05 13:47:51,374:INFO:Importing libraries
2026-03-05 13:47:51,374:INFO:Copying training dataset
2026-03-05 13:47:51,375:INFO:Defining folds
2026-03-05 13:47:51,375:INFO:Declaring metric variables
2026-03-05 13:47:51,375:INFO:Importing untrained model
2026-03-05 13:47:51,376:INFO:SVM - Linear Kernel Imported successfully
2026-03-05 13:47:51,376:INFO:Starting cross validation
2026-03-05 13:47:51,376:INFO:Cross validating with StratifiedKFold(n_splits=5, random_state=None, shuffle=False), n_jobs=-1
2026-03-05 13:47:51,468:WARNING:/Users/xiaowang/Documents/Github/DataMind/backend/.venv/lib/python3.11/site-packages/sklearn/metrics/_classification.py:1561: UserWarning: Note that pos_label (set to 'Y') is ignored when average != 'binary' (got 'weighted'). You may use labels=[pos_label] to specify a single positive class.
  warnings.warn(

2026-03-05 13:47:51,468:WARNING:/Users/xiaowang/Documents/Github/DataMind/backend/.venv/lib/python3.11/site-packages/sklearn/metrics/_classification.py:1561: UserWarning: Note that pos_label (set to 'Y') is ignored when average != 'binary' (got 'weighted'). You may use labels=[pos_label] to specify a single positive class.
  warnings.warn(

2026-03-05 13:47:51,469:WARNING:/Users/xiaowang/Documents/Github/DataMind/backend/.venv/lib/python3.11/site-packages/sklearn/metrics/_classification.py:1561: UserWarning: Note that pos_label (set to 'Y') is ignored when average != 'binary' (got 'weighted'). You may use labels=[pos_label] to specify a single positive class.
  warnings.warn(

2026-03-05 13:47:51,469:WARNING:/Users/xiaowang/Documents/Github/DataMind/backend/.venv/lib/python3.11/site-packages/sklearn/metrics/_classification.py:1561: UserWarning: Note that pos_label (set to 'Y') is ignored when average != 'binary' (got 'weighted'). You may use labels=[pos_label] to specify a single positive class.
  warnings.warn(

2026-03-05 13:47:51,469:WARNING:/Users/xiaowang/Documents/Github/DataMind/backend/.venv/lib/python3.11/site-packages/sklearn/metrics/_classification.py:1561: UserWarning: Note that pos_label (set to 'Y') is ignored when average != 'binary' (got 'weighted'). You may use labels=[pos_label] to specify a single positive class.
  warnings.warn(

2026-03-05 13:47:51,470:WARNING:/Users/xiaowang/Documents/Github/DataMind/backend/.venv/lib/python3.11/site-packages/sklearn/metrics/_classification.py:1561: UserWarning: Note that pos_label (set to 'Y') is ignored when average != 'binary' (got 'weighted'). You may use labels=[pos_label] to specify a single positive class.
  warnings.warn(

2026-03-05 13:47:51,470:WARNING:/Users/xiaowang/Documents/Github/DataMind/backend/.venv/lib/python3.11/site-packages/sklearn/metrics/_classification.py:1561: UserWarning: Note that pos_label (set to 'Y') is ignored when average != 'binary' (got 'weighted'). You may use labels=[pos_label] to specify a single positive class.
  warnings.warn(

2026-03-05 13:47:51,470:WARNING:/Users/xiaowang/Documents/Github/DataMind/backend/.venv/lib/python3.11/site-packages/sklearn/metrics/_classification.py:1561: UserWarning: Note that pos_label (set to 'Y') is ignored when average != 'binary' (got 'weighted'). You may use labels=[pos_label] to specify a single positive class.
  warnings.warn(

2026-03-05 13:47:51,471:WARNING:/Users/xiaowang/Documents/Github/DataMind/backend/.venv/lib/python3.11/site-packages/sklearn/metrics/_classification.py:1561: UserWarning: Note that pos_label (set to 'Y') is ignored when average != 'binary' (got 'weighted'). You may use labels=[pos_label] to specify a single positive class.
  warnings.warn(

2026-03-05 13:47:51,478:WARNING:/Users/xiaowang/Documents/Github/DataMind/backend/.venv/lib/python3.11/site-packages/sklearn/metrics/_classification.py:1561: UserWarning: Note that pos_label (set to 'Y') is ignored when average != 'binary' (got 'weighted'). You may use labels=[pos_label] to specify a single positive class.
  warnings.warn(

2026-03-05 13:47:51,479:WARNING:/Users/xiaowang/Documents/Github/DataMind/backend/.venv/lib/python3.11/site-packages/sklearn/metrics/_classification.py:1561: UserWarning: Note that pos_label (set to 'Y') is ignored when average != 'binary' (got 'weighted'). You may use labels=[pos_label] to specify a single positive class.
  warnings.warn(

2026-03-05 13:47:51,479:WARNING:/Users/xiaowang/Documents/Github/DataMind/backend/.venv/lib/python3.11/site-packages/sklearn/metrics/_classification.py:1561: UserWarning: Note that pos_label (set to 'Y') is ignored when average != 'binary' (got 'weighted'). You may use labels=[pos_label] to specify a single positive class.
  warnings.warn(

2026-03-05 13:47:51,480:WARNING:/Users/xiaowang/Documents/Github/DataMind/backend/.venv/lib/python3.11/site-packages/sklearn/metrics/_classification.py:1561: UserWarning: Note that pos_label (set to 'Y') is ignored when average != 'binary' (got 'weighted'). You may use labels=[pos_label] to specify a single positive class.
  warnings.warn(

2026-03-05 13:47:51,480:WARNING:/Users/xiaowang/Documents/Github/DataMind/backend/.venv/lib/python3.11/site-packages/sklearn/metrics/_classification.py:1561: UserWarning: Note that pos_label (set to 'Y') is ignored when average != 'binary' (got 'weighted'). You may use labels=[pos_label] to specify a single positive class.
  warnings.warn(

2026-03-05 13:47:51,481:WARNING:/Users/xiaowang/Documents/Github/DataMind/backend/.venv/lib/python3.11/site-packages/sklearn/metrics/_classification.py:1561: UserWarning: Note that pos_label (set to 'Y') is ignored when average != 'binary' (got 'weighted'). You may use labels=[pos_label] to specify a single positive class.
  warnings.warn(

2026-03-05 13:47:51,486:INFO:Calculating mean and std
2026-03-05 13:47:51,487:INFO:Creating metrics dataframe
2026-03-05 13:47:51,487:INFO:Finalizing model
2026-03-05 13:47:51,545:INFO:Uploading results into container
2026-03-05 13:47:51,545:INFO:Uploading model into container now
2026-03-05 13:47:51,547:INFO:_master_model_container: 18
2026-03-05 13:47:51,547:INFO:_display_container: 11
2026-03-05 13:47:51,547:INFO:SGDClassifier(alpha=0.0001, average=False, class_weight=None,
              early_stopping=False, epsilon=0.1, eta0=0.001, fit_intercept=True,
              l1_ratio=0.15, learning_rate='optimal', loss='hinge',
              max_iter=1000, n_iter_no_change=5, n_jobs=-1, penalty='l2',
              power_t=0.5, random_state=42, shuffle=True, tol=0.001,
              validation_fraction=0.1, verbose=0, warm_start=False)
2026-03-05 13:47:51,547:INFO:create_model() successfully completed......................................
2026-03-05 13:47:51,605:INFO:Initializing predict_model()
2026-03-05 13:47:51,605:INFO:predict_model(self=<pycaret.classification.oop.ClassificationExperiment object at 0x160c18fd0>, estimator=SGDClassifier(alpha=0.0001, average=False, class_weight=None,
              early_stopping=False, epsilon=0.1, eta0=0.001, fit_intercept=True,
              l1_ratio=0.15, learning_rate='optimal', loss='hinge',
              max_iter=1000, n_iter_no_change=5, n_jobs=-1, penalty='l2',
              power_t=0.5, random_state=42, shuffle=True, tol=0.001,
              validation_fraction=0.1, verbose=0, warm_start=False), probability_threshold=None, encoded_labels=False, raw_score=False, round=4, verbose=True, ml_usecase=None, preprocess=True, encode_labels=<function _SupervisedExperiment.predict_model.<locals>.encode_labels at 0x12c9e1940>)
2026-03-05 13:47:51,605:INFO:Checking exceptions
2026-03-05 13:47:51,605:INFO:Preloading libraries
2026-03-05 13:47:51,728:WARNING:/Users/xiaowang/Documents/Github/DataMind/backend/.venv/lib/python3.11/site-packages/pycaret/utils/generic.py:585: UserWarning: Traceback (most recent call last):
  File "/Users/xiaowang/Documents/Github/DataMind/backend/.venv/lib/python3.11/site-packages/pycaret/utils/generic.py", line 580, in _calculate_metric
    calculated_metric = score_func(y_test, target, sample_weight=weights, **kwargs)
                        ^^^^^^^^^^^^^^^^^^^^^^^^^^^^^^^^^^^^^^^^^^^^^^^^^^^^^^^^^^^
  File "/Users/xiaowang/Documents/Github/DataMind/backend/.venv/lib/python3.11/site-packages/pycaret/internal/metrics.py", line 144, in __call__
    return self.score_func(y_true, y_pred, **kwargs)
           ^^^^^^^^^^^^^^^^^^^^^^^^^^^^^^^^^^^^^^^^^
  File "/Users/xiaowang/Documents/Github/DataMind/backend/.venv/lib/python3.11/site-packages/sklearn/utils/_param_validation.py", line 213, in wrapper
    return func(*args, **kwargs)
           ^^^^^^^^^^^^^^^^^^^^^
  File "/Users/xiaowang/Documents/Github/DataMind/backend/.venv/lib/python3.11/site-packages/sklearn/metrics/_ranking.py", line 619, in roc_auc_score
    y_score = check_array(y_score, ensure_2d=False)
              ^^^^^^^^^^^^^^^^^^^^^^^^^^^^^^^^^^^^^
  File "/Users/xiaowang/Documents/Github/DataMind/backend/.venv/lib/python3.11/site-packages/sklearn/utils/validation.py", line 997, in check_array
    array = _asarray_with_order(array, order=order, dtype=dtype, xp=xp)
            ^^^^^^^^^^^^^^^^^^^^^^^^^^^^^^^^^^^^^^^^^^^^^^^^^^^^^^^^^^^
  File "/Users/xiaowang/Documents/Github/DataMind/backend/.venv/lib/python3.11/site-packages/sklearn/utils/_array_api.py", line 521, in _asarray_with_order
    array = numpy.asarray(array, order=order, dtype=dtype)
            ^^^^^^^^^^^^^^^^^^^^^^^^^^^^^^^^^^^^^^^^^^^^^^
ValueError: could not convert string to float: 'Y'

During handling of the above exception, another exception occurred:

Traceback (most recent call last):
  File "/Users/xiaowang/Documents/Github/DataMind/backend/.venv/lib/python3.11/site-packages/pycaret/utils/generic.py", line 583, in _calculate_metric
    calculated_metric = score_func(y_test, target, **kwargs)
                        ^^^^^^^^^^^^^^^^^^^^^^^^^^^^^^^^^^^^
  File "/Users/xiaowang/Documents/Github/DataMind/backend/.venv/lib/python3.11/site-packages/pycaret/internal/metrics.py", line 144, in __call__
    return self.score_func(y_true, y_pred, **kwargs)
           ^^^^^^^^^^^^^^^^^^^^^^^^^^^^^^^^^^^^^^^^^
  File "/Users/xiaowang/Documents/Github/DataMind/backend/.venv/lib/python3.11/site-packages/sklearn/utils/_param_validation.py", line 213, in wrapper
    return func(*args, **kwargs)
           ^^^^^^^^^^^^^^^^^^^^^
  File "/Users/xiaowang/Documents/Github/DataMind/backend/.venv/lib/python3.11/site-packages/sklearn/metrics/_ranking.py", line 619, in roc_auc_score
    y_score = check_array(y_score, ensure_2d=False)
              ^^^^^^^^^^^^^^^^^^^^^^^^^^^^^^^^^^^^^
  File "/Users/xiaowang/Documents/Github/DataMind/backend/.venv/lib/python3.11/site-packages/sklearn/utils/validation.py", line 997, in check_array
    array = _asarray_with_order(array, order=order, dtype=dtype, xp=xp)
            ^^^^^^^^^^^^^^^^^^^^^^^^^^^^^^^^^^^^^^^^^^^^^^^^^^^^^^^^^^^
  File "/Users/xiaowang/Documents/Github/DataMind/backend/.venv/lib/python3.11/site-packages/sklearn/utils/_array_api.py", line 521, in _asarray_with_order
    array = numpy.asarray(array, order=order, dtype=dtype)
            ^^^^^^^^^^^^^^^^^^^^^^^^^^^^^^^^^^^^^^^^^^^^^^
ValueError: could not convert string to float: 'Y'

  warnings.warn(traceback.format_exc())

2026-03-05 13:47:51,728:WARNING:/Users/xiaowang/Documents/Github/DataMind/backend/.venv/lib/python3.11/site-packages/sklearn/metrics/_classification.py:1561: UserWarning: Note that pos_label (set to 'Y') is ignored when average != 'binary' (got 'weighted'). You may use labels=[pos_label] to specify a single positive class.
  warnings.warn(

2026-03-05 13:47:51,730:WARNING:/Users/xiaowang/Documents/Github/DataMind/backend/.venv/lib/python3.11/site-packages/sklearn/metrics/_classification.py:1561: UserWarning: Note that pos_label (set to 'Y') is ignored when average != 'binary' (got 'weighted'). You may use labels=[pos_label] to specify a single positive class.
  warnings.warn(

2026-03-05 13:47:51,731:WARNING:/Users/xiaowang/Documents/Github/DataMind/backend/.venv/lib/python3.11/site-packages/sklearn/metrics/_classification.py:1561: UserWarning: Note that pos_label (set to 'Y') is ignored when average != 'binary' (got 'weighted'). You may use labels=[pos_label] to specify a single positive class.
  warnings.warn(

2026-03-05 13:47:51,841:INFO:Initializing create_model()
2026-03-05 13:47:51,841:INFO:create_model(self=<pycaret.classification.oop.ClassificationExperiment object at 0x160c18fd0>, estimator=rbfsvm, fold=5, round=4, cross_validation=True, predict=True, fit_kwargs=None, groups=None, refit=True, probability_threshold=None, experiment_custom_tags=None, verbose=True, system=True, add_to_model_list=True, metrics=None, display=None, model_only=True, return_train_score=False, error_score=0.0, kwargs={})
2026-03-05 13:47:51,841:INFO:Checking exceptions
2026-03-05 13:47:51,842:INFO:Importing libraries
2026-03-05 13:47:51,842:INFO:Copying training dataset
2026-03-05 13:47:51,846:INFO:Defining folds
2026-03-05 13:47:51,846:INFO:Declaring metric variables
2026-03-05 13:47:51,846:INFO:Importing untrained model
2026-03-05 13:47:51,846:INFO:SVM - Radial Kernel Imported successfully
2026-03-05 13:47:51,846:INFO:Starting cross validation
2026-03-05 13:47:51,847:INFO:Cross validating with StratifiedKFold(n_splits=5, random_state=None, shuffle=False), n_jobs=-1
2026-03-05 13:47:52,123:WARNING:/Users/xiaowang/Documents/Github/DataMind/backend/.venv/lib/python3.11/site-packages/sklearn/metrics/_classification.py:1561: UserWarning: Note that pos_label (set to 'Y') is ignored when average != 'binary' (got 'weighted'). You may use labels=[pos_label] to specify a single positive class.
  warnings.warn(

2026-03-05 13:47:52,123:WARNING:/Users/xiaowang/Documents/Github/DataMind/backend/.venv/lib/python3.11/site-packages/sklearn/metrics/_classification.py:1561: UserWarning: Note that pos_label (set to 'Y') is ignored when average != 'binary' (got 'weighted'). You may use labels=[pos_label] to specify a single positive class.
  warnings.warn(

2026-03-05 13:47:52,124:WARNING:/Users/xiaowang/Documents/Github/DataMind/backend/.venv/lib/python3.11/site-packages/sklearn/metrics/_classification.py:1561: UserWarning: Note that pos_label (set to 'Y') is ignored when average != 'binary' (got 'weighted'). You may use labels=[pos_label] to specify a single positive class.
  warnings.warn(

2026-03-05 13:47:52,142:WARNING:/Users/xiaowang/Documents/Github/DataMind/backend/.venv/lib/python3.11/site-packages/sklearn/metrics/_classification.py:1561: UserWarning: Note that pos_label (set to 'Y') is ignored when average != 'binary' (got 'weighted'). You may use labels=[pos_label] to specify a single positive class.
  warnings.warn(

2026-03-05 13:47:52,142:WARNING:/Users/xiaowang/Documents/Github/DataMind/backend/.venv/lib/python3.11/site-packages/sklearn/metrics/_classification.py:1561: UserWarning: Note that pos_label (set to 'Y') is ignored when average != 'binary' (got 'weighted'). You may use labels=[pos_label] to specify a single positive class.
  warnings.warn(

2026-03-05 13:47:52,143:WARNING:/Users/xiaowang/Documents/Github/DataMind/backend/.venv/lib/python3.11/site-packages/sklearn/metrics/_classification.py:1561: UserWarning: Note that pos_label (set to 'Y') is ignored when average != 'binary' (got 'weighted'). You may use labels=[pos_label] to specify a single positive class.
  warnings.warn(

2026-03-05 13:47:52,146:WARNING:/Users/xiaowang/Documents/Github/DataMind/backend/.venv/lib/python3.11/site-packages/sklearn/metrics/_classification.py:1561: UserWarning: Note that pos_label (set to 'Y') is ignored when average != 'binary' (got 'weighted'). You may use labels=[pos_label] to specify a single positive class.
  warnings.warn(

2026-03-05 13:47:52,147:WARNING:/Users/xiaowang/Documents/Github/DataMind/backend/.venv/lib/python3.11/site-packages/sklearn/metrics/_classification.py:1561: UserWarning: Note that pos_label (set to 'Y') is ignored when average != 'binary' (got 'weighted'). You may use labels=[pos_label] to specify a single positive class.
  warnings.warn(

2026-03-05 13:47:52,147:WARNING:/Users/xiaowang/Documents/Github/DataMind/backend/.venv/lib/python3.11/site-packages/sklearn/metrics/_classification.py:1561: UserWarning: Note that pos_label (set to 'Y') is ignored when average != 'binary' (got 'weighted'). You may use labels=[pos_label] to specify a single positive class.
  warnings.warn(

2026-03-05 13:47:52,148:WARNING:/Users/xiaowang/Documents/Github/DataMind/backend/.venv/lib/python3.11/site-packages/sklearn/metrics/_classification.py:1561: UserWarning: Note that pos_label (set to 'Y') is ignored when average != 'binary' (got 'weighted'). You may use labels=[pos_label] to specify a single positive class.
  warnings.warn(

2026-03-05 13:47:52,148:WARNING:/Users/xiaowang/Documents/Github/DataMind/backend/.venv/lib/python3.11/site-packages/sklearn/metrics/_classification.py:1561: UserWarning: Note that pos_label (set to 'Y') is ignored when average != 'binary' (got 'weighted'). You may use labels=[pos_label] to specify a single positive class.
  warnings.warn(

2026-03-05 13:47:52,149:WARNING:/Users/xiaowang/Documents/Github/DataMind/backend/.venv/lib/python3.11/site-packages/sklearn/metrics/_classification.py:1561: UserWarning: Note that pos_label (set to 'Y') is ignored when average != 'binary' (got 'weighted'). You may use labels=[pos_label] to specify a single positive class.
  warnings.warn(

2026-03-05 13:47:52,169:WARNING:/Users/xiaowang/Documents/Github/DataMind/backend/.venv/lib/python3.11/site-packages/sklearn/metrics/_classification.py:1561: UserWarning: Note that pos_label (set to 'Y') is ignored when average != 'binary' (got 'weighted'). You may use labels=[pos_label] to specify a single positive class.
  warnings.warn(

2026-03-05 13:47:52,170:WARNING:/Users/xiaowang/Documents/Github/DataMind/backend/.venv/lib/python3.11/site-packages/sklearn/metrics/_classification.py:1561: UserWarning: Note that pos_label (set to 'Y') is ignored when average != 'binary' (got 'weighted'). You may use labels=[pos_label] to specify a single positive class.
  warnings.warn(

2026-03-05 13:47:52,171:WARNING:/Users/xiaowang/Documents/Github/DataMind/backend/.venv/lib/python3.11/site-packages/sklearn/metrics/_classification.py:1561: UserWarning: Note that pos_label (set to 'Y') is ignored when average != 'binary' (got 'weighted'). You may use labels=[pos_label] to specify a single positive class.
  warnings.warn(

2026-03-05 13:47:52,174:INFO:Calculating mean and std
2026-03-05 13:47:52,174:INFO:Creating metrics dataframe
2026-03-05 13:47:52,174:INFO:Finalizing model
2026-03-05 13:47:52,343:INFO:Uploading results into container
2026-03-05 13:47:52,343:INFO:Uploading model into container now
2026-03-05 13:47:52,345:INFO:_master_model_container: 19
2026-03-05 13:47:52,345:INFO:_display_container: 13
2026-03-05 13:47:52,345:INFO:SVC(C=1.0, break_ties=False, cache_size=200, class_weight=None, coef0=0.0,
    decision_function_shape='ovr', degree=3, gamma='auto', kernel='rbf',
    max_iter=-1, probability=True, random_state=42, shrinking=True, tol=0.001,
    verbose=False)
2026-03-05 13:47:52,345:INFO:create_model() successfully completed......................................
2026-03-05 13:47:52,400:INFO:Initializing predict_model()
2026-03-05 13:47:52,400:INFO:predict_model(self=<pycaret.classification.oop.ClassificationExperiment object at 0x160c18fd0>, estimator=SVC(C=1.0, break_ties=False, cache_size=200, class_weight=None, coef0=0.0,
    decision_function_shape='ovr', degree=3, gamma='auto', kernel='rbf',
    max_iter=-1, probability=True, random_state=42, shrinking=True, tol=0.001,
    verbose=False), probability_threshold=None, encoded_labels=False, raw_score=False, round=4, verbose=True, ml_usecase=None, preprocess=True, encode_labels=<function _SupervisedExperiment.predict_model.<locals>.encode_labels at 0x12c9e1940>)
2026-03-05 13:47:52,400:INFO:Checking exceptions
2026-03-05 13:47:52,400:INFO:Preloading libraries
2026-03-05 13:47:52,523:WARNING:/Users/xiaowang/Documents/Github/DataMind/backend/.venv/lib/python3.11/site-packages/sklearn/metrics/_classification.py:1561: UserWarning: Note that pos_label (set to 'Y') is ignored when average != 'binary' (got 'weighted'). You may use labels=[pos_label] to specify a single positive class.
  warnings.warn(

2026-03-05 13:47:52,524:WARNING:/Users/xiaowang/Documents/Github/DataMind/backend/.venv/lib/python3.11/site-packages/sklearn/metrics/_classification.py:1561: UserWarning: Note that pos_label (set to 'Y') is ignored when average != 'binary' (got 'weighted'). You may use labels=[pos_label] to specify a single positive class.
  warnings.warn(

2026-03-05 13:47:52,525:WARNING:/Users/xiaowang/Documents/Github/DataMind/backend/.venv/lib/python3.11/site-packages/sklearn/metrics/_classification.py:1561: UserWarning: Note that pos_label (set to 'Y') is ignored when average != 'binary' (got 'weighted'). You may use labels=[pos_label] to specify a single positive class.
  warnings.warn(

2026-03-05 13:47:52,584:INFO:Initializing create_model()
2026-03-05 13:47:52,584:INFO:create_model(self=<pycaret.classification.oop.ClassificationExperiment object at 0x160c18fd0>, estimator=gpc, fold=5, round=4, cross_validation=True, predict=True, fit_kwargs=None, groups=None, refit=True, probability_threshold=None, experiment_custom_tags=None, verbose=True, system=True, add_to_model_list=True, metrics=None, display=None, model_only=True, return_train_score=False, error_score=0.0, kwargs={})
2026-03-05 13:47:52,584:INFO:Checking exceptions
2026-03-05 13:47:52,584:INFO:Importing libraries
2026-03-05 13:47:52,585:INFO:Copying training dataset
2026-03-05 13:47:52,586:INFO:Defining folds
2026-03-05 13:47:52,586:INFO:Declaring metric variables
2026-03-05 13:47:52,586:INFO:Importing untrained model
2026-03-05 13:47:52,586:INFO:Gaussian Process Classifier Imported successfully
2026-03-05 13:47:52,586:INFO:Starting cross validation
2026-03-05 13:47:52,587:INFO:Cross validating with StratifiedKFold(n_splits=5, random_state=None, shuffle=False), n_jobs=1
2026-03-05 13:48:11,013:WARNING:/Users/xiaowang/Documents/Github/DataMind/backend/.venv/lib/python3.11/site-packages/sklearn/metrics/_classification.py:1561: UserWarning: Note that pos_label (set to 'Y') is ignored when average != 'binary' (got 'weighted'). You may use labels=[pos_label] to specify a single positive class.
  warnings.warn(

2026-03-05 13:48:11,014:WARNING:/Users/xiaowang/Documents/Github/DataMind/backend/.venv/lib/python3.11/site-packages/sklearn/metrics/_classification.py:1561: UserWarning: Note that pos_label (set to 'Y') is ignored when average != 'binary' (got 'weighted'). You may use labels=[pos_label] to specify a single positive class.
  warnings.warn(

2026-03-05 13:48:11,015:WARNING:/Users/xiaowang/Documents/Github/DataMind/backend/.venv/lib/python3.11/site-packages/sklearn/metrics/_classification.py:1561: UserWarning: Note that pos_label (set to 'Y') is ignored when average != 'binary' (got 'weighted'). You may use labels=[pos_label] to specify a single positive class.
  warnings.warn(

2026-03-05 13:48:29,329:WARNING:/Users/xiaowang/Documents/Github/DataMind/backend/.venv/lib/python3.11/site-packages/sklearn/metrics/_classification.py:1561: UserWarning: Note that pos_label (set to 'Y') is ignored when average != 'binary' (got 'weighted'). You may use labels=[pos_label] to specify a single positive class.
  warnings.warn(

2026-03-05 13:48:29,333:WARNING:/Users/xiaowang/Documents/Github/DataMind/backend/.venv/lib/python3.11/site-packages/sklearn/metrics/_classification.py:1561: UserWarning: Note that pos_label (set to 'Y') is ignored when average != 'binary' (got 'weighted'). You may use labels=[pos_label] to specify a single positive class.
  warnings.warn(

2026-03-05 13:48:29,334:WARNING:/Users/xiaowang/Documents/Github/DataMind/backend/.venv/lib/python3.11/site-packages/sklearn/metrics/_classification.py:1561: UserWarning: Note that pos_label (set to 'Y') is ignored when average != 'binary' (got 'weighted'). You may use labels=[pos_label] to specify a single positive class.
  warnings.warn(

2026-03-05 13:48:51,427:WARNING:/Users/xiaowang/Documents/Github/DataMind/backend/.venv/lib/python3.11/site-packages/sklearn/metrics/_classification.py:1561: UserWarning: Note that pos_label (set to 'Y') is ignored when average != 'binary' (got 'weighted'). You may use labels=[pos_label] to specify a single positive class.
  warnings.warn(

2026-03-05 13:48:51,429:WARNING:/Users/xiaowang/Documents/Github/DataMind/backend/.venv/lib/python3.11/site-packages/sklearn/metrics/_classification.py:1561: UserWarning: Note that pos_label (set to 'Y') is ignored when average != 'binary' (got 'weighted'). You may use labels=[pos_label] to specify a single positive class.
  warnings.warn(

2026-03-05 13:48:51,431:WARNING:/Users/xiaowang/Documents/Github/DataMind/backend/.venv/lib/python3.11/site-packages/sklearn/metrics/_classification.py:1561: UserWarning: Note that pos_label (set to 'Y') is ignored when average != 'binary' (got 'weighted'). You may use labels=[pos_label] to specify a single positive class.
  warnings.warn(

2026-03-05 13:49:13,980:WARNING:/Users/xiaowang/Documents/Github/DataMind/backend/.venv/lib/python3.11/site-packages/sklearn/metrics/_classification.py:1561: UserWarning: Note that pos_label (set to 'Y') is ignored when average != 'binary' (got 'weighted'). You may use labels=[pos_label] to specify a single positive class.
  warnings.warn(

2026-03-05 13:49:13,982:WARNING:/Users/xiaowang/Documents/Github/DataMind/backend/.venv/lib/python3.11/site-packages/sklearn/metrics/_classification.py:1561: UserWarning: Note that pos_label (set to 'Y') is ignored when average != 'binary' (got 'weighted'). You may use labels=[pos_label] to specify a single positive class.
  warnings.warn(

2026-03-05 13:49:13,984:WARNING:/Users/xiaowang/Documents/Github/DataMind/backend/.venv/lib/python3.11/site-packages/sklearn/metrics/_classification.py:1561: UserWarning: Note that pos_label (set to 'Y') is ignored when average != 'binary' (got 'weighted'). You may use labels=[pos_label] to specify a single positive class.
  warnings.warn(

2026-03-05 13:49:34,844:WARNING:/Users/xiaowang/Documents/Github/DataMind/backend/.venv/lib/python3.11/site-packages/sklearn/metrics/_classification.py:1561: UserWarning: Note that pos_label (set to 'Y') is ignored when average != 'binary' (got 'weighted'). You may use labels=[pos_label] to specify a single positive class.
  warnings.warn(

2026-03-05 13:49:34,845:WARNING:/Users/xiaowang/Documents/Github/DataMind/backend/.venv/lib/python3.11/site-packages/sklearn/metrics/_classification.py:1561: UserWarning: Note that pos_label (set to 'Y') is ignored when average != 'binary' (got 'weighted'). You may use labels=[pos_label] to specify a single positive class.
  warnings.warn(

2026-03-05 13:49:34,845:WARNING:/Users/xiaowang/Documents/Github/DataMind/backend/.venv/lib/python3.11/site-packages/sklearn/metrics/_classification.py:1561: UserWarning: Note that pos_label (set to 'Y') is ignored when average != 'binary' (got 'weighted'). You may use labels=[pos_label] to specify a single positive class.
  warnings.warn(

2026-03-05 13:49:34,895:INFO:Calculating mean and std
2026-03-05 13:49:34,896:INFO:Creating metrics dataframe
2026-03-05 13:49:34,905:INFO:Finalizing model
2026-03-05 13:49:57,273:INFO:Uploading results into container
2026-03-05 13:49:57,274:INFO:Uploading model into container now
2026-03-05 13:49:57,276:INFO:_master_model_container: 20
2026-03-05 13:49:57,276:INFO:_display_container: 15
2026-03-05 13:49:57,276:INFO:GaussianProcessClassifier(copy_X_train=False, kernel=None, max_iter_predict=100,
                          multi_class='one_vs_rest', n_jobs=-1,
                          n_restarts_optimizer=0, optimizer='fmin_l_bfgs_b',
                          random_state=42, warm_start=False)
2026-03-05 13:49:57,276:INFO:create_model() successfully completed......................................
2026-03-05 13:49:57,357:INFO:Initializing predict_model()
2026-03-05 13:49:57,357:INFO:predict_model(self=<pycaret.classification.oop.ClassificationExperiment object at 0x160c18fd0>, estimator=GaussianProcessClassifier(copy_X_train=False, kernel=None, max_iter_predict=100,
                          multi_class='one_vs_rest', n_jobs=-1,
                          n_restarts_optimizer=0, optimizer='fmin_l_bfgs_b',
                          random_state=42, warm_start=False), probability_threshold=None, encoded_labels=False, raw_score=False, round=4, verbose=True, ml_usecase=None, preprocess=True, encode_labels=<function _SupervisedExperiment.predict_model.<locals>.encode_labels at 0x1607e2340>)
2026-03-05 13:49:57,357:INFO:Checking exceptions
2026-03-05 13:49:57,357:INFO:Preloading libraries
2026-03-05 13:50:00,882:WARNING:/Users/xiaowang/Documents/Github/DataMind/backend/.venv/lib/python3.11/site-packages/sklearn/metrics/_classification.py:1561: UserWarning: Note that pos_label (set to 'Y') is ignored when average != 'binary' (got 'weighted'). You may use labels=[pos_label] to specify a single positive class.
  warnings.warn(

2026-03-05 13:50:00,884:WARNING:/Users/xiaowang/Documents/Github/DataMind/backend/.venv/lib/python3.11/site-packages/sklearn/metrics/_classification.py:1561: UserWarning: Note that pos_label (set to 'Y') is ignored when average != 'binary' (got 'weighted'). You may use labels=[pos_label] to specify a single positive class.
  warnings.warn(

2026-03-05 13:50:00,885:WARNING:/Users/xiaowang/Documents/Github/DataMind/backend/.venv/lib/python3.11/site-packages/sklearn/metrics/_classification.py:1561: UserWarning: Note that pos_label (set to 'Y') is ignored when average != 'binary' (got 'weighted'). You may use labels=[pos_label] to specify a single positive class.
  warnings.warn(

2026-03-05 13:50:00,990:INFO:Initializing create_model()
2026-03-05 13:50:00,990:INFO:create_model(self=<pycaret.classification.oop.ClassificationExperiment object at 0x160c18fd0>, estimator=mlp, fold=5, round=4, cross_validation=True, predict=True, fit_kwargs=None, groups=None, refit=True, probability_threshold=None, experiment_custom_tags=None, verbose=True, system=True, add_to_model_list=True, metrics=None, display=None, model_only=True, return_train_score=False, error_score=0.0, kwargs={})
2026-03-05 13:50:00,990:INFO:Checking exceptions
2026-03-05 13:50:00,990:INFO:Importing libraries
2026-03-05 13:50:00,990:INFO:Copying training dataset
2026-03-05 13:50:00,992:INFO:Defining folds
2026-03-05 13:50:00,992:INFO:Declaring metric variables
2026-03-05 13:50:00,992:INFO:Importing untrained model
2026-03-05 13:50:00,992:INFO:MLP Classifier Imported successfully
2026-03-05 13:50:00,992:INFO:Starting cross validation
2026-03-05 13:50:00,993:INFO:Cross validating with StratifiedKFold(n_splits=5, random_state=None, shuffle=False), n_jobs=-1
2026-03-05 13:50:01,737:WARNING:/Users/xiaowang/Documents/Github/DataMind/backend/.venv/lib/python3.11/site-packages/sklearn/metrics/_classification.py:1561: UserWarning: Note that pos_label (set to 'Y') is ignored when average != 'binary' (got 'weighted'). You may use labels=[pos_label] to specify a single positive class.
  warnings.warn(

2026-03-05 13:50:01,738:WARNING:/Users/xiaowang/Documents/Github/DataMind/backend/.venv/lib/python3.11/site-packages/sklearn/metrics/_classification.py:1561: UserWarning: Note that pos_label (set to 'Y') is ignored when average != 'binary' (got 'weighted'). You may use labels=[pos_label] to specify a single positive class.
  warnings.warn(

2026-03-05 13:50:01,739:WARNING:/Users/xiaowang/Documents/Github/DataMind/backend/.venv/lib/python3.11/site-packages/sklearn/metrics/_classification.py:1561: UserWarning: Note that pos_label (set to 'Y') is ignored when average != 'binary' (got 'weighted'). You may use labels=[pos_label] to specify a single positive class.
  warnings.warn(

2026-03-05 13:50:01,745:WARNING:/Users/xiaowang/Documents/Github/DataMind/backend/.venv/lib/python3.11/site-packages/sklearn/metrics/_classification.py:1561: UserWarning: Note that pos_label (set to 'Y') is ignored when average != 'binary' (got 'weighted'). You may use labels=[pos_label] to specify a single positive class.
  warnings.warn(

2026-03-05 13:50:01,746:WARNING:/Users/xiaowang/Documents/Github/DataMind/backend/.venv/lib/python3.11/site-packages/sklearn/metrics/_classification.py:1561: UserWarning: Note that pos_label (set to 'Y') is ignored when average != 'binary' (got 'weighted'). You may use labels=[pos_label] to specify a single positive class.
  warnings.warn(

2026-03-05 13:50:01,747:WARNING:/Users/xiaowang/Documents/Github/DataMind/backend/.venv/lib/python3.11/site-packages/sklearn/metrics/_classification.py:1561: UserWarning: Note that pos_label (set to 'Y') is ignored when average != 'binary' (got 'weighted'). You may use labels=[pos_label] to specify a single positive class.
  warnings.warn(

2026-03-05 13:50:01,783:WARNING:/Users/xiaowang/Documents/Github/DataMind/backend/.venv/lib/python3.11/site-packages/sklearn/metrics/_classification.py:1561: UserWarning: Note that pos_label (set to 'Y') is ignored when average != 'binary' (got 'weighted'). You may use labels=[pos_label] to specify a single positive class.
  warnings.warn(

2026-03-05 13:50:01,784:WARNING:/Users/xiaowang/Documents/Github/DataMind/backend/.venv/lib/python3.11/site-packages/sklearn/metrics/_classification.py:1561: UserWarning: Note that pos_label (set to 'Y') is ignored when average != 'binary' (got 'weighted'). You may use labels=[pos_label] to specify a single positive class.
  warnings.warn(

2026-03-05 13:50:01,785:WARNING:/Users/xiaowang/Documents/Github/DataMind/backend/.venv/lib/python3.11/site-packages/sklearn/metrics/_classification.py:1561: UserWarning: Note that pos_label (set to 'Y') is ignored when average != 'binary' (got 'weighted'). You may use labels=[pos_label] to specify a single positive class.
  warnings.warn(

2026-03-05 13:50:01,794:WARNING:/Users/xiaowang/Documents/Github/DataMind/backend/.venv/lib/python3.11/site-packages/sklearn/metrics/_classification.py:1561: UserWarning: Note that pos_label (set to 'Y') is ignored when average != 'binary' (got 'weighted'). You may use labels=[pos_label] to specify a single positive class.
  warnings.warn(

2026-03-05 13:50:01,795:WARNING:/Users/xiaowang/Documents/Github/DataMind/backend/.venv/lib/python3.11/site-packages/sklearn/metrics/_classification.py:1561: UserWarning: Note that pos_label (set to 'Y') is ignored when average != 'binary' (got 'weighted'). You may use labels=[pos_label] to specify a single positive class.
  warnings.warn(

2026-03-05 13:50:01,796:WARNING:/Users/xiaowang/Documents/Github/DataMind/backend/.venv/lib/python3.11/site-packages/sklearn/metrics/_classification.py:1561: UserWarning: Note that pos_label (set to 'Y') is ignored when average != 'binary' (got 'weighted'). You may use labels=[pos_label] to specify a single positive class.
  warnings.warn(

2026-03-05 13:50:01,799:WARNING:/Users/xiaowang/Documents/Github/DataMind/backend/.venv/lib/python3.11/site-packages/sklearn/metrics/_classification.py:1561: UserWarning: Note that pos_label (set to 'Y') is ignored when average != 'binary' (got 'weighted'). You may use labels=[pos_label] to specify a single positive class.
  warnings.warn(

2026-03-05 13:50:01,800:WARNING:/Users/xiaowang/Documents/Github/DataMind/backend/.venv/lib/python3.11/site-packages/sklearn/metrics/_classification.py:1561: UserWarning: Note that pos_label (set to 'Y') is ignored when average != 'binary' (got 'weighted'). You may use labels=[pos_label] to specify a single positive class.
  warnings.warn(

2026-03-05 13:50:01,801:WARNING:/Users/xiaowang/Documents/Github/DataMind/backend/.venv/lib/python3.11/site-packages/sklearn/metrics/_classification.py:1561: UserWarning: Note that pos_label (set to 'Y') is ignored when average != 'binary' (got 'weighted'). You may use labels=[pos_label] to specify a single positive class.
  warnings.warn(

2026-03-05 13:50:01,804:INFO:Calculating mean and std
2026-03-05 13:50:01,805:INFO:Creating metrics dataframe
2026-03-05 13:50:01,805:INFO:Finalizing model
2026-03-05 13:54:15,605:INFO:Uploading results into container
2026-03-05 13:54:15,605:INFO:Uploading model into container now
2026-03-05 13:54:15,609:INFO:_master_model_container: 21
2026-03-05 13:54:15,609:INFO:_display_container: 17
2026-03-05 13:54:15,609:INFO:MLPClassifier(activation='relu', alpha=0.0001, batch_size='auto', beta_1=0.9,
              beta_2=0.999, early_stopping=False, epsilon=1e-08,
              hidden_layer_sizes=(100,), learning_rate='constant',
              learning_rate_init=0.001, max_fun=15000, max_iter=500,
              momentum=0.9, n_iter_no_change=10, nesterovs_momentum=True,
              power_t=0.5, random_state=42, shuffle=True, solver='adam',
              tol=0.0001, validation_fraction=0.1, verbose=False,
              warm_start=False)
2026-03-05 13:54:15,609:INFO:create_model() successfully completed......................................
2026-03-05 13:54:15,699:INFO:Initializing predict_model()
2026-03-05 13:54:15,699:INFO:predict_model(self=<pycaret.classification.oop.ClassificationExperiment object at 0x160c18fd0>, estimator=MLPClassifier(activation='relu', alpha=0.0001, batch_size='auto', beta_1=0.9,
              beta_2=0.999, early_stopping=False, epsilon=1e-08,
              hidden_layer_sizes=(100,), learning_rate='constant',
              learning_rate_init=0.001, max_fun=15000, max_iter=500,
              momentum=0.9, n_iter_no_change=10, nesterovs_momentum=True,
              power_t=0.5, random_state=42, shuffle=True, solver='adam',
              tol=0.0001, validation_fraction=0.1, verbose=False,
              warm_start=False), probability_threshold=None, encoded_labels=False, raw_score=False, round=4, verbose=True, ml_usecase=None, preprocess=True, encode_labels=<function _SupervisedExperiment.predict_model.<locals>.encode_labels at 0x12ce3cfe0>)
2026-03-05 13:54:15,699:INFO:Checking exceptions
2026-03-05 13:54:15,699:INFO:Preloading libraries
2026-03-05 13:54:16,094:WARNING:/Users/xiaowang/Documents/Github/DataMind/backend/.venv/lib/python3.11/site-packages/sklearn/metrics/_classification.py:1561: UserWarning: Note that pos_label (set to 'Y') is ignored when average != 'binary' (got 'weighted'). You may use labels=[pos_label] to specify a single positive class.
  warnings.warn(

2026-03-05 13:54:16,097:WARNING:/Users/xiaowang/Documents/Github/DataMind/backend/.venv/lib/python3.11/site-packages/sklearn/metrics/_classification.py:1561: UserWarning: Note that pos_label (set to 'Y') is ignored when average != 'binary' (got 'weighted'). You may use labels=[pos_label] to specify a single positive class.
  warnings.warn(

2026-03-05 13:54:16,099:WARNING:/Users/xiaowang/Documents/Github/DataMind/backend/.venv/lib/python3.11/site-packages/sklearn/metrics/_classification.py:1561: UserWarning: Note that pos_label (set to 'Y') is ignored when average != 'binary' (got 'weighted'). You may use labels=[pos_label] to specify a single positive class.
  warnings.warn(

2026-03-05 13:54:16,194:INFO:Initializing create_model()
2026-03-05 13:54:16,194:INFO:create_model(self=<pycaret.classification.oop.ClassificationExperiment object at 0x160c18fd0>, estimator=ridge, fold=5, round=4, cross_validation=True, predict=True, fit_kwargs=None, groups=None, refit=True, probability_threshold=None, experiment_custom_tags=None, verbose=True, system=True, add_to_model_list=True, metrics=None, display=None, model_only=True, return_train_score=False, error_score=0.0, kwargs={})
2026-03-05 13:54:16,194:INFO:Checking exceptions
2026-03-05 13:54:16,194:INFO:Importing libraries
2026-03-05 13:54:16,194:INFO:Copying training dataset
2026-03-05 13:54:16,196:INFO:Defining folds
2026-03-05 13:54:16,196:INFO:Declaring metric variables
2026-03-05 13:54:16,196:INFO:Importing untrained model
2026-03-05 13:54:16,196:INFO:Ridge Classifier Imported successfully
2026-03-05 13:54:16,196:INFO:Starting cross validation
2026-03-05 13:54:16,197:INFO:Cross validating with StratifiedKFold(n_splits=5, random_state=None, shuffle=False), n_jobs=-1
2026-03-05 13:54:16,375:WARNING:/Users/xiaowang/Documents/Github/DataMind/backend/.venv/lib/python3.11/site-packages/sklearn/metrics/_classification.py:1561: UserWarning: Note that pos_label (set to 'Y') is ignored when average != 'binary' (got 'weighted'). You may use labels=[pos_label] to specify a single positive class.
  warnings.warn(

2026-03-05 13:54:16,377:WARNING:/Users/xiaowang/Documents/Github/DataMind/backend/.venv/lib/python3.11/site-packages/sklearn/metrics/_classification.py:1561: UserWarning: Note that pos_label (set to 'Y') is ignored when average != 'binary' (got 'weighted'). You may use labels=[pos_label] to specify a single positive class.
  warnings.warn(

2026-03-05 13:54:16,379:WARNING:/Users/xiaowang/Documents/Github/DataMind/backend/.venv/lib/python3.11/site-packages/sklearn/metrics/_classification.py:1561: UserWarning: Note that pos_label (set to 'Y') is ignored when average != 'binary' (got 'weighted'). You may use labels=[pos_label] to specify a single positive class.
  warnings.warn(

2026-03-05 13:54:16,417:WARNING:/Users/xiaowang/Documents/Github/DataMind/backend/.venv/lib/python3.11/site-packages/sklearn/metrics/_classification.py:1561: UserWarning: Note that pos_label (set to 'Y') is ignored when average != 'binary' (got 'weighted'). You may use labels=[pos_label] to specify a single positive class.
  warnings.warn(

2026-03-05 13:54:16,418:WARNING:/Users/xiaowang/Documents/Github/DataMind/backend/.venv/lib/python3.11/site-packages/sklearn/metrics/_classification.py:1561: UserWarning: Note that pos_label (set to 'Y') is ignored when average != 'binary' (got 'weighted'). You may use labels=[pos_label] to specify a single positive class.
  warnings.warn(

2026-03-05 13:54:16,419:WARNING:/Users/xiaowang/Documents/Github/DataMind/backend/.venv/lib/python3.11/site-packages/sklearn/metrics/_classification.py:1561: UserWarning: Note that pos_label (set to 'Y') is ignored when average != 'binary' (got 'weighted'). You may use labels=[pos_label] to specify a single positive class.
  warnings.warn(

2026-03-05 13:54:16,433:WARNING:/Users/xiaowang/Documents/Github/DataMind/backend/.venv/lib/python3.11/site-packages/sklearn/metrics/_classification.py:1561: UserWarning: Note that pos_label (set to 'Y') is ignored when average != 'binary' (got 'weighted'). You may use labels=[pos_label] to specify a single positive class.
  warnings.warn(

2026-03-05 13:54:16,434:WARNING:/Users/xiaowang/Documents/Github/DataMind/backend/.venv/lib/python3.11/site-packages/sklearn/metrics/_classification.py:1561: UserWarning: Note that pos_label (set to 'Y') is ignored when average != 'binary' (got 'weighted'). You may use labels=[pos_label] to specify a single positive class.
  warnings.warn(

2026-03-05 13:54:16,435:WARNING:/Users/xiaowang/Documents/Github/DataMind/backend/.venv/lib/python3.11/site-packages/sklearn/metrics/_classification.py:1561: UserWarning: Note that pos_label (set to 'Y') is ignored when average != 'binary' (got 'weighted'). You may use labels=[pos_label] to specify a single positive class.
  warnings.warn(

2026-03-05 13:54:16,457:WARNING:/Users/xiaowang/Documents/Github/DataMind/backend/.venv/lib/python3.11/site-packages/sklearn/metrics/_classification.py:1561: UserWarning: Note that pos_label (set to 'Y') is ignored when average != 'binary' (got 'weighted'). You may use labels=[pos_label] to specify a single positive class.
  warnings.warn(

2026-03-05 13:54:16,459:WARNING:/Users/xiaowang/Documents/Github/DataMind/backend/.venv/lib/python3.11/site-packages/sklearn/metrics/_classification.py:1561: UserWarning: Note that pos_label (set to 'Y') is ignored when average != 'binary' (got 'weighted'). You may use labels=[pos_label] to specify a single positive class.
  warnings.warn(

2026-03-05 13:54:16,460:WARNING:/Users/xiaowang/Documents/Github/DataMind/backend/.venv/lib/python3.11/site-packages/sklearn/metrics/_classification.py:1561: UserWarning: Note that pos_label (set to 'Y') is ignored when average != 'binary' (got 'weighted'). You may use labels=[pos_label] to specify a single positive class.
  warnings.warn(

2026-03-05 13:54:16,468:WARNING:/Users/xiaowang/Documents/Github/DataMind/backend/.venv/lib/python3.11/site-packages/sklearn/metrics/_classification.py:1561: UserWarning: Note that pos_label (set to 'Y') is ignored when average != 'binary' (got 'weighted'). You may use labels=[pos_label] to specify a single positive class.
  warnings.warn(

2026-03-05 13:54:16,469:WARNING:/Users/xiaowang/Documents/Github/DataMind/backend/.venv/lib/python3.11/site-packages/sklearn/metrics/_classification.py:1561: UserWarning: Note that pos_label (set to 'Y') is ignored when average != 'binary' (got 'weighted'). You may use labels=[pos_label] to specify a single positive class.
  warnings.warn(

2026-03-05 13:54:16,469:WARNING:/Users/xiaowang/Documents/Github/DataMind/backend/.venv/lib/python3.11/site-packages/sklearn/metrics/_classification.py:1561: UserWarning: Note that pos_label (set to 'Y') is ignored when average != 'binary' (got 'weighted'). You may use labels=[pos_label] to specify a single positive class.
  warnings.warn(

2026-03-05 13:54:16,473:INFO:Calculating mean and std
2026-03-05 13:54:16,474:INFO:Creating metrics dataframe
2026-03-05 13:54:16,475:INFO:Finalizing model
2026-03-05 13:54:16,864:INFO:Uploading results into container
2026-03-05 13:54:16,865:INFO:Uploading model into container now
2026-03-05 13:54:16,870:INFO:_master_model_container: 22
2026-03-05 13:54:16,870:INFO:_display_container: 19
2026-03-05 13:54:16,870:INFO:RidgeClassifier(alpha=1.0, class_weight=None, copy_X=True, fit_intercept=True,
                max_iter=None, positive=False, random_state=42, solver='auto',
                tol=0.0001)
2026-03-05 13:54:16,870:INFO:create_model() successfully completed......................................
2026-03-05 13:54:17,020:INFO:Initializing predict_model()
2026-03-05 13:54:17,020:INFO:predict_model(self=<pycaret.classification.oop.ClassificationExperiment object at 0x160c18fd0>, estimator=RidgeClassifier(alpha=1.0, class_weight=None, copy_X=True, fit_intercept=True,
                max_iter=None, positive=False, random_state=42, solver='auto',
                tol=0.0001), probability_threshold=None, encoded_labels=False, raw_score=False, round=4, verbose=True, ml_usecase=None, preprocess=True, encode_labels=<function _SupervisedExperiment.predict_model.<locals>.encode_labels at 0x15d4331a0>)
2026-03-05 13:54:17,020:INFO:Checking exceptions
2026-03-05 13:54:17,020:INFO:Preloading libraries
2026-03-05 13:54:17,334:WARNING:/Users/xiaowang/Documents/Github/DataMind/backend/.venv/lib/python3.11/site-packages/pycaret/utils/generic.py:585: UserWarning: Traceback (most recent call last):
  File "/Users/xiaowang/Documents/Github/DataMind/backend/.venv/lib/python3.11/site-packages/pycaret/utils/generic.py", line 580, in _calculate_metric
    calculated_metric = score_func(y_test, target, sample_weight=weights, **kwargs)
                        ^^^^^^^^^^^^^^^^^^^^^^^^^^^^^^^^^^^^^^^^^^^^^^^^^^^^^^^^^^^
  File "/Users/xiaowang/Documents/Github/DataMind/backend/.venv/lib/python3.11/site-packages/pycaret/internal/metrics.py", line 144, in __call__
    return self.score_func(y_true, y_pred, **kwargs)
           ^^^^^^^^^^^^^^^^^^^^^^^^^^^^^^^^^^^^^^^^^
  File "/Users/xiaowang/Documents/Github/DataMind/backend/.venv/lib/python3.11/site-packages/sklearn/utils/_param_validation.py", line 213, in wrapper
    return func(*args, **kwargs)
           ^^^^^^^^^^^^^^^^^^^^^
  File "/Users/xiaowang/Documents/Github/DataMind/backend/.venv/lib/python3.11/site-packages/sklearn/metrics/_ranking.py", line 619, in roc_auc_score
    y_score = check_array(y_score, ensure_2d=False)
              ^^^^^^^^^^^^^^^^^^^^^^^^^^^^^^^^^^^^^
  File "/Users/xiaowang/Documents/Github/DataMind/backend/.venv/lib/python3.11/site-packages/sklearn/utils/validation.py", line 997, in check_array
    array = _asarray_with_order(array, order=order, dtype=dtype, xp=xp)
            ^^^^^^^^^^^^^^^^^^^^^^^^^^^^^^^^^^^^^^^^^^^^^^^^^^^^^^^^^^^
  File "/Users/xiaowang/Documents/Github/DataMind/backend/.venv/lib/python3.11/site-packages/sklearn/utils/_array_api.py", line 521, in _asarray_with_order
    array = numpy.asarray(array, order=order, dtype=dtype)
            ^^^^^^^^^^^^^^^^^^^^^^^^^^^^^^^^^^^^^^^^^^^^^^
ValueError: could not convert string to float: 'Y'

During handling of the above exception, another exception occurred:

Traceback (most recent call last):
  File "/Users/xiaowang/Documents/Github/DataMind/backend/.venv/lib/python3.11/site-packages/pycaret/utils/generic.py", line 583, in _calculate_metric
    calculated_metric = score_func(y_test, target, **kwargs)
                        ^^^^^^^^^^^^^^^^^^^^^^^^^^^^^^^^^^^^
  File "/Users/xiaowang/Documents/Github/DataMind/backend/.venv/lib/python3.11/site-packages/pycaret/internal/metrics.py", line 144, in __call__
    return self.score_func(y_true, y_pred, **kwargs)
           ^^^^^^^^^^^^^^^^^^^^^^^^^^^^^^^^^^^^^^^^^
  File "/Users/xiaowang/Documents/Github/DataMind/backend/.venv/lib/python3.11/site-packages/sklearn/utils/_param_validation.py", line 213, in wrapper
    return func(*args, **kwargs)
           ^^^^^^^^^^^^^^^^^^^^^
  File "/Users/xiaowang/Documents/Github/DataMind/backend/.venv/lib/python3.11/site-packages/sklearn/metrics/_ranking.py", line 619, in roc_auc_score
    y_score = check_array(y_score, ensure_2d=False)
              ^^^^^^^^^^^^^^^^^^^^^^^^^^^^^^^^^^^^^
  File "/Users/xiaowang/Documents/Github/DataMind/backend/.venv/lib/python3.11/site-packages/sklearn/utils/validation.py", line 997, in check_array
    array = _asarray_with_order(array, order=order, dtype=dtype, xp=xp)
            ^^^^^^^^^^^^^^^^^^^^^^^^^^^^^^^^^^^^^^^^^^^^^^^^^^^^^^^^^^^
  File "/Users/xiaowang/Documents/Github/DataMind/backend/.venv/lib/python3.11/site-packages/sklearn/utils/_array_api.py", line 521, in _asarray_with_order
    array = numpy.asarray(array, order=order, dtype=dtype)
            ^^^^^^^^^^^^^^^^^^^^^^^^^^^^^^^^^^^^^^^^^^^^^^
ValueError: could not convert string to float: 'Y'

  warnings.warn(traceback.format_exc())

2026-03-05 13:54:17,335:WARNING:/Users/xiaowang/Documents/Github/DataMind/backend/.venv/lib/python3.11/site-packages/sklearn/metrics/_classification.py:1561: UserWarning: Note that pos_label (set to 'Y') is ignored when average != 'binary' (got 'weighted'). You may use labels=[pos_label] to specify a single positive class.
  warnings.warn(

2026-03-05 13:54:17,338:WARNING:/Users/xiaowang/Documents/Github/DataMind/backend/.venv/lib/python3.11/site-packages/sklearn/metrics/_classification.py:1561: UserWarning: Note that pos_label (set to 'Y') is ignored when average != 'binary' (got 'weighted'). You may use labels=[pos_label] to specify a single positive class.
  warnings.warn(

2026-03-05 13:54:17,340:WARNING:/Users/xiaowang/Documents/Github/DataMind/backend/.venv/lib/python3.11/site-packages/sklearn/metrics/_classification.py:1561: UserWarning: Note that pos_label (set to 'Y') is ignored when average != 'binary' (got 'weighted'). You may use labels=[pos_label] to specify a single positive class.
  warnings.warn(

2026-03-05 13:54:17,500:INFO:Initializing create_model()
2026-03-05 13:54:17,500:INFO:create_model(self=<pycaret.classification.oop.ClassificationExperiment object at 0x160c18fd0>, estimator=rf, fold=5, round=4, cross_validation=True, predict=True, fit_kwargs=None, groups=None, refit=True, probability_threshold=None, experiment_custom_tags=None, verbose=True, system=True, add_to_model_list=True, metrics=None, display=None, model_only=True, return_train_score=False, error_score=0.0, kwargs={})
2026-03-05 13:54:17,500:INFO:Checking exceptions
2026-03-05 13:54:17,501:INFO:Importing libraries
2026-03-05 13:54:17,501:INFO:Copying training dataset
2026-03-05 13:54:17,502:INFO:Defining folds
2026-03-05 13:54:17,502:INFO:Declaring metric variables
2026-03-05 13:54:17,502:INFO:Importing untrained model
2026-03-05 13:54:17,503:INFO:Random Forest Classifier Imported successfully
2026-03-05 13:54:17,503:INFO:Starting cross validation
2026-03-05 13:54:17,503:INFO:Cross validating with StratifiedKFold(n_splits=5, random_state=None, shuffle=False), n_jobs=-1
2026-03-05 13:54:17,742:WARNING:/Users/xiaowang/Documents/Github/DataMind/backend/.venv/lib/python3.11/site-packages/sklearn/metrics/_classification.py:1561: UserWarning: Note that pos_label (set to 'Y') is ignored when average != 'binary' (got 'weighted'). You may use labels=[pos_label] to specify a single positive class.
  warnings.warn(

2026-03-05 13:54:17,743:WARNING:/Users/xiaowang/Documents/Github/DataMind/backend/.venv/lib/python3.11/site-packages/sklearn/metrics/_classification.py:1561: UserWarning: Note that pos_label (set to 'Y') is ignored when average != 'binary' (got 'weighted'). You may use labels=[pos_label] to specify a single positive class.
  warnings.warn(

2026-03-05 13:54:17,744:WARNING:/Users/xiaowang/Documents/Github/DataMind/backend/.venv/lib/python3.11/site-packages/sklearn/metrics/_classification.py:1561: UserWarning: Note that pos_label (set to 'Y') is ignored when average != 'binary' (got 'weighted'). You may use labels=[pos_label] to specify a single positive class.
  warnings.warn(

2026-03-05 13:54:17,754:WARNING:/Users/xiaowang/Documents/Github/DataMind/backend/.venv/lib/python3.11/site-packages/sklearn/metrics/_classification.py:1561: UserWarning: Note that pos_label (set to 'Y') is ignored when average != 'binary' (got 'weighted'). You may use labels=[pos_label] to specify a single positive class.
  warnings.warn(

2026-03-05 13:54:17,755:WARNING:/Users/xiaowang/Documents/Github/DataMind/backend/.venv/lib/python3.11/site-packages/sklearn/metrics/_classification.py:1561: UserWarning: Note that pos_label (set to 'Y') is ignored when average != 'binary' (got 'weighted'). You may use labels=[pos_label] to specify a single positive class.
  warnings.warn(

2026-03-05 13:54:17,756:WARNING:/Users/xiaowang/Documents/Github/DataMind/backend/.venv/lib/python3.11/site-packages/sklearn/metrics/_classification.py:1561: UserWarning: Note that pos_label (set to 'Y') is ignored when average != 'binary' (got 'weighted'). You may use labels=[pos_label] to specify a single positive class.
  warnings.warn(

2026-03-05 13:54:17,757:WARNING:/Users/xiaowang/Documents/Github/DataMind/backend/.venv/lib/python3.11/site-packages/sklearn/metrics/_classification.py:1561: UserWarning: Note that pos_label (set to 'Y') is ignored when average != 'binary' (got 'weighted'). You may use labels=[pos_label] to specify a single positive class.
  warnings.warn(

2026-03-05 13:54:17,758:WARNING:/Users/xiaowang/Documents/Github/DataMind/backend/.venv/lib/python3.11/site-packages/sklearn/metrics/_classification.py:1561: UserWarning: Note that pos_label (set to 'Y') is ignored when average != 'binary' (got 'weighted'). You may use labels=[pos_label] to specify a single positive class.
  warnings.warn(

2026-03-05 13:54:17,759:WARNING:/Users/xiaowang/Documents/Github/DataMind/backend/.venv/lib/python3.11/site-packages/sklearn/metrics/_classification.py:1561: UserWarning: Note that pos_label (set to 'Y') is ignored when average != 'binary' (got 'weighted'). You may use labels=[pos_label] to specify a single positive class.
  warnings.warn(

2026-03-05 13:54:18,552:WARNING:/Users/xiaowang/Documents/Github/DataMind/backend/.venv/lib/python3.11/site-packages/_distutils_hack/__init__.py:30: UserWarning: Setuptools is replacing distutils. Support for replacing an already imported distutils is deprecated. In the future, this condition will fail. Register concerns at https://github.com/pypa/setuptools/issues/new?template=distutils-deprecation.yml
  warnings.warn(

2026-03-05 13:54:18,552:WARNING:/Users/xiaowang/Documents/Github/DataMind/backend/.venv/lib/python3.11/site-packages/_distutils_hack/__init__.py:30: UserWarning: Setuptools is replacing distutils. Support for replacing an already imported distutils is deprecated. In the future, this condition will fail. Register concerns at https://github.com/pypa/setuptools/issues/new?template=distutils-deprecation.yml
  warnings.warn(

2026-03-05 13:54:18,748:WARNING:/Users/xiaowang/Documents/Github/DataMind/backend/.venv/lib/python3.11/site-packages/sklearn/metrics/_classification.py:1561: UserWarning: Note that pos_label (set to 'Y') is ignored when average != 'binary' (got 'weighted'). You may use labels=[pos_label] to specify a single positive class.
  warnings.warn(

2026-03-05 13:54:18,749:WARNING:/Users/xiaowang/Documents/Github/DataMind/backend/.venv/lib/python3.11/site-packages/sklearn/metrics/_classification.py:1561: UserWarning: Note that pos_label (set to 'Y') is ignored when average != 'binary' (got 'weighted'). You may use labels=[pos_label] to specify a single positive class.
  warnings.warn(

2026-03-05 13:54:18,750:WARNING:/Users/xiaowang/Documents/Github/DataMind/backend/.venv/lib/python3.11/site-packages/sklearn/metrics/_classification.py:1561: UserWarning: Note that pos_label (set to 'Y') is ignored when average != 'binary' (got 'weighted'). You may use labels=[pos_label] to specify a single positive class.
  warnings.warn(

2026-03-05 13:54:18,754:WARNING:/Users/xiaowang/Documents/Github/DataMind/backend/.venv/lib/python3.11/site-packages/sklearn/metrics/_classification.py:1561: UserWarning: Note that pos_label (set to 'Y') is ignored when average != 'binary' (got 'weighted'). You may use labels=[pos_label] to specify a single positive class.
  warnings.warn(

2026-03-05 13:54:18,755:WARNING:/Users/xiaowang/Documents/Github/DataMind/backend/.venv/lib/python3.11/site-packages/sklearn/metrics/_classification.py:1561: UserWarning: Note that pos_label (set to 'Y') is ignored when average != 'binary' (got 'weighted'). You may use labels=[pos_label] to specify a single positive class.
  warnings.warn(

2026-03-05 13:54:18,756:WARNING:/Users/xiaowang/Documents/Github/DataMind/backend/.venv/lib/python3.11/site-packages/sklearn/metrics/_classification.py:1561: UserWarning: Note that pos_label (set to 'Y') is ignored when average != 'binary' (got 'weighted'). You may use labels=[pos_label] to specify a single positive class.
  warnings.warn(

2026-03-05 13:54:18,763:INFO:Calculating mean and std
2026-03-05 13:54:18,763:INFO:Creating metrics dataframe
2026-03-05 13:54:18,764:INFO:Finalizing model
2026-03-05 13:54:18,892:INFO:Uploading results into container
2026-03-05 13:54:18,892:INFO:Uploading model into container now
2026-03-05 13:54:18,894:INFO:_master_model_container: 23
2026-03-05 13:54:18,894:INFO:_display_container: 21
2026-03-05 13:54:18,895:INFO:RandomForestClassifier(bootstrap=True, ccp_alpha=0.0, class_weight=None,
                       criterion='gini', max_depth=None, max_features='sqrt',
                       max_leaf_nodes=None, max_samples=None,
                       min_impurity_decrease=0.0, min_samples_leaf=1,
                       min_samples_split=2, min_weight_fraction_leaf=0.0,
                       monotonic_cst=None, n_estimators=100, n_jobs=-1,
                       oob_score=False, random_state=42, verbose=0,
                       warm_start=False)
2026-03-05 13:54:18,895:INFO:create_model() successfully completed......................................
2026-03-05 13:54:18,950:INFO:Initializing predict_model()
2026-03-05 13:54:18,950:INFO:predict_model(self=<pycaret.classification.oop.ClassificationExperiment object at 0x160c18fd0>, estimator=RandomForestClassifier(bootstrap=True, ccp_alpha=0.0, class_weight=None,
                       criterion='gini', max_depth=None, max_features='sqrt',
                       max_leaf_nodes=None, max_samples=None,
                       min_impurity_decrease=0.0, min_samples_leaf=1,
                       min_samples_split=2, min_weight_fraction_leaf=0.0,
                       monotonic_cst=None, n_estimators=100, n_jobs=-1,
                       oob_score=False, random_state=42, verbose=0,
                       warm_start=False), probability_threshold=None, encoded_labels=False, raw_score=False, round=4, verbose=True, ml_usecase=None, preprocess=True, encode_labels=<function _SupervisedExperiment.predict_model.<locals>.encode_labels at 0x1610c3ce0>)
2026-03-05 13:54:18,950:INFO:Checking exceptions
2026-03-05 13:54:18,950:INFO:Preloading libraries
2026-03-05 13:54:19,007:WARNING:/Users/xiaowang/Documents/Github/DataMind/backend/.venv/lib/python3.11/site-packages/sklearn/metrics/_classification.py:1561: UserWarning: Note that pos_label (set to 'Y') is ignored when average != 'binary' (got 'weighted'). You may use labels=[pos_label] to specify a single positive class.
  warnings.warn(

2026-03-05 13:54:19,009:WARNING:/Users/xiaowang/Documents/Github/DataMind/backend/.venv/lib/python3.11/site-packages/sklearn/metrics/_classification.py:1561: UserWarning: Note that pos_label (set to 'Y') is ignored when average != 'binary' (got 'weighted'). You may use labels=[pos_label] to specify a single positive class.
  warnings.warn(

2026-03-05 13:54:19,010:WARNING:/Users/xiaowang/Documents/Github/DataMind/backend/.venv/lib/python3.11/site-packages/sklearn/metrics/_classification.py:1561: UserWarning: Note that pos_label (set to 'Y') is ignored when average != 'binary' (got 'weighted'). You may use labels=[pos_label] to specify a single positive class.
  warnings.warn(

2026-03-05 13:54:19,068:INFO:Initializing create_model()
2026-03-05 13:54:19,068:INFO:create_model(self=<pycaret.classification.oop.ClassificationExperiment object at 0x160c18fd0>, estimator=qda, fold=5, round=4, cross_validation=True, predict=True, fit_kwargs=None, groups=None, refit=True, probability_threshold=None, experiment_custom_tags=None, verbose=True, system=True, add_to_model_list=True, metrics=None, display=None, model_only=True, return_train_score=False, error_score=0.0, kwargs={})
2026-03-05 13:54:19,068:INFO:Checking exceptions
2026-03-05 13:54:19,068:INFO:Importing libraries
2026-03-05 13:54:19,068:INFO:Copying training dataset
2026-03-05 13:54:19,070:INFO:Defining folds
2026-03-05 13:54:19,070:INFO:Declaring metric variables
2026-03-05 13:54:19,070:INFO:Importing untrained model
2026-03-05 13:54:19,070:INFO:Quadratic Discriminant Analysis Imported successfully
2026-03-05 13:54:19,070:INFO:Starting cross validation
2026-03-05 13:54:19,071:INFO:Cross validating with StratifiedKFold(n_splits=5, random_state=None, shuffle=False), n_jobs=-1
2026-03-05 13:54:19,142:WARNING:/Users/xiaowang/Documents/Github/DataMind/backend/.venv/lib/python3.11/site-packages/sklearn/discriminant_analysis.py:935: UserWarning: Variables are collinear
  warnings.warn("Variables are collinear")

2026-03-05 13:54:19,145:WARNING:/Users/xiaowang/Documents/Github/DataMind/backend/.venv/lib/python3.11/site-packages/sklearn/discriminant_analysis.py:935: UserWarning: Variables are collinear
  warnings.warn("Variables are collinear")

2026-03-05 13:54:19,145:WARNING:/Users/xiaowang/Documents/Github/DataMind/backend/.venv/lib/python3.11/site-packages/sklearn/discriminant_analysis.py:935: UserWarning: Variables are collinear
  warnings.warn("Variables are collinear")

2026-03-05 13:54:19,148:WARNING:/Users/xiaowang/Documents/Github/DataMind/backend/.venv/lib/python3.11/site-packages/sklearn/discriminant_analysis.py:935: UserWarning: Variables are collinear
  warnings.warn("Variables are collinear")

2026-03-05 13:54:19,162:WARNING:/Users/xiaowang/Documents/Github/DataMind/backend/.venv/lib/python3.11/site-packages/sklearn/metrics/_classification.py:1561: UserWarning: Note that pos_label (set to 'Y') is ignored when average != 'binary' (got 'weighted'). You may use labels=[pos_label] to specify a single positive class.
  warnings.warn(

2026-03-05 13:54:19,163:WARNING:/Users/xiaowang/Documents/Github/DataMind/backend/.venv/lib/python3.11/site-packages/sklearn/metrics/_classification.py:1561: UserWarning: Note that pos_label (set to 'Y') is ignored when average != 'binary' (got 'weighted'). You may use labels=[pos_label] to specify a single positive class.
  warnings.warn(

2026-03-05 13:54:19,164:WARNING:/Users/xiaowang/Documents/Github/DataMind/backend/.venv/lib/python3.11/site-packages/sklearn/metrics/_classification.py:1561: UserWarning: Note that pos_label (set to 'Y') is ignored when average != 'binary' (got 'weighted'). You may use labels=[pos_label] to specify a single positive class.
  warnings.warn(

2026-03-05 13:54:19,165:WARNING:/Users/xiaowang/Documents/Github/DataMind/backend/.venv/lib/python3.11/site-packages/sklearn/metrics/_classification.py:1561: UserWarning: Note that pos_label (set to 'Y') is ignored when average != 'binary' (got 'weighted'). You may use labels=[pos_label] to specify a single positive class.
  warnings.warn(

2026-03-05 13:54:19,166:WARNING:/Users/xiaowang/Documents/Github/DataMind/backend/.venv/lib/python3.11/site-packages/sklearn/metrics/_classification.py:1561: UserWarning: Note that pos_label (set to 'Y') is ignored when average != 'binary' (got 'weighted'). You may use labels=[pos_label] to specify a single positive class.
  warnings.warn(

2026-03-05 13:54:19,166:WARNING:/Users/xiaowang/Documents/Github/DataMind/backend/.venv/lib/python3.11/site-packages/sklearn/metrics/_classification.py:1561: UserWarning: Note that pos_label (set to 'Y') is ignored when average != 'binary' (got 'weighted'). You may use labels=[pos_label] to specify a single positive class.
  warnings.warn(

2026-03-05 13:54:19,167:WARNING:/Users/xiaowang/Documents/Github/DataMind/backend/.venv/lib/python3.11/site-packages/sklearn/metrics/_classification.py:1561: UserWarning: Note that pos_label (set to 'Y') is ignored when average != 'binary' (got 'weighted'). You may use labels=[pos_label] to specify a single positive class.
  warnings.warn(

2026-03-05 13:54:19,167:WARNING:/Users/xiaowang/Documents/Github/DataMind/backend/.venv/lib/python3.11/site-packages/sklearn/metrics/_classification.py:1561: UserWarning: Note that pos_label (set to 'Y') is ignored when average != 'binary' (got 'weighted'). You may use labels=[pos_label] to specify a single positive class.
  warnings.warn(

2026-03-05 13:54:19,168:WARNING:/Users/xiaowang/Documents/Github/DataMind/backend/.venv/lib/python3.11/site-packages/sklearn/metrics/_classification.py:1561: UserWarning: Note that pos_label (set to 'Y') is ignored when average != 'binary' (got 'weighted'). You may use labels=[pos_label] to specify a single positive class.
  warnings.warn(

2026-03-05 13:54:19,170:WARNING:/Users/xiaowang/Documents/Github/DataMind/backend/.venv/lib/python3.11/site-packages/sklearn/metrics/_classification.py:1561: UserWarning: Note that pos_label (set to 'Y') is ignored when average != 'binary' (got 'weighted'). You may use labels=[pos_label] to specify a single positive class.
  warnings.warn(

2026-03-05 13:54:19,170:WARNING:/Users/xiaowang/Documents/Github/DataMind/backend/.venv/lib/python3.11/site-packages/sklearn/metrics/_classification.py:1561: UserWarning: Note that pos_label (set to 'Y') is ignored when average != 'binary' (got 'weighted'). You may use labels=[pos_label] to specify a single positive class.
  warnings.warn(

2026-03-05 13:54:19,171:WARNING:/Users/xiaowang/Documents/Github/DataMind/backend/.venv/lib/python3.11/site-packages/sklearn/metrics/_classification.py:1561: UserWarning: Note that pos_label (set to 'Y') is ignored when average != 'binary' (got 'weighted'). You may use labels=[pos_label] to specify a single positive class.
  warnings.warn(

2026-03-05 13:54:19,857:WARNING:/Users/xiaowang/Documents/Github/DataMind/backend/.venv/lib/python3.11/site-packages/_distutils_hack/__init__.py:30: UserWarning: Setuptools is replacing distutils. Support for replacing an already imported distutils is deprecated. In the future, this condition will fail. Register concerns at https://github.com/pypa/setuptools/issues/new?template=distutils-deprecation.yml
  warnings.warn(

2026-03-05 13:54:19,926:WARNING:/Users/xiaowang/Documents/Github/DataMind/backend/.venv/lib/python3.11/site-packages/sklearn/discriminant_analysis.py:935: UserWarning: Variables are collinear
  warnings.warn("Variables are collinear")

2026-03-05 13:54:19,946:WARNING:/Users/xiaowang/Documents/Github/DataMind/backend/.venv/lib/python3.11/site-packages/sklearn/metrics/_classification.py:1561: UserWarning: Note that pos_label (set to 'Y') is ignored when average != 'binary' (got 'weighted'). You may use labels=[pos_label] to specify a single positive class.
  warnings.warn(

2026-03-05 13:54:19,947:WARNING:/Users/xiaowang/Documents/Github/DataMind/backend/.venv/lib/python3.11/site-packages/sklearn/metrics/_classification.py:1561: UserWarning: Note that pos_label (set to 'Y') is ignored when average != 'binary' (got 'weighted'). You may use labels=[pos_label] to specify a single positive class.
  warnings.warn(

2026-03-05 13:54:19,947:WARNING:/Users/xiaowang/Documents/Github/DataMind/backend/.venv/lib/python3.11/site-packages/sklearn/metrics/_classification.py:1561: UserWarning: Note that pos_label (set to 'Y') is ignored when average != 'binary' (got 'weighted'). You may use labels=[pos_label] to specify a single positive class.
  warnings.warn(

2026-03-05 13:54:19,959:INFO:Calculating mean and std
2026-03-05 13:54:19,959:INFO:Creating metrics dataframe
2026-03-05 13:54:19,960:INFO:Finalizing model
2026-03-05 13:54:20,054:WARNING:/Users/xiaowang/Documents/Github/DataMind/backend/.venv/lib/python3.11/site-packages/sklearn/discriminant_analysis.py:935: UserWarning: Variables are collinear
  warnings.warn("Variables are collinear")

2026-03-05 13:54:20,393:INFO:Uploading results into container
2026-03-05 13:54:20,393:INFO:Uploading model into container now
2026-03-05 13:54:20,397:INFO:_master_model_container: 24
2026-03-05 13:54:20,397:INFO:_display_container: 23
2026-03-05 13:54:20,398:INFO:QuadraticDiscriminantAnalysis(priors=None, reg_param=0.0,
                              store_covariance=False, tol=0.0001)
2026-03-05 13:54:20,398:INFO:create_model() successfully completed......................................
2026-03-05 13:54:20,499:INFO:Initializing predict_model()
2026-03-05 13:54:20,504:INFO:predict_model(self=<pycaret.classification.oop.ClassificationExperiment object at 0x160c18fd0>, estimator=QuadraticDiscriminantAnalysis(priors=None, reg_param=0.0,
                              store_covariance=False, tol=0.0001), probability_threshold=None, encoded_labels=False, raw_score=False, round=4, verbose=True, ml_usecase=None, preprocess=True, encode_labels=<function _SupervisedExperiment.predict_model.<locals>.encode_labels at 0x15d4331a0>)
2026-03-05 13:54:20,504:INFO:Checking exceptions
2026-03-05 13:54:20,504:INFO:Preloading libraries
2026-03-05 13:54:20,653:WARNING:/Users/xiaowang/Documents/Github/DataMind/backend/.venv/lib/python3.11/site-packages/sklearn/metrics/_classification.py:1561: UserWarning: Note that pos_label (set to 'Y') is ignored when average != 'binary' (got 'weighted'). You may use labels=[pos_label] to specify a single positive class.
  warnings.warn(

2026-03-05 13:54:20,656:WARNING:/Users/xiaowang/Documents/Github/DataMind/backend/.venv/lib/python3.11/site-packages/sklearn/metrics/_classification.py:1561: UserWarning: Note that pos_label (set to 'Y') is ignored when average != 'binary' (got 'weighted'). You may use labels=[pos_label] to specify a single positive class.
  warnings.warn(

2026-03-05 13:54:20,658:WARNING:/Users/xiaowang/Documents/Github/DataMind/backend/.venv/lib/python3.11/site-packages/sklearn/metrics/_classification.py:1561: UserWarning: Note that pos_label (set to 'Y') is ignored when average != 'binary' (got 'weighted'). You may use labels=[pos_label] to specify a single positive class.
  warnings.warn(

2026-03-05 13:54:20,792:INFO:Initializing create_model()
2026-03-05 13:54:20,792:INFO:create_model(self=<pycaret.classification.oop.ClassificationExperiment object at 0x160c18fd0>, estimator=ada, fold=5, round=4, cross_validation=True, predict=True, fit_kwargs=None, groups=None, refit=True, probability_threshold=None, experiment_custom_tags=None, verbose=True, system=True, add_to_model_list=True, metrics=None, display=None, model_only=True, return_train_score=False, error_score=0.0, kwargs={})
2026-03-05 13:54:20,792:INFO:Checking exceptions
2026-03-05 13:54:20,792:INFO:Importing libraries
2026-03-05 13:54:20,792:INFO:Copying training dataset
2026-03-05 13:54:20,794:INFO:Defining folds
2026-03-05 13:54:20,794:INFO:Declaring metric variables
2026-03-05 13:54:20,794:INFO:Importing untrained model
2026-03-05 13:54:20,794:INFO:Ada Boost Classifier Imported successfully
2026-03-05 13:54:20,794:INFO:Starting cross validation
2026-03-05 13:54:20,795:INFO:Cross validating with StratifiedKFold(n_splits=5, random_state=None, shuffle=False), n_jobs=-1
2026-03-05 13:54:20,957:WARNING:/Users/xiaowang/Documents/Github/DataMind/backend/.venv/lib/python3.11/site-packages/sklearn/ensemble/_weight_boosting.py:519: FutureWarning: The SAMME.R algorithm (the default) is deprecated and will be removed in 1.6. Use the SAMME algorithm to circumvent this warning.
  warnings.warn(

2026-03-05 13:54:20,960:WARNING:/Users/xiaowang/Documents/Github/DataMind/backend/.venv/lib/python3.11/site-packages/sklearn/ensemble/_weight_boosting.py:519: FutureWarning: The SAMME.R algorithm (the default) is deprecated and will be removed in 1.6. Use the SAMME algorithm to circumvent this warning.
  warnings.warn(

2026-03-05 13:54:21,017:WARNING:/Users/xiaowang/Documents/Github/DataMind/backend/.venv/lib/python3.11/site-packages/sklearn/metrics/_classification.py:1561: UserWarning: Note that pos_label (set to 'Y') is ignored when average != 'binary' (got 'weighted'). You may use labels=[pos_label] to specify a single positive class.
  warnings.warn(

2026-03-05 13:54:21,018:WARNING:/Users/xiaowang/Documents/Github/DataMind/backend/.venv/lib/python3.11/site-packages/sklearn/metrics/_classification.py:1561: UserWarning: Note that pos_label (set to 'Y') is ignored when average != 'binary' (got 'weighted'). You may use labels=[pos_label] to specify a single positive class.
  warnings.warn(

2026-03-05 13:54:21,019:WARNING:/Users/xiaowang/Documents/Github/DataMind/backend/.venv/lib/python3.11/site-packages/sklearn/metrics/_classification.py:1561: UserWarning: Note that pos_label (set to 'Y') is ignored when average != 'binary' (got 'weighted'). You may use labels=[pos_label] to specify a single positive class.
  warnings.warn(

2026-03-05 13:54:21,020:WARNING:/Users/xiaowang/Documents/Github/DataMind/backend/.venv/lib/python3.11/site-packages/sklearn/metrics/_classification.py:1561: UserWarning: Note that pos_label (set to 'Y') is ignored when average != 'binary' (got 'weighted'). You may use labels=[pos_label] to specify a single positive class.
  warnings.warn(

2026-03-05 13:54:21,021:WARNING:/Users/xiaowang/Documents/Github/DataMind/backend/.venv/lib/python3.11/site-packages/sklearn/metrics/_classification.py:1561: UserWarning: Note that pos_label (set to 'Y') is ignored when average != 'binary' (got 'weighted'). You may use labels=[pos_label] to specify a single positive class.
  warnings.warn(

2026-03-05 13:54:21,022:WARNING:/Users/xiaowang/Documents/Github/DataMind/backend/.venv/lib/python3.11/site-packages/sklearn/metrics/_classification.py:1561: UserWarning: Note that pos_label (set to 'Y') is ignored when average != 'binary' (got 'weighted'). You may use labels=[pos_label] to specify a single positive class.
  warnings.warn(

2026-03-05 13:54:21,668:WARNING:/Users/xiaowang/Documents/Github/DataMind/backend/.venv/lib/python3.11/site-packages/_distutils_hack/__init__.py:30: UserWarning: Setuptools is replacing distutils. Support for replacing an already imported distutils is deprecated. In the future, this condition will fail. Register concerns at https://github.com/pypa/setuptools/issues/new?template=distutils-deprecation.yml
  warnings.warn(

2026-03-05 13:54:21,686:WARNING:/Users/xiaowang/Documents/Github/DataMind/backend/.venv/lib/python3.11/site-packages/_distutils_hack/__init__.py:30: UserWarning: Setuptools is replacing distutils. Support for replacing an already imported distutils is deprecated. In the future, this condition will fail. Register concerns at https://github.com/pypa/setuptools/issues/new?template=distutils-deprecation.yml
  warnings.warn(

2026-03-05 13:54:21,686:WARNING:/Users/xiaowang/Documents/Github/DataMind/backend/.venv/lib/python3.11/site-packages/_distutils_hack/__init__.py:30: UserWarning: Setuptools is replacing distutils. Support for replacing an already imported distutils is deprecated. In the future, this condition will fail. Register concerns at https://github.com/pypa/setuptools/issues/new?template=distutils-deprecation.yml
  warnings.warn(

2026-03-05 13:54:21,739:WARNING:/Users/xiaowang/Documents/Github/DataMind/backend/.venv/lib/python3.11/site-packages/sklearn/ensemble/_weight_boosting.py:519: FutureWarning: The SAMME.R algorithm (the default) is deprecated and will be removed in 1.6. Use the SAMME algorithm to circumvent this warning.
  warnings.warn(

2026-03-05 13:54:21,755:WARNING:/Users/xiaowang/Documents/Github/DataMind/backend/.venv/lib/python3.11/site-packages/sklearn/ensemble/_weight_boosting.py:519: FutureWarning: The SAMME.R algorithm (the default) is deprecated and will be removed in 1.6. Use the SAMME algorithm to circumvent this warning.
  warnings.warn(

2026-03-05 13:54:21,756:WARNING:/Users/xiaowang/Documents/Github/DataMind/backend/.venv/lib/python3.11/site-packages/sklearn/ensemble/_weight_boosting.py:519: FutureWarning: The SAMME.R algorithm (the default) is deprecated and will be removed in 1.6. Use the SAMME algorithm to circumvent this warning.
  warnings.warn(

2026-03-05 13:54:21,799:WARNING:/Users/xiaowang/Documents/Github/DataMind/backend/.venv/lib/python3.11/site-packages/sklearn/metrics/_classification.py:1561: UserWarning: Note that pos_label (set to 'Y') is ignored when average != 'binary' (got 'weighted'). You may use labels=[pos_label] to specify a single positive class.
  warnings.warn(

2026-03-05 13:54:21,800:WARNING:/Users/xiaowang/Documents/Github/DataMind/backend/.venv/lib/python3.11/site-packages/sklearn/metrics/_classification.py:1561: UserWarning: Note that pos_label (set to 'Y') is ignored when average != 'binary' (got 'weighted'). You may use labels=[pos_label] to specify a single positive class.
  warnings.warn(

2026-03-05 13:54:21,801:WARNING:/Users/xiaowang/Documents/Github/DataMind/backend/.venv/lib/python3.11/site-packages/sklearn/metrics/_classification.py:1561: UserWarning: Note that pos_label (set to 'Y') is ignored when average != 'binary' (got 'weighted'). You may use labels=[pos_label] to specify a single positive class.
  warnings.warn(

2026-03-05 13:54:21,815:WARNING:/Users/xiaowang/Documents/Github/DataMind/backend/.venv/lib/python3.11/site-packages/sklearn/metrics/_classification.py:1561: UserWarning: Note that pos_label (set to 'Y') is ignored when average != 'binary' (got 'weighted'). You may use labels=[pos_label] to specify a single positive class.
  warnings.warn(

2026-03-05 13:54:21,815:WARNING:/Users/xiaowang/Documents/Github/DataMind/backend/.venv/lib/python3.11/site-packages/sklearn/metrics/_classification.py:1561: UserWarning: Note that pos_label (set to 'Y') is ignored when average != 'binary' (got 'weighted'). You may use labels=[pos_label] to specify a single positive class.
  warnings.warn(

2026-03-05 13:54:21,816:WARNING:/Users/xiaowang/Documents/Github/DataMind/backend/.venv/lib/python3.11/site-packages/sklearn/metrics/_classification.py:1561: UserWarning: Note that pos_label (set to 'Y') is ignored when average != 'binary' (got 'weighted'). You may use labels=[pos_label] to specify a single positive class.
  warnings.warn(

2026-03-05 13:54:21,816:WARNING:/Users/xiaowang/Documents/Github/DataMind/backend/.venv/lib/python3.11/site-packages/sklearn/metrics/_classification.py:1561: UserWarning: Note that pos_label (set to 'Y') is ignored when average != 'binary' (got 'weighted'). You may use labels=[pos_label] to specify a single positive class.
  warnings.warn(

2026-03-05 13:54:21,817:WARNING:/Users/xiaowang/Documents/Github/DataMind/backend/.venv/lib/python3.11/site-packages/sklearn/metrics/_classification.py:1561: UserWarning: Note that pos_label (set to 'Y') is ignored when average != 'binary' (got 'weighted'). You may use labels=[pos_label] to specify a single positive class.
  warnings.warn(

2026-03-05 13:54:21,817:WARNING:/Users/xiaowang/Documents/Github/DataMind/backend/.venv/lib/python3.11/site-packages/sklearn/metrics/_classification.py:1561: UserWarning: Note that pos_label (set to 'Y') is ignored when average != 'binary' (got 'weighted'). You may use labels=[pos_label] to specify a single positive class.
  warnings.warn(

2026-03-05 13:54:21,829:INFO:Calculating mean and std
2026-03-05 13:54:21,829:INFO:Creating metrics dataframe
2026-03-05 13:54:21,830:INFO:Finalizing model
2026-03-05 13:54:21,885:WARNING:/Users/xiaowang/Documents/Github/DataMind/backend/.venv/lib/python3.11/site-packages/sklearn/ensemble/_weight_boosting.py:519: FutureWarning: The SAMME.R algorithm (the default) is deprecated and will be removed in 1.6. Use the SAMME algorithm to circumvent this warning.
  warnings.warn(

2026-03-05 13:54:21,928:INFO:Uploading results into container
2026-03-05 13:54:21,928:INFO:Uploading model into container now
2026-03-05 13:54:21,930:INFO:_master_model_container: 25
2026-03-05 13:54:21,930:INFO:_display_container: 25
2026-03-05 13:54:21,930:INFO:AdaBoostClassifier(algorithm='SAMME.R', estimator=None, learning_rate=1.0,
                   n_estimators=50, random_state=42)
2026-03-05 13:54:21,930:INFO:create_model() successfully completed......................................
2026-03-05 13:54:21,988:INFO:Initializing predict_model()
2026-03-05 13:54:21,988:INFO:predict_model(self=<pycaret.classification.oop.ClassificationExperiment object at 0x160c18fd0>, estimator=AdaBoostClassifier(algorithm='SAMME.R', estimator=None, learning_rate=1.0,
                   n_estimators=50, random_state=42), probability_threshold=None, encoded_labels=False, raw_score=False, round=4, verbose=True, ml_usecase=None, preprocess=True, encode_labels=<function _SupervisedExperiment.predict_model.<locals>.encode_labels at 0x12c9e1940>)
2026-03-05 13:54:21,988:INFO:Checking exceptions
2026-03-05 13:54:21,988:INFO:Preloading libraries
2026-03-05 13:54:22,021:WARNING:/Users/xiaowang/Documents/Github/DataMind/backend/.venv/lib/python3.11/site-packages/sklearn/metrics/_classification.py:1561: UserWarning: Note that pos_label (set to 'Y') is ignored when average != 'binary' (got 'weighted'). You may use labels=[pos_label] to specify a single positive class.
  warnings.warn(

2026-03-05 13:54:22,022:WARNING:/Users/xiaowang/Documents/Github/DataMind/backend/.venv/lib/python3.11/site-packages/sklearn/metrics/_classification.py:1561: UserWarning: Note that pos_label (set to 'Y') is ignored when average != 'binary' (got 'weighted'). You may use labels=[pos_label] to specify a single positive class.
  warnings.warn(

2026-03-05 13:54:22,023:WARNING:/Users/xiaowang/Documents/Github/DataMind/backend/.venv/lib/python3.11/site-packages/sklearn/metrics/_classification.py:1561: UserWarning: Note that pos_label (set to 'Y') is ignored when average != 'binary' (got 'weighted'). You may use labels=[pos_label] to specify a single positive class.
  warnings.warn(

2026-03-05 13:54:22,084:INFO:Initializing create_model()
2026-03-05 13:54:22,084:INFO:create_model(self=<pycaret.classification.oop.ClassificationExperiment object at 0x160c18fd0>, estimator=gbc, fold=5, round=4, cross_validation=True, predict=True, fit_kwargs=None, groups=None, refit=True, probability_threshold=None, experiment_custom_tags=None, verbose=True, system=True, add_to_model_list=True, metrics=None, display=None, model_only=True, return_train_score=False, error_score=0.0, kwargs={})
2026-03-05 13:54:22,084:INFO:Checking exceptions
2026-03-05 13:54:22,084:INFO:Importing libraries
2026-03-05 13:54:22,084:INFO:Copying training dataset
2026-03-05 13:54:22,086:INFO:Defining folds
2026-03-05 13:54:22,086:INFO:Declaring metric variables
2026-03-05 13:54:22,086:INFO:Importing untrained model
2026-03-05 13:54:22,086:INFO:Gradient Boosting Classifier Imported successfully
2026-03-05 13:54:22,086:INFO:Starting cross validation
2026-03-05 13:54:22,087:INFO:Cross validating with StratifiedKFold(n_splits=5, random_state=None, shuffle=False), n_jobs=-1
2026-03-05 13:54:22,281:WARNING:/Users/xiaowang/Documents/Github/DataMind/backend/.venv/lib/python3.11/site-packages/sklearn/metrics/_classification.py:1561: UserWarning: Note that pos_label (set to 'Y') is ignored when average != 'binary' (got 'weighted'). You may use labels=[pos_label] to specify a single positive class.
  warnings.warn(

2026-03-05 13:54:22,282:WARNING:/Users/xiaowang/Documents/Github/DataMind/backend/.venv/lib/python3.11/site-packages/sklearn/metrics/_classification.py:1561: UserWarning: Note that pos_label (set to 'Y') is ignored when average != 'binary' (got 'weighted'). You may use labels=[pos_label] to specify a single positive class.
  warnings.warn(

2026-03-05 13:54:22,282:WARNING:/Users/xiaowang/Documents/Github/DataMind/backend/.venv/lib/python3.11/site-packages/sklearn/metrics/_classification.py:1561: UserWarning: Note that pos_label (set to 'Y') is ignored when average != 'binary' (got 'weighted'). You may use labels=[pos_label] to specify a single positive class.
  warnings.warn(

2026-03-05 13:54:22,282:WARNING:/Users/xiaowang/Documents/Github/DataMind/backend/.venv/lib/python3.11/site-packages/sklearn/metrics/_classification.py:1561: UserWarning: Note that pos_label (set to 'Y') is ignored when average != 'binary' (got 'weighted'). You may use labels=[pos_label] to specify a single positive class.
  warnings.warn(

2026-03-05 13:54:22,283:WARNING:/Users/xiaowang/Documents/Github/DataMind/backend/.venv/lib/python3.11/site-packages/sklearn/metrics/_classification.py:1561: UserWarning: Note that pos_label (set to 'Y') is ignored when average != 'binary' (got 'weighted'). You may use labels=[pos_label] to specify a single positive class.
  warnings.warn(

2026-03-05 13:54:22,283:WARNING:/Users/xiaowang/Documents/Github/DataMind/backend/.venv/lib/python3.11/site-packages/sklearn/metrics/_classification.py:1561: UserWarning: Note that pos_label (set to 'Y') is ignored when average != 'binary' (got 'weighted'). You may use labels=[pos_label] to specify a single positive class.
  warnings.warn(

2026-03-05 13:54:22,283:WARNING:/Users/xiaowang/Documents/Github/DataMind/backend/.venv/lib/python3.11/site-packages/sklearn/metrics/_classification.py:1561: UserWarning: Note that pos_label (set to 'Y') is ignored when average != 'binary' (got 'weighted'). You may use labels=[pos_label] to specify a single positive class.
  warnings.warn(

2026-03-05 13:54:22,284:WARNING:/Users/xiaowang/Documents/Github/DataMind/backend/.venv/lib/python3.11/site-packages/sklearn/metrics/_classification.py:1561: UserWarning: Note that pos_label (set to 'Y') is ignored when average != 'binary' (got 'weighted'). You may use labels=[pos_label] to specify a single positive class.
  warnings.warn(

2026-03-05 13:54:22,284:WARNING:/Users/xiaowang/Documents/Github/DataMind/backend/.venv/lib/python3.11/site-packages/sklearn/metrics/_classification.py:1561: UserWarning: Note that pos_label (set to 'Y') is ignored when average != 'binary' (got 'weighted'). You may use labels=[pos_label] to specify a single positive class.
  warnings.warn(

2026-03-05 13:54:22,286:WARNING:/Users/xiaowang/Documents/Github/DataMind/backend/.venv/lib/python3.11/site-packages/sklearn/metrics/_classification.py:1561: UserWarning: Note that pos_label (set to 'Y') is ignored when average != 'binary' (got 'weighted'). You may use labels=[pos_label] to specify a single positive class.
  warnings.warn(

2026-03-05 13:54:22,287:WARNING:/Users/xiaowang/Documents/Github/DataMind/backend/.venv/lib/python3.11/site-packages/sklearn/metrics/_classification.py:1561: UserWarning: Note that pos_label (set to 'Y') is ignored when average != 'binary' (got 'weighted'). You may use labels=[pos_label] to specify a single positive class.
  warnings.warn(

2026-03-05 13:54:22,288:WARNING:/Users/xiaowang/Documents/Github/DataMind/backend/.venv/lib/python3.11/site-packages/sklearn/metrics/_classification.py:1561: UserWarning: Note that pos_label (set to 'Y') is ignored when average != 'binary' (got 'weighted'). You may use labels=[pos_label] to specify a single positive class.
  warnings.warn(

2026-03-05 13:54:22,892:WARNING:/Users/xiaowang/Documents/Github/DataMind/backend/.venv/lib/python3.11/site-packages/_distutils_hack/__init__.py:30: UserWarning: Setuptools is replacing distutils. Support for replacing an already imported distutils is deprecated. In the future, this condition will fail. Register concerns at https://github.com/pypa/setuptools/issues/new?template=distutils-deprecation.yml
  warnings.warn(

2026-03-05 13:54:23,094:WARNING:/Users/xiaowang/Documents/Github/DataMind/backend/.venv/lib/python3.11/site-packages/sklearn/metrics/_classification.py:1561: UserWarning: Note that pos_label (set to 'Y') is ignored when average != 'binary' (got 'weighted'). You may use labels=[pos_label] to specify a single positive class.
  warnings.warn(

2026-03-05 13:54:23,095:WARNING:/Users/xiaowang/Documents/Github/DataMind/backend/.venv/lib/python3.11/site-packages/sklearn/metrics/_classification.py:1561: UserWarning: Note that pos_label (set to 'Y') is ignored when average != 'binary' (got 'weighted'). You may use labels=[pos_label] to specify a single positive class.
  warnings.warn(

2026-03-05 13:54:23,095:WARNING:/Users/xiaowang/Documents/Github/DataMind/backend/.venv/lib/python3.11/site-packages/sklearn/metrics/_classification.py:1561: UserWarning: Note that pos_label (set to 'Y') is ignored when average != 'binary' (got 'weighted'). You may use labels=[pos_label] to specify a single positive class.
  warnings.warn(

2026-03-05 13:54:23,105:INFO:Calculating mean and std
2026-03-05 13:54:23,105:INFO:Creating metrics dataframe
2026-03-05 13:54:23,105:INFO:Finalizing model
2026-03-05 13:54:23,293:INFO:Uploading results into container
2026-03-05 13:54:23,293:INFO:Uploading model into container now
2026-03-05 13:54:23,295:INFO:_master_model_container: 26
2026-03-05 13:54:23,295:INFO:_display_container: 27
2026-03-05 13:54:23,295:INFO:GradientBoostingClassifier(ccp_alpha=0.0, criterion='friedman_mse', init=None,
                           learning_rate=0.1, loss='log_loss', max_depth=3,
                           max_features=None, max_leaf_nodes=None,
                           min_impurity_decrease=0.0, min_samples_leaf=1,
                           min_samples_split=2, min_weight_fraction_leaf=0.0,
                           n_estimators=100, n_iter_no_change=None,
                           random_state=42, subsample=1.0, tol=0.0001,
                           validation_fraction=0.1, verbose=0,
                           warm_start=False)
2026-03-05 13:54:23,295:INFO:create_model() successfully completed......................................
2026-03-05 13:54:23,351:INFO:Initializing predict_model()
2026-03-05 13:54:23,351:INFO:predict_model(self=<pycaret.classification.oop.ClassificationExperiment object at 0x160c18fd0>, estimator=GradientBoostingClassifier(ccp_alpha=0.0, criterion='friedman_mse', init=None,
                           learning_rate=0.1, loss='log_loss', max_depth=3,
                           max_features=None, max_leaf_nodes=None,
                           min_impurity_decrease=0.0, min_samples_leaf=1,
                           min_samples_split=2, min_weight_fraction_leaf=0.0,
                           n_estimators=100, n_iter_no_change=None,
                           random_state=42, subsample=1.0, tol=0.0001,
                           validation_fraction=0.1, verbose=0,
                           warm_start=False), probability_threshold=None, encoded_labels=False, raw_score=False, round=4, verbose=True, ml_usecase=None, preprocess=True, encode_labels=<function _SupervisedExperiment.predict_model.<locals>.encode_labels at 0x12c9e1940>)
2026-03-05 13:54:23,351:INFO:Checking exceptions
2026-03-05 13:54:23,351:INFO:Preloading libraries
2026-03-05 13:54:23,381:WARNING:/Users/xiaowang/Documents/Github/DataMind/backend/.venv/lib/python3.11/site-packages/sklearn/metrics/_classification.py:1561: UserWarning: Note that pos_label (set to 'Y') is ignored when average != 'binary' (got 'weighted'). You may use labels=[pos_label] to specify a single positive class.
  warnings.warn(

2026-03-05 13:54:23,382:WARNING:/Users/xiaowang/Documents/Github/DataMind/backend/.venv/lib/python3.11/site-packages/sklearn/metrics/_classification.py:1561: UserWarning: Note that pos_label (set to 'Y') is ignored when average != 'binary' (got 'weighted'). You may use labels=[pos_label] to specify a single positive class.
  warnings.warn(

2026-03-05 13:54:23,383:WARNING:/Users/xiaowang/Documents/Github/DataMind/backend/.venv/lib/python3.11/site-packages/sklearn/metrics/_classification.py:1561: UserWarning: Note that pos_label (set to 'Y') is ignored when average != 'binary' (got 'weighted'). You may use labels=[pos_label] to specify a single positive class.
  warnings.warn(

2026-03-05 13:54:23,441:INFO:Initializing create_model()
2026-03-05 13:54:23,442:INFO:create_model(self=<pycaret.classification.oop.ClassificationExperiment object at 0x160c18fd0>, estimator=lda, fold=5, round=4, cross_validation=True, predict=True, fit_kwargs=None, groups=None, refit=True, probability_threshold=None, experiment_custom_tags=None, verbose=True, system=True, add_to_model_list=True, metrics=None, display=None, model_only=True, return_train_score=False, error_score=0.0, kwargs={})
2026-03-05 13:54:23,442:INFO:Checking exceptions
2026-03-05 13:54:23,442:INFO:Importing libraries
2026-03-05 13:54:23,442:INFO:Copying training dataset
2026-03-05 13:54:23,444:INFO:Defining folds
2026-03-05 13:54:23,444:INFO:Declaring metric variables
2026-03-05 13:54:23,444:INFO:Importing untrained model
2026-03-05 13:54:23,444:INFO:Linear Discriminant Analysis Imported successfully
2026-03-05 13:54:23,444:INFO:Starting cross validation
2026-03-05 13:54:23,445:INFO:Cross validating with StratifiedKFold(n_splits=5, random_state=None, shuffle=False), n_jobs=-1
2026-03-05 13:54:23,528:WARNING:/Users/xiaowang/Documents/Github/DataMind/backend/.venv/lib/python3.11/site-packages/sklearn/metrics/_classification.py:1561: UserWarning: Note that pos_label (set to 'Y') is ignored when average != 'binary' (got 'weighted'). You may use labels=[pos_label] to specify a single positive class.
  warnings.warn(

2026-03-05 13:54:23,529:WARNING:/Users/xiaowang/Documents/Github/DataMind/backend/.venv/lib/python3.11/site-packages/sklearn/metrics/_classification.py:1561: UserWarning: Note that pos_label (set to 'Y') is ignored when average != 'binary' (got 'weighted'). You may use labels=[pos_label] to specify a single positive class.
  warnings.warn(

2026-03-05 13:54:23,529:WARNING:/Users/xiaowang/Documents/Github/DataMind/backend/.venv/lib/python3.11/site-packages/sklearn/metrics/_classification.py:1561: UserWarning: Note that pos_label (set to 'Y') is ignored when average != 'binary' (got 'weighted'). You may use labels=[pos_label] to specify a single positive class.
  warnings.warn(

2026-03-05 13:54:23,530:WARNING:/Users/xiaowang/Documents/Github/DataMind/backend/.venv/lib/python3.11/site-packages/sklearn/metrics/_classification.py:1561: UserWarning: Note that pos_label (set to 'Y') is ignored when average != 'binary' (got 'weighted'). You may use labels=[pos_label] to specify a single positive class.
  warnings.warn(

2026-03-05 13:54:23,530:WARNING:/Users/xiaowang/Documents/Github/DataMind/backend/.venv/lib/python3.11/site-packages/sklearn/metrics/_classification.py:1561: UserWarning: Note that pos_label (set to 'Y') is ignored when average != 'binary' (got 'weighted'). You may use labels=[pos_label] to specify a single positive class.
  warnings.warn(

2026-03-05 13:54:23,530:WARNING:/Users/xiaowang/Documents/Github/DataMind/backend/.venv/lib/python3.11/site-packages/sklearn/metrics/_classification.py:1561: UserWarning: Note that pos_label (set to 'Y') is ignored when average != 'binary' (got 'weighted'). You may use labels=[pos_label] to specify a single positive class.
  warnings.warn(

2026-03-05 13:54:23,531:WARNING:/Users/xiaowang/Documents/Github/DataMind/backend/.venv/lib/python3.11/site-packages/sklearn/metrics/_classification.py:1561: UserWarning: Note that pos_label (set to 'Y') is ignored when average != 'binary' (got 'weighted'). You may use labels=[pos_label] to specify a single positive class.
  warnings.warn(

2026-03-05 13:54:23,531:WARNING:/Users/xiaowang/Documents/Github/DataMind/backend/.venv/lib/python3.11/site-packages/sklearn/metrics/_classification.py:1561: UserWarning: Note that pos_label (set to 'Y') is ignored when average != 'binary' (got 'weighted'). You may use labels=[pos_label] to specify a single positive class.
  warnings.warn(

2026-03-05 13:54:23,531:WARNING:/Users/xiaowang/Documents/Github/DataMind/backend/.venv/lib/python3.11/site-packages/sklearn/metrics/_classification.py:1561: UserWarning: Note that pos_label (set to 'Y') is ignored when average != 'binary' (got 'weighted'). You may use labels=[pos_label] to specify a single positive class.
  warnings.warn(

2026-03-05 13:54:23,532:WARNING:/Users/xiaowang/Documents/Github/DataMind/backend/.venv/lib/python3.11/site-packages/sklearn/metrics/_classification.py:1561: UserWarning: Note that pos_label (set to 'Y') is ignored when average != 'binary' (got 'weighted'). You may use labels=[pos_label] to specify a single positive class.
  warnings.warn(

2026-03-05 13:54:23,532:WARNING:/Users/xiaowang/Documents/Github/DataMind/backend/.venv/lib/python3.11/site-packages/sklearn/metrics/_classification.py:1561: UserWarning: Note that pos_label (set to 'Y') is ignored when average != 'binary' (got 'weighted'). You may use labels=[pos_label] to specify a single positive class.
  warnings.warn(

2026-03-05 13:54:23,533:WARNING:/Users/xiaowang/Documents/Github/DataMind/backend/.venv/lib/python3.11/site-packages/sklearn/metrics/_classification.py:1561: UserWarning: Note that pos_label (set to 'Y') is ignored when average != 'binary' (got 'weighted'). You may use labels=[pos_label] to specify a single positive class.
  warnings.warn(

2026-03-05 13:54:23,533:WARNING:/Users/xiaowang/Documents/Github/DataMind/backend/.venv/lib/python3.11/site-packages/sklearn/metrics/_classification.py:1561: UserWarning: Note that pos_label (set to 'Y') is ignored when average != 'binary' (got 'weighted'). You may use labels=[pos_label] to specify a single positive class.
  warnings.warn(

2026-03-05 13:54:23,534:WARNING:/Users/xiaowang/Documents/Github/DataMind/backend/.venv/lib/python3.11/site-packages/sklearn/metrics/_classification.py:1561: UserWarning: Note that pos_label (set to 'Y') is ignored when average != 'binary' (got 'weighted'). You may use labels=[pos_label] to specify a single positive class.
  warnings.warn(

2026-03-05 13:54:23,534:WARNING:/Users/xiaowang/Documents/Github/DataMind/backend/.venv/lib/python3.11/site-packages/sklearn/metrics/_classification.py:1561: UserWarning: Note that pos_label (set to 'Y') is ignored when average != 'binary' (got 'weighted'). You may use labels=[pos_label] to specify a single positive class.
  warnings.warn(

2026-03-05 13:54:23,541:INFO:Calculating mean and std
2026-03-05 13:54:23,541:INFO:Creating metrics dataframe
2026-03-05 13:54:23,541:INFO:Finalizing model
2026-03-05 13:54:23,675:INFO:Uploading results into container
2026-03-05 13:54:23,676:INFO:Uploading model into container now
2026-03-05 13:54:23,680:INFO:_master_model_container: 27
2026-03-05 13:54:23,680:INFO:_display_container: 29
2026-03-05 13:54:23,680:INFO:LinearDiscriminantAnalysis(covariance_estimator=None, n_components=None,
                           priors=None, shrinkage=None, solver='svd',
                           store_covariance=False, tol=0.0001)
2026-03-05 13:54:23,680:INFO:create_model() successfully completed......................................
2026-03-05 13:54:23,805:INFO:Initializing predict_model()
2026-03-05 13:54:23,805:INFO:predict_model(self=<pycaret.classification.oop.ClassificationExperiment object at 0x160c18fd0>, estimator=LinearDiscriminantAnalysis(covariance_estimator=None, n_components=None,
                           priors=None, shrinkage=None, solver='svd',
                           store_covariance=False, tol=0.0001), probability_threshold=None, encoded_labels=False, raw_score=False, round=4, verbose=True, ml_usecase=None, preprocess=True, encode_labels=<function _SupervisedExperiment.predict_model.<locals>.encode_labels at 0x1607e2340>)
2026-03-05 13:54:23,805:INFO:Checking exceptions
2026-03-05 13:54:23,805:INFO:Preloading libraries
2026-03-05 13:54:23,950:WARNING:/Users/xiaowang/Documents/Github/DataMind/backend/.venv/lib/python3.11/site-packages/sklearn/metrics/_classification.py:1561: UserWarning: Note that pos_label (set to 'Y') is ignored when average != 'binary' (got 'weighted'). You may use labels=[pos_label] to specify a single positive class.
  warnings.warn(

2026-03-05 13:54:23,952:WARNING:/Users/xiaowang/Documents/Github/DataMind/backend/.venv/lib/python3.11/site-packages/sklearn/metrics/_classification.py:1561: UserWarning: Note that pos_label (set to 'Y') is ignored when average != 'binary' (got 'weighted'). You may use labels=[pos_label] to specify a single positive class.
  warnings.warn(

2026-03-05 13:54:23,955:WARNING:/Users/xiaowang/Documents/Github/DataMind/backend/.venv/lib/python3.11/site-packages/sklearn/metrics/_classification.py:1561: UserWarning: Note that pos_label (set to 'Y') is ignored when average != 'binary' (got 'weighted'). You may use labels=[pos_label] to specify a single positive class.
  warnings.warn(

2026-03-05 13:54:24,084:INFO:Initializing create_model()
2026-03-05 13:54:24,084:INFO:create_model(self=<pycaret.classification.oop.ClassificationExperiment object at 0x160c18fd0>, estimator=et, fold=5, round=4, cross_validation=True, predict=True, fit_kwargs=None, groups=None, refit=True, probability_threshold=None, experiment_custom_tags=None, verbose=True, system=True, add_to_model_list=True, metrics=None, display=None, model_only=True, return_train_score=False, error_score=0.0, kwargs={})
2026-03-05 13:54:24,084:INFO:Checking exceptions
2026-03-05 13:54:24,084:INFO:Importing libraries
2026-03-05 13:54:24,084:INFO:Copying training dataset
2026-03-05 13:54:24,088:INFO:Defining folds
2026-03-05 13:54:24,088:INFO:Declaring metric variables
2026-03-05 13:54:24,089:INFO:Importing untrained model
2026-03-05 13:54:24,089:INFO:Extra Trees Classifier Imported successfully
2026-03-05 13:54:24,089:INFO:Starting cross validation
2026-03-05 13:54:24,091:INFO:Cross validating with StratifiedKFold(n_splits=5, random_state=None, shuffle=False), n_jobs=-1
2026-03-05 13:54:24,290:WARNING:/Users/xiaowang/Documents/Github/DataMind/backend/.venv/lib/python3.11/site-packages/sklearn/metrics/_classification.py:1561: UserWarning: Note that pos_label (set to 'Y') is ignored when average != 'binary' (got 'weighted'). You may use labels=[pos_label] to specify a single positive class.
  warnings.warn(

2026-03-05 13:54:24,291:WARNING:/Users/xiaowang/Documents/Github/DataMind/backend/.venv/lib/python3.11/site-packages/sklearn/metrics/_classification.py:1561: UserWarning: Note that pos_label (set to 'Y') is ignored when average != 'binary' (got 'weighted'). You may use labels=[pos_label] to specify a single positive class.
  warnings.warn(

2026-03-05 13:54:24,292:WARNING:/Users/xiaowang/Documents/Github/DataMind/backend/.venv/lib/python3.11/site-packages/sklearn/metrics/_classification.py:1561: UserWarning: Note that pos_label (set to 'Y') is ignored when average != 'binary' (got 'weighted'). You may use labels=[pos_label] to specify a single positive class.
  warnings.warn(

2026-03-05 13:54:24,313:WARNING:/Users/xiaowang/Documents/Github/DataMind/backend/.venv/lib/python3.11/site-packages/sklearn/metrics/_classification.py:1561: UserWarning: Note that pos_label (set to 'Y') is ignored when average != 'binary' (got 'weighted'). You may use labels=[pos_label] to specify a single positive class.
  warnings.warn(

2026-03-05 13:54:24,314:WARNING:/Users/xiaowang/Documents/Github/DataMind/backend/.venv/lib/python3.11/site-packages/sklearn/metrics/_classification.py:1561: UserWarning: Note that pos_label (set to 'Y') is ignored when average != 'binary' (got 'weighted'). You may use labels=[pos_label] to specify a single positive class.
  warnings.warn(

2026-03-05 13:54:24,315:WARNING:/Users/xiaowang/Documents/Github/DataMind/backend/.venv/lib/python3.11/site-packages/sklearn/metrics/_classification.py:1561: UserWarning: Note that pos_label (set to 'Y') is ignored when average != 'binary' (got 'weighted'). You may use labels=[pos_label] to specify a single positive class.
  warnings.warn(

2026-03-05 13:54:24,316:WARNING:/Users/xiaowang/Documents/Github/DataMind/backend/.venv/lib/python3.11/site-packages/sklearn/metrics/_classification.py:1561: UserWarning: Note that pos_label (set to 'Y') is ignored when average != 'binary' (got 'weighted'). You may use labels=[pos_label] to specify a single positive class.
  warnings.warn(

2026-03-05 13:54:24,317:WARNING:/Users/xiaowang/Documents/Github/DataMind/backend/.venv/lib/python3.11/site-packages/sklearn/metrics/_classification.py:1561: UserWarning: Note that pos_label (set to 'Y') is ignored when average != 'binary' (got 'weighted'). You may use labels=[pos_label] to specify a single positive class.
  warnings.warn(

2026-03-05 13:54:24,317:WARNING:/Users/xiaowang/Documents/Github/DataMind/backend/.venv/lib/python3.11/site-packages/sklearn/metrics/_classification.py:1561: UserWarning: Note that pos_label (set to 'Y') is ignored when average != 'binary' (got 'weighted'). You may use labels=[pos_label] to specify a single positive class.
  warnings.warn(

2026-03-05 13:54:24,317:WARNING:/Users/xiaowang/Documents/Github/DataMind/backend/.venv/lib/python3.11/site-packages/sklearn/metrics/_classification.py:1561: UserWarning: Note that pos_label (set to 'Y') is ignored when average != 'binary' (got 'weighted'). You may use labels=[pos_label] to specify a single positive class.
  warnings.warn(

2026-03-05 13:54:24,318:WARNING:/Users/xiaowang/Documents/Github/DataMind/backend/.venv/lib/python3.11/site-packages/sklearn/metrics/_classification.py:1561: UserWarning: Note that pos_label (set to 'Y') is ignored when average != 'binary' (got 'weighted'). You may use labels=[pos_label] to specify a single positive class.
  warnings.warn(

2026-03-05 13:54:24,318:WARNING:/Users/xiaowang/Documents/Github/DataMind/backend/.venv/lib/python3.11/site-packages/sklearn/metrics/_classification.py:1561: UserWarning: Note that pos_label (set to 'Y') is ignored when average != 'binary' (got 'weighted'). You may use labels=[pos_label] to specify a single positive class.
  warnings.warn(

2026-03-05 13:54:24,319:WARNING:/Users/xiaowang/Documents/Github/DataMind/backend/.venv/lib/python3.11/site-packages/sklearn/metrics/_classification.py:1561: UserWarning: Note that pos_label (set to 'Y') is ignored when average != 'binary' (got 'weighted'). You may use labels=[pos_label] to specify a single positive class.
  warnings.warn(

2026-03-05 13:54:24,319:WARNING:/Users/xiaowang/Documents/Github/DataMind/backend/.venv/lib/python3.11/site-packages/sklearn/metrics/_classification.py:1561: UserWarning: Note that pos_label (set to 'Y') is ignored when average != 'binary' (got 'weighted'). You may use labels=[pos_label] to specify a single positive class.
  warnings.warn(

2026-03-05 13:54:24,319:WARNING:/Users/xiaowang/Documents/Github/DataMind/backend/.venv/lib/python3.11/site-packages/sklearn/metrics/_classification.py:1561: UserWarning: Note that pos_label (set to 'Y') is ignored when average != 'binary' (got 'weighted'). You may use labels=[pos_label] to specify a single positive class.
  warnings.warn(

2026-03-05 13:54:24,329:INFO:Calculating mean and std
2026-03-05 13:54:24,329:INFO:Creating metrics dataframe
2026-03-05 13:54:24,330:INFO:Finalizing model
2026-03-05 13:54:24,446:INFO:Uploading results into container
2026-03-05 13:54:24,446:INFO:Uploading model into container now
2026-03-05 13:54:24,448:INFO:_master_model_container: 28
2026-03-05 13:54:24,448:INFO:_display_container: 31
2026-03-05 13:54:24,448:INFO:ExtraTreesClassifier(bootstrap=False, ccp_alpha=0.0, class_weight=None,
                     criterion='gini', max_depth=None, max_features='sqrt',
                     max_leaf_nodes=None, max_samples=None,
                     min_impurity_decrease=0.0, min_samples_leaf=1,
                     min_samples_split=2, min_weight_fraction_leaf=0.0,
                     monotonic_cst=None, n_estimators=100, n_jobs=-1,
                     oob_score=False, random_state=42, verbose=0,
                     warm_start=False)
2026-03-05 13:54:24,448:INFO:create_model() successfully completed......................................
2026-03-05 13:54:24,524:INFO:Initializing predict_model()
2026-03-05 13:54:24,524:INFO:predict_model(self=<pycaret.classification.oop.ClassificationExperiment object at 0x160c18fd0>, estimator=ExtraTreesClassifier(bootstrap=False, ccp_alpha=0.0, class_weight=None,
                     criterion='gini', max_depth=None, max_features='sqrt',
                     max_leaf_nodes=None, max_samples=None,
                     min_impurity_decrease=0.0, min_samples_leaf=1,
                     min_samples_split=2, min_weight_fraction_leaf=0.0,
                     monotonic_cst=None, n_estimators=100, n_jobs=-1,
                     oob_score=False, random_state=42, verbose=0,
                     warm_start=False), probability_threshold=None, encoded_labels=False, raw_score=False, round=4, verbose=True, ml_usecase=None, preprocess=True, encode_labels=<function _SupervisedExperiment.predict_model.<locals>.encode_labels at 0x12ce3cfe0>)
2026-03-05 13:54:24,524:INFO:Checking exceptions
2026-03-05 13:54:24,524:INFO:Preloading libraries
2026-03-05 13:54:24,584:WARNING:/Users/xiaowang/Documents/Github/DataMind/backend/.venv/lib/python3.11/site-packages/sklearn/metrics/_classification.py:1561: UserWarning: Note that pos_label (set to 'Y') is ignored when average != 'binary' (got 'weighted'). You may use labels=[pos_label] to specify a single positive class.
  warnings.warn(

2026-03-05 13:54:24,586:WARNING:/Users/xiaowang/Documents/Github/DataMind/backend/.venv/lib/python3.11/site-packages/sklearn/metrics/_classification.py:1561: UserWarning: Note that pos_label (set to 'Y') is ignored when average != 'binary' (got 'weighted'). You may use labels=[pos_label] to specify a single positive class.
  warnings.warn(

2026-03-05 13:54:24,587:WARNING:/Users/xiaowang/Documents/Github/DataMind/backend/.venv/lib/python3.11/site-packages/sklearn/metrics/_classification.py:1561: UserWarning: Note that pos_label (set to 'Y') is ignored when average != 'binary' (got 'weighted'). You may use labels=[pos_label] to specify a single positive class.
  warnings.warn(

2026-03-05 13:54:24,647:INFO:Initializing create_model()
2026-03-05 13:54:24,647:INFO:create_model(self=<pycaret.classification.oop.ClassificationExperiment object at 0x160c18fd0>, estimator=dummy, fold=5, round=4, cross_validation=True, predict=True, fit_kwargs=None, groups=None, refit=True, probability_threshold=None, experiment_custom_tags=None, verbose=True, system=True, add_to_model_list=True, metrics=None, display=None, model_only=True, return_train_score=False, error_score=0.0, kwargs={})
2026-03-05 13:54:24,647:INFO:Checking exceptions
2026-03-05 13:54:24,647:INFO:Importing libraries
2026-03-05 13:54:24,647:INFO:Copying training dataset
2026-03-05 13:54:24,649:INFO:Defining folds
2026-03-05 13:54:24,649:INFO:Declaring metric variables
2026-03-05 13:54:24,649:INFO:Importing untrained model
2026-03-05 13:54:24,649:INFO:Dummy Classifier Imported successfully
2026-03-05 13:54:24,649:INFO:Starting cross validation
2026-03-05 13:54:24,650:INFO:Cross validating with StratifiedKFold(n_splits=5, random_state=None, shuffle=False), n_jobs=-1
2026-03-05 13:54:24,728:WARNING:/Users/xiaowang/Documents/Github/DataMind/backend/.venv/lib/python3.11/site-packages/sklearn/metrics/_classification.py:1561: UserWarning: Note that pos_label (set to 'Y') is ignored when average != 'binary' (got 'weighted'). You may use labels=[pos_label] to specify a single positive class.
  warnings.warn(

2026-03-05 13:54:24,729:WARNING:/Users/xiaowang/Documents/Github/DataMind/backend/.venv/lib/python3.11/site-packages/sklearn/metrics/_classification.py:1561: UserWarning: Note that pos_label (set to 'Y') is ignored when average != 'binary' (got 'weighted'). You may use labels=[pos_label] to specify a single positive class.
  warnings.warn(

2026-03-05 13:54:24,729:WARNING:/Users/xiaowang/Documents/Github/DataMind/backend/.venv/lib/python3.11/site-packages/sklearn/metrics/_classification.py:1509: UndefinedMetricWarning: Precision is ill-defined and being set to 0.0 in labels with no predicted samples. Use `zero_division` parameter to control this behavior.
  _warn_prf(average, modifier, f"{metric.capitalize()} is", len(result))

2026-03-05 13:54:24,730:WARNING:/Users/xiaowang/Documents/Github/DataMind/backend/.venv/lib/python3.11/site-packages/sklearn/metrics/_classification.py:1561: UserWarning: Note that pos_label (set to 'Y') is ignored when average != 'binary' (got 'weighted'). You may use labels=[pos_label] to specify a single positive class.
  warnings.warn(

2026-03-05 13:54:24,731:WARNING:/Users/xiaowang/Documents/Github/DataMind/backend/.venv/lib/python3.11/site-packages/sklearn/metrics/_classification.py:1561: UserWarning: Note that pos_label (set to 'Y') is ignored when average != 'binary' (got 'weighted'). You may use labels=[pos_label] to specify a single positive class.
  warnings.warn(

2026-03-05 13:54:24,732:WARNING:/Users/xiaowang/Documents/Github/DataMind/backend/.venv/lib/python3.11/site-packages/sklearn/metrics/_classification.py:1561: UserWarning: Note that pos_label (set to 'Y') is ignored when average != 'binary' (got 'weighted'). You may use labels=[pos_label] to specify a single positive class.
  warnings.warn(

2026-03-05 13:54:24,732:WARNING:/Users/xiaowang/Documents/Github/DataMind/backend/.venv/lib/python3.11/site-packages/sklearn/metrics/_classification.py:1509: UndefinedMetricWarning: Precision is ill-defined and being set to 0.0 in labels with no predicted samples. Use `zero_division` parameter to control this behavior.
  _warn_prf(average, modifier, f"{metric.capitalize()} is", len(result))

2026-03-05 13:54:24,732:WARNING:/Users/xiaowang/Documents/Github/DataMind/backend/.venv/lib/python3.11/site-packages/sklearn/metrics/_classification.py:1561: UserWarning: Note that pos_label (set to 'Y') is ignored when average != 'binary' (got 'weighted'). You may use labels=[pos_label] to specify a single positive class.
  warnings.warn(

2026-03-05 13:54:24,733:WARNING:/Users/xiaowang/Documents/Github/DataMind/backend/.venv/lib/python3.11/site-packages/sklearn/metrics/_classification.py:1561: UserWarning: Note that pos_label (set to 'Y') is ignored when average != 'binary' (got 'weighted'). You may use labels=[pos_label] to specify a single positive class.
  warnings.warn(

2026-03-05 13:54:24,734:WARNING:/Users/xiaowang/Documents/Github/DataMind/backend/.venv/lib/python3.11/site-packages/sklearn/metrics/_classification.py:1561: UserWarning: Note that pos_label (set to 'Y') is ignored when average != 'binary' (got 'weighted'). You may use labels=[pos_label] to specify a single positive class.
  warnings.warn(

2026-03-05 13:54:24,735:WARNING:/Users/xiaowang/Documents/Github/DataMind/backend/.venv/lib/python3.11/site-packages/sklearn/metrics/_classification.py:1509: UndefinedMetricWarning: Precision is ill-defined and being set to 0.0 in labels with no predicted samples. Use `zero_division` parameter to control this behavior.
  _warn_prf(average, modifier, f"{metric.capitalize()} is", len(result))

2026-03-05 13:54:24,735:WARNING:/Users/xiaowang/Documents/Github/DataMind/backend/.venv/lib/python3.11/site-packages/sklearn/metrics/_classification.py:1561: UserWarning: Note that pos_label (set to 'Y') is ignored when average != 'binary' (got 'weighted'). You may use labels=[pos_label] to specify a single positive class.
  warnings.warn(

2026-03-05 13:54:24,739:WARNING:/Users/xiaowang/Documents/Github/DataMind/backend/.venv/lib/python3.11/site-packages/sklearn/metrics/_classification.py:1561: UserWarning: Note that pos_label (set to 'Y') is ignored when average != 'binary' (got 'weighted'). You may use labels=[pos_label] to specify a single positive class.
  warnings.warn(

2026-03-05 13:54:24,739:WARNING:/Users/xiaowang/Documents/Github/DataMind/backend/.venv/lib/python3.11/site-packages/sklearn/metrics/_classification.py:1561: UserWarning: Note that pos_label (set to 'Y') is ignored when average != 'binary' (got 'weighted'). You may use labels=[pos_label] to specify a single positive class.
  warnings.warn(

2026-03-05 13:54:24,740:WARNING:/Users/xiaowang/Documents/Github/DataMind/backend/.venv/lib/python3.11/site-packages/sklearn/metrics/_classification.py:1509: UndefinedMetricWarning: Precision is ill-defined and being set to 0.0 in labels with no predicted samples. Use `zero_division` parameter to control this behavior.
  _warn_prf(average, modifier, f"{metric.capitalize()} is", len(result))

2026-03-05 13:54:24,740:WARNING:/Users/xiaowang/Documents/Github/DataMind/backend/.venv/lib/python3.11/site-packages/sklearn/metrics/_classification.py:1561: UserWarning: Note that pos_label (set to 'Y') is ignored when average != 'binary' (got 'weighted'). You may use labels=[pos_label] to specify a single positive class.
  warnings.warn(

2026-03-05 13:54:24,742:WARNING:/Users/xiaowang/Documents/Github/DataMind/backend/.venv/lib/python3.11/site-packages/sklearn/metrics/_classification.py:1561: UserWarning: Note that pos_label (set to 'Y') is ignored when average != 'binary' (got 'weighted'). You may use labels=[pos_label] to specify a single positive class.
  warnings.warn(

2026-03-05 13:54:24,743:WARNING:/Users/xiaowang/Documents/Github/DataMind/backend/.venv/lib/python3.11/site-packages/sklearn/metrics/_classification.py:1561: UserWarning: Note that pos_label (set to 'Y') is ignored when average != 'binary' (got 'weighted'). You may use labels=[pos_label] to specify a single positive class.
  warnings.warn(

2026-03-05 13:54:24,744:WARNING:/Users/xiaowang/Documents/Github/DataMind/backend/.venv/lib/python3.11/site-packages/sklearn/metrics/_classification.py:1509: UndefinedMetricWarning: Precision is ill-defined and being set to 0.0 in labels with no predicted samples. Use `zero_division` parameter to control this behavior.
  _warn_prf(average, modifier, f"{metric.capitalize()} is", len(result))

2026-03-05 13:54:24,744:WARNING:/Users/xiaowang/Documents/Github/DataMind/backend/.venv/lib/python3.11/site-packages/sklearn/metrics/_classification.py:1561: UserWarning: Note that pos_label (set to 'Y') is ignored when average != 'binary' (got 'weighted'). You may use labels=[pos_label] to specify a single positive class.
  warnings.warn(

2026-03-05 13:54:24,750:INFO:Calculating mean and std
2026-03-05 13:54:24,751:INFO:Creating metrics dataframe
2026-03-05 13:54:24,751:INFO:Finalizing model
2026-03-05 13:54:24,804:INFO:Uploading results into container
2026-03-05 13:54:24,804:INFO:Uploading model into container now
2026-03-05 13:54:24,806:INFO:_master_model_container: 29
2026-03-05 13:54:24,806:INFO:_display_container: 33
2026-03-05 13:54:24,806:INFO:DummyClassifier(constant=None, random_state=42, strategy='prior')
2026-03-05 13:54:24,806:INFO:create_model() successfully completed......................................
2026-03-05 13:54:24,861:INFO:Initializing predict_model()
2026-03-05 13:54:24,861:INFO:predict_model(self=<pycaret.classification.oop.ClassificationExperiment object at 0x160c18fd0>, estimator=DummyClassifier(constant=None, random_state=42, strategy='prior'), probability_threshold=None, encoded_labels=False, raw_score=False, round=4, verbose=True, ml_usecase=None, preprocess=True, encode_labels=<function _SupervisedExperiment.predict_model.<locals>.encode_labels at 0x1610c3ce0>)
2026-03-05 13:54:24,861:INFO:Checking exceptions
2026-03-05 13:54:24,861:INFO:Preloading libraries
2026-03-05 13:54:24,889:WARNING:/Users/xiaowang/Documents/Github/DataMind/backend/.venv/lib/python3.11/site-packages/sklearn/metrics/_classification.py:1561: UserWarning: Note that pos_label (set to 'Y') is ignored when average != 'binary' (got 'weighted'). You may use labels=[pos_label] to specify a single positive class.
  warnings.warn(

2026-03-05 13:54:24,890:WARNING:/Users/xiaowang/Documents/Github/DataMind/backend/.venv/lib/python3.11/site-packages/sklearn/metrics/_classification.py:1561: UserWarning: Note that pos_label (set to 'Y') is ignored when average != 'binary' (got 'weighted'). You may use labels=[pos_label] to specify a single positive class.
  warnings.warn(

2026-03-05 13:54:24,891:WARNING:/Users/xiaowang/Documents/Github/DataMind/backend/.venv/lib/python3.11/site-packages/sklearn/metrics/_classification.py:1509: UndefinedMetricWarning: Precision is ill-defined and being set to 0.0 in labels with no predicted samples. Use `zero_division` parameter to control this behavior.
  _warn_prf(average, modifier, f"{metric.capitalize()} is", len(result))

2026-03-05 13:54:24,892:WARNING:/Users/xiaowang/Documents/Github/DataMind/backend/.venv/lib/python3.11/site-packages/sklearn/metrics/_classification.py:1561: UserWarning: Note that pos_label (set to 'Y') is ignored when average != 'binary' (got 'weighted'). You may use labels=[pos_label] to specify a single positive class.
  warnings.warn(

2026-03-05 13:54:24,952:INFO:Initializing finalize_model()
2026-03-05 13:54:24,952:INFO:finalize_model(self=<pycaret.classification.oop.ClassificationExperiment object at 0x160c18fd0>, estimator=RandomForestClassifier(bootstrap=True, ccp_alpha=0.0, class_weight=None,
                       criterion='gini', max_depth=None, max_features='sqrt',
                       max_leaf_nodes=None, max_samples=None,
                       min_impurity_decrease=0.0, min_samples_leaf=1,
                       min_samples_split=2, min_weight_fraction_leaf=0.0,
                       monotonic_cst=None, n_estimators=100, n_jobs=-1,
                       oob_score=False, random_state=42, verbose=0,
                       warm_start=False), fit_kwargs=None, groups=None, model_only=False, experiment_custom_tags=None)
2026-03-05 13:54:24,952:INFO:Finalizing RandomForestClassifier(bootstrap=True, ccp_alpha=0.0, class_weight=None,
                       criterion='gini', max_depth=None, max_features='sqrt',
                       max_leaf_nodes=None, max_samples=None,
                       min_impurity_decrease=0.0, min_samples_leaf=1,
                       min_samples_split=2, min_weight_fraction_leaf=0.0,
                       monotonic_cst=None, n_estimators=100, n_jobs=-1,
                       oob_score=False, random_state=42, verbose=0,
                       warm_start=False)
2026-03-05 13:54:24,954:INFO:Initializing create_model()
2026-03-05 13:54:24,954:INFO:create_model(self=<pycaret.classification.oop.ClassificationExperiment object at 0x160c18fd0>, estimator=RandomForestClassifier(bootstrap=True, ccp_alpha=0.0, class_weight=None,
                       criterion='gini', max_depth=None, max_features='sqrt',
                       max_leaf_nodes=None, max_samples=None,
                       min_impurity_decrease=0.0, min_samples_leaf=1,
                       min_samples_split=2, min_weight_fraction_leaf=0.0,
                       monotonic_cst=None, n_estimators=100, n_jobs=-1,
                       oob_score=False, random_state=42, verbose=0,
                       warm_start=False), fold=None, round=4, cross_validation=False, predict=False, fit_kwargs={}, groups=None, refit=True, probability_threshold=None, experiment_custom_tags=None, verbose=False, system=False, add_to_model_list=False, metrics=None, display=None, model_only=False, return_train_score=False, error_score=0.0, kwargs={})
2026-03-05 13:54:24,954:INFO:Checking exceptions
2026-03-05 13:54:24,954:INFO:Importing libraries
2026-03-05 13:54:24,954:INFO:Copying training dataset
2026-03-05 13:54:24,954:INFO:Defining folds
2026-03-05 13:54:24,954:INFO:Declaring metric variables
2026-03-05 13:54:24,954:INFO:Importing untrained model
2026-03-05 13:54:24,954:INFO:Declaring custom model
2026-03-05 13:54:24,954:INFO:Random Forest Classifier Imported successfully
2026-03-05 13:54:24,955:INFO:Cross validation set to False
2026-03-05 13:54:24,955:INFO:Fitting Model
2026-03-05 13:54:25,137:INFO:Pipeline(memory=Memory(location=None),
         steps=[('label_encoding',
                 TransformerWrapperWithInverse(exclude=None, include=None,
                                               transformer=LabelEncoder())),
                ('numerical_imputer',
                 TransformerWrapper(exclude=None,
                                    include=['age', '意識狀態', '精神狀態', '下肢肌力',
                                             'K氏量表', '巴氏量表'],
                                    transformer=SimpleImputer(add_indicator=False,
                                                              copy=True,
                                                              fill_value=None,
                                                              keep_empty_features=False,...
                 RandomForestClassifier(bootstrap=True, ccp_alpha=0.0,
                                        class_weight=None, criterion='gini',
                                        max_depth=None, max_features='sqrt',
                                        max_leaf_nodes=None, max_samples=None,
                                        min_impurity_decrease=0.0,
                                        min_samples_leaf=1, min_samples_split=2,
                                        min_weight_fraction_leaf=0.0,
                                        monotonic_cst=None, n_estimators=100,
                                        n_jobs=-1, oob_score=False,
                                        random_state=42, verbose=0,
                                        warm_start=False))],
         verbose=False)
2026-03-05 13:54:25,137:INFO:create_model() successfully completed......................................
2026-03-05 13:54:25,192:INFO:_master_model_container: 29
2026-03-05 13:54:25,192:INFO:_display_container: 34
2026-03-05 13:54:25,237:INFO:Pipeline(memory=Memory(location=None),
         steps=[('label_encoding',
                 TransformerWrapperWithInverse(exclude=None, include=None,
                                               transformer=LabelEncoder())),
                ('numerical_imputer',
                 TransformerWrapper(exclude=None,
                                    include=['age', '意識狀態', '精神狀態', '下肢肌力',
                                             'K氏量表', '巴氏量表'],
                                    transformer=SimpleImputer(add_indicator=False,
                                                              copy=True,
                                                              fill_value=None,
                                                              keep_empty_features=False,...
                 RandomForestClassifier(bootstrap=True, ccp_alpha=0.0,
                                        class_weight=None, criterion='gini',
                                        max_depth=None, max_features='sqrt',
                                        max_leaf_nodes=None, max_samples=None,
                                        min_impurity_decrease=0.0,
                                        min_samples_leaf=1, min_samples_split=2,
                                        min_weight_fraction_leaf=0.0,
                                        monotonic_cst=None, n_estimators=100,
                                        n_jobs=-1, oob_score=False,
                                        random_state=42, verbose=0,
                                        warm_start=False))],
         verbose=False)
2026-03-05 13:54:25,237:INFO:finalize_model() successfully completed......................................
2026-03-05 13:54:25,378:INFO:Initializing save_model()
2026-03-05 13:54:25,378:INFO:save_model(model=Pipeline(memory=Memory(location=None),
         steps=[('label_encoding',
                 TransformerWrapperWithInverse(exclude=None, include=None,
                                               transformer=LabelEncoder())),
                ('numerical_imputer',
                 TransformerWrapper(exclude=None,
                                    include=['age', '意識狀態', '精神狀態', '下肢肌力',
                                             'K氏量表', '巴氏量表'],
                                    transformer=SimpleImputer(add_indicator=False,
                                                              copy=True,
                                                              fill_value=None,
                                                              keep_empty_features=False,...
                 RandomForestClassifier(bootstrap=True, ccp_alpha=0.0,
                                        class_weight=None, criterion='gini',
                                        max_depth=None, max_features='sqrt',
                                        max_leaf_nodes=None, max_samples=None,
                                        min_impurity_decrease=0.0,
                                        min_samples_leaf=1, min_samples_split=2,
                                        min_weight_fraction_leaf=0.0,
                                        monotonic_cst=None, n_estimators=100,
                                        n_jobs=-1, oob_score=False,
                                        random_state=42, verbose=0,
                                        warm_start=False))],
         verbose=False), model_name=artifacts/pycaret/fall_model, prep_pipe_=Pipeline(memory=FastMemory(location=/var/folders/qr/v7zsrctd3rj_brd6d8n5cq7c0000gn/T/joblib),
         steps=[('label_encoding',
                 TransformerWrapperWithInverse(exclude=None, include=None,
                                               transformer=LabelEncoder())),
                ('numerical_imputer',
                 TransformerWrapper(exclude=None,
                                    include=['age', '意識狀態', '精神狀態', '下肢肌力',
                                             'K氏量表', '巴氏量表'],
                                    transformer=SimpleImputer(add_indicator=Fal...
                                    transformer=FixImbalancer(estimator=SMOTE(k_neighbors=5,
                                                                              random_state=42,
                                                                              sampling_strategy='auto')))),
                ('normalize',
                 TransformerWrapper(exclude=None, include=None,
                                    transformer=StandardScaler(copy=True,
                                                               with_mean=True,
                                                               with_std=True))),
                ('clean_column_names',
                 TransformerWrapper(exclude=None, include=None,
                                    transformer=CleanColumnNames(match='[\\]\\[\\,\\{\\}\\"\\:]+')))],
         verbose=False), verbose=True, use_case=MLUsecase.CLASSIFICATION, kwargs={})
2026-03-05 13:54:25,378:INFO:Adding model into prep_pipe
2026-03-05 13:54:25,378:WARNING:Only Model saved as it was a pipeline.
2026-03-05 13:54:25,396:INFO:artifacts/pycaret/fall_model.pkl saved in current working directory
2026-03-05 13:54:25,441:INFO:Pipeline(memory=Memory(location=None),
         steps=[('label_encoding',
                 TransformerWrapperWithInverse(exclude=None, include=None,
                                               transformer=LabelEncoder())),
                ('numerical_imputer',
                 TransformerWrapper(exclude=None,
                                    include=['age', '意識狀態', '精神狀態', '下肢肌力',
                                             'K氏量表', '巴氏量表'],
                                    transformer=SimpleImputer(add_indicator=False,
                                                              copy=True,
                                                              fill_value=None,
                                                              keep_empty_features=False,...
                 RandomForestClassifier(bootstrap=True, ccp_alpha=0.0,
                                        class_weight=None, criterion='gini',
                                        max_depth=None, max_features='sqrt',
                                        max_leaf_nodes=None, max_samples=None,
                                        min_impurity_decrease=0.0,
                                        min_samples_leaf=1, min_samples_split=2,
                                        min_weight_fraction_leaf=0.0,
                                        monotonic_cst=None, n_estimators=100,
                                        n_jobs=-1, oob_score=False,
                                        random_state=42, verbose=0,
                                        warm_start=False))],
         verbose=False)
2026-03-05 13:54:25,441:INFO:save_model() successfully completed......................................
2026-03-05 14:14:08,964:WARNING:
'cuml' is a soft dependency and not included in the pycaret installation. Please run: `pip install cuml` to install.
2026-03-05 14:14:08,964:WARNING:
'cuml' is a soft dependency and not included in the pycaret installation. Please run: `pip install cuml` to install.
2026-03-05 14:14:08,964:WARNING:
'cuml' is a soft dependency and not included in the pycaret installation. Please run: `pip install cuml` to install.
2026-03-05 14:14:08,964:WARNING:
'cuml' is a soft dependency and not included in the pycaret installation. Please run: `pip install cuml` to install.
2026-03-05 14:14:09,396:INFO:PyCaret ClassificationExperiment
2026-03-05 14:14:09,396:INFO:Logging name: clf-default-name
2026-03-05 14:14:09,396:INFO:ML Usecase: MLUsecase.CLASSIFICATION
2026-03-05 14:14:09,396:INFO:version 3.3.2
2026-03-05 14:14:09,396:INFO:Initializing setup()
2026-03-05 14:14:09,396:INFO:self.USI: 7009
2026-03-05 14:14:09,396:INFO:self._variable_keys: {'is_multiclass', 'exp_id', 'fold_shuffle_param', 'y_test', 'fix_imbalance', 'memory', 'pipeline', '_available_plots', 'idx', 'fold_generator', 'gpu_param', 'seed', 'exp_name_log', 'html_param', 'fold_groups_param', 'X_train', 'target_param', '_ml_usecase', 'X', 'data', 'logging_param', 'log_plots_param', 'gpu_n_jobs_param', 'n_jobs_param', 'X_test', 'y_train', 'USI', 'y'}
2026-03-05 14:14:09,396:INFO:Checking environment
2026-03-05 14:14:09,396:INFO:python_version: 3.11.14
2026-03-05 14:14:09,396:INFO:python_build: ('main', 'Jan 14 2026 21:09:41')
2026-03-05 14:14:09,396:INFO:machine: arm64
2026-03-05 14:14:09,419:INFO:platform: macOS-26.2-arm64-arm-64bit
2026-03-05 14:14:09,419:INFO:Memory: svmem(total=25769803776, available=9021652992, percent=65.0, used=11960926208, free=394215424, active=8638070784, inactive=8525463552, wired=3322855424)
2026-03-05 14:14:09,419:INFO:Physical Core: 12
2026-03-05 14:14:09,419:INFO:Logical Core: 12
2026-03-05 14:14:09,419:INFO:Checking libraries
2026-03-05 14:14:09,419:INFO:System:
2026-03-05 14:14:09,419:INFO:    python: 3.11.14 (main, Jan 14 2026, 21:09:41) [Clang 21.1.4 ]
2026-03-05 14:14:09,419:INFO:executable: /Users/xiaowang/Documents/Github/DataMind/backend/.venv/bin/python3
2026-03-05 14:14:09,419:INFO:   machine: macOS-26.2-arm64-arm-64bit
2026-03-05 14:14:09,419:INFO:PyCaret required dependencies:
2026-03-05 14:14:09,420:WARNING:/Users/xiaowang/Documents/Github/DataMind/backend/.venv/lib/python3.11/site-packages/_distutils_hack/__init__.py:30: UserWarning: Setuptools is replacing distutils. Support for replacing an already imported distutils is deprecated. In the future, this condition will fail. Register concerns at https://github.com/pypa/setuptools/issues/new?template=distutils-deprecation.yml
  warnings.warn(

2026-03-05 14:14:09,436:INFO:                 pip: Not installed
2026-03-05 14:14:09,436:INFO:          setuptools: 82.0.0
2026-03-05 14:14:09,436:INFO:             pycaret: 3.3.2
2026-03-05 14:14:09,436:INFO:             IPython: 9.10.0
2026-03-05 14:14:09,436:INFO:          ipywidgets: 8.1.8
2026-03-05 14:14:09,436:INFO:                tqdm: 4.67.3
2026-03-05 14:14:09,436:INFO:               numpy: 1.26.4
2026-03-05 14:14:09,436:INFO:              pandas: 2.1.4
2026-03-05 14:14:09,436:INFO:              jinja2: 3.1.6
2026-03-05 14:14:09,436:INFO:               scipy: 1.11.4
2026-03-05 14:14:09,436:INFO:              joblib: 1.3.2
2026-03-05 14:14:09,436:INFO:             sklearn: 1.4.2
2026-03-05 14:14:09,436:INFO:                pyod: 2.0.7
2026-03-05 14:14:09,436:INFO:            imblearn: 0.14.1
2026-03-05 14:14:09,436:INFO:   category_encoders: 2.7.0
2026-03-05 14:14:09,436:INFO:            lightgbm: 4.6.0
2026-03-05 14:14:09,436:INFO:               numba: 0.64.0
2026-03-05 14:14:09,436:INFO:            requests: 2.32.5
2026-03-05 14:14:09,436:INFO:          matplotlib: 3.7.5
2026-03-05 14:14:09,436:INFO:          scikitplot: 0.3.7
2026-03-05 14:14:09,436:INFO:         yellowbrick: 1.5
2026-03-05 14:14:09,436:INFO:              plotly: 5.24.1
2026-03-05 14:14:09,436:INFO:    plotly-resampler: Not installed
2026-03-05 14:14:09,436:INFO:             kaleido: 1.2.0
2026-03-05 14:14:09,436:INFO:           schemdraw: 0.15
2026-03-05 14:14:09,436:INFO:         statsmodels: 0.14.6
2026-03-05 14:14:09,436:INFO:              sktime: 0.26.0
2026-03-05 14:14:09,436:INFO:               tbats: 1.1.3
2026-03-05 14:14:09,436:INFO:            pmdarima: 2.0.4
2026-03-05 14:14:09,436:INFO:              psutil: 7.2.2
2026-03-05 14:14:09,436:INFO:          markupsafe: 3.0.3
2026-03-05 14:14:09,436:INFO:             pickle5: Not installed
2026-03-05 14:14:09,436:INFO:         cloudpickle: 3.1.2
2026-03-05 14:14:09,436:INFO:         deprecation: 2.1.0
2026-03-05 14:14:09,436:INFO:              xxhash: 3.6.0
2026-03-05 14:14:09,436:INFO:           wurlitzer: 3.1.1
2026-03-05 14:14:09,436:INFO:PyCaret optional dependencies:
2026-03-05 14:14:09,441:INFO:                shap: Not installed
2026-03-05 14:14:09,441:INFO:           interpret: Not installed
2026-03-05 14:14:09,441:INFO:                umap: Not installed
2026-03-05 14:14:09,441:INFO:     ydata_profiling: Not installed
2026-03-05 14:14:09,441:INFO:  explainerdashboard: Not installed
2026-03-05 14:14:09,441:INFO:             autoviz: Not installed
2026-03-05 14:14:09,441:INFO:           fairlearn: Not installed
2026-03-05 14:14:09,441:INFO:          deepchecks: Not installed
2026-03-05 14:14:09,441:INFO:             xgboost: Not installed
2026-03-05 14:14:09,441:INFO:            catboost: Not installed
2026-03-05 14:14:09,441:INFO:              kmodes: Not installed
2026-03-05 14:14:09,441:INFO:             mlxtend: Not installed
2026-03-05 14:14:09,441:INFO:       statsforecast: Not installed
2026-03-05 14:14:09,441:INFO:        tune_sklearn: Not installed
2026-03-05 14:14:09,441:INFO:                 ray: Not installed
2026-03-05 14:14:09,441:INFO:            hyperopt: Not installed
2026-03-05 14:14:09,441:INFO:              optuna: Not installed
2026-03-05 14:14:09,441:INFO:               skopt: Not installed
2026-03-05 14:14:09,441:INFO:              mlflow: Not installed
2026-03-05 14:14:09,441:INFO:              gradio: Not installed
2026-03-05 14:14:09,441:INFO:             fastapi: Not installed
2026-03-05 14:14:09,441:INFO:             uvicorn: Not installed
2026-03-05 14:14:09,441:INFO:              m2cgen: Not installed
2026-03-05 14:14:09,441:INFO:           evidently: Not installed
2026-03-05 14:14:09,441:INFO:               fugue: Not installed
2026-03-05 14:14:09,441:INFO:           streamlit: Not installed
2026-03-05 14:14:09,441:INFO:             prophet: Not installed
2026-03-05 14:14:09,441:INFO:None
2026-03-05 14:14:09,441:INFO:Set up data.
2026-03-05 14:14:09,448:INFO:Set up folding strategy.
2026-03-05 14:14:09,448:INFO:Set up train/test split.
2026-03-05 14:14:09,455:INFO:Set up index.
2026-03-05 14:14:09,455:INFO:Assigning column types.
2026-03-05 14:14:09,457:INFO:Engine successfully changes for model 'lr' to 'sklearn'.
2026-03-05 14:14:09,470:INFO:Engine for model 'knn' has not been set explicitly, hence returning None.
2026-03-05 14:14:09,472:INFO:Engine for model 'rbfsvm' has not been set explicitly, hence returning None.
2026-03-05 14:14:09,482:WARNING:
'xgboost' is a soft dependency and not included in the pycaret installation. Please run: `pip install xgboost` to install.
Alternately, you can install this by running `pip install pycaret[models]`
2026-03-05 14:14:09,482:WARNING:
'catboost' is a soft dependency and not included in the pycaret installation. Please run: `pip install catboost` to install.
Alternately, you can install this by running `pip install pycaret[models]`
2026-03-05 14:14:09,494:INFO:Engine for model 'knn' has not been set explicitly, hence returning None.
2026-03-05 14:14:09,495:INFO:Engine for model 'rbfsvm' has not been set explicitly, hence returning None.
2026-03-05 14:14:09,503:WARNING:
'xgboost' is a soft dependency and not included in the pycaret installation. Please run: `pip install xgboost` to install.
Alternately, you can install this by running `pip install pycaret[models]`
2026-03-05 14:14:09,503:WARNING:
'catboost' is a soft dependency and not included in the pycaret installation. Please run: `pip install catboost` to install.
Alternately, you can install this by running `pip install pycaret[models]`
2026-03-05 14:14:09,503:INFO:Engine successfully changes for model 'knn' to 'sklearn'.
2026-03-05 14:14:09,516:INFO:Engine for model 'rbfsvm' has not been set explicitly, hence returning None.
2026-03-05 14:14:09,524:WARNING:
'xgboost' is a soft dependency and not included in the pycaret installation. Please run: `pip install xgboost` to install.
Alternately, you can install this by running `pip install pycaret[models]`
2026-03-05 14:14:09,524:WARNING:
'catboost' is a soft dependency and not included in the pycaret installation. Please run: `pip install catboost` to install.
Alternately, you can install this by running `pip install pycaret[models]`
2026-03-05 14:14:09,537:INFO:Engine for model 'rbfsvm' has not been set explicitly, hence returning None.
2026-03-05 14:14:09,544:WARNING:
'xgboost' is a soft dependency and not included in the pycaret installation. Please run: `pip install xgboost` to install.
Alternately, you can install this by running `pip install pycaret[models]`
2026-03-05 14:14:09,544:WARNING:
'catboost' is a soft dependency and not included in the pycaret installation. Please run: `pip install catboost` to install.
Alternately, you can install this by running `pip install pycaret[models]`
2026-03-05 14:14:09,544:INFO:Engine successfully changes for model 'rbfsvm' to 'sklearn'.
2026-03-05 14:14:09,565:WARNING:
'xgboost' is a soft dependency and not included in the pycaret installation. Please run: `pip install xgboost` to install.
Alternately, you can install this by running `pip install pycaret[models]`
2026-03-05 14:14:09,565:WARNING:
'catboost' is a soft dependency and not included in the pycaret installation. Please run: `pip install catboost` to install.
Alternately, you can install this by running `pip install pycaret[models]`
2026-03-05 14:14:09,586:WARNING:
'xgboost' is a soft dependency and not included in the pycaret installation. Please run: `pip install xgboost` to install.
Alternately, you can install this by running `pip install pycaret[models]`
2026-03-05 14:14:09,586:WARNING:
'catboost' is a soft dependency and not included in the pycaret installation. Please run: `pip install catboost` to install.
Alternately, you can install this by running `pip install pycaret[models]`
2026-03-05 14:14:09,587:INFO:Preparing preprocessing pipeline...
2026-03-05 14:14:09,587:INFO:Set up label encoding.
2026-03-05 14:14:09,587:INFO:Set up simple imputation.
2026-03-05 14:14:09,591:INFO:Set up encoding of ordinal features.
2026-03-05 14:14:09,601:INFO:Set up encoding of categorical features.
2026-03-05 14:14:09,601:INFO:Set up imbalanced handling.
2026-03-05 14:14:09,601:INFO:Set up feature normalization.
2026-03-05 14:14:09,601:INFO:Set up column name cleaning.
2026-03-05 14:14:09,778:INFO:Finished creating preprocessing pipeline.
2026-03-05 14:14:09,920:INFO:Pipeline: Pipeline(memory=FastMemory(location=/var/folders/qr/v7zsrctd3rj_brd6d8n5cq7c0000gn/T/joblib),
         steps=[('label_encoding',
                 TransformerWrapperWithInverse(exclude=None, include=None,
                                               transformer=LabelEncoder())),
                ('numerical_imputer',
                 TransformerWrapper(exclude=None,
                                    include=['age', '意識狀態', '精神狀態', '下肢肌力',
                                             'K氏量表', '巴氏量表'],
                                    transformer=SimpleImputer(add_indicator=Fal...
                                    transformer=FixImbalancer(estimator=SMOTE(k_neighbors=5,
                                                                              random_state=42,
                                                                              sampling_strategy='auto')))),
                ('normalize',
                 TransformerWrapper(exclude=None, include=None,
                                    transformer=StandardScaler(copy=True,
                                                               with_mean=True,
                                                               with_std=True))),
                ('clean_column_names',
                 TransformerWrapper(exclude=None, include=None,
                                    transformer=CleanColumnNames(match='[\\]\\[\\,\\{\\}\\"\\:]+')))],
         verbose=False)
2026-03-05 14:14:09,920:INFO:Creating final display dataframe.
2026-03-05 14:14:10,047:INFO:Setup _display_container:                     Description             Value
0                    Session id                42
1                        Target              是否跌倒
2                   Target type            Binary
3                Target mapping        N: 0, Y: 1
4           Original data shape        (1182, 40)
5        Transformed data shape        (1733, 40)
6   Transformed train set shape        (1378, 40)
7    Transformed test set shape         (355, 40)
8              Numeric features                 6
9          Categorical features                33
10                   Preprocess              True
11              Imputation type            simple
12           Numeric imputation              mean
13       Categorical imputation              mode
14     Maximum one-hot encoding                25
15              Encoding method              None
16                Fix imbalance              True
17         Fix imbalance method             SMOTE
18                    Normalize              True
19             Normalize method            zscore
20               Fold Generator   StratifiedKFold
21                  Fold Number                 5
22                     CPU Jobs                -1
23                      Use GPU             False
24               Log Experiment             False
25              Experiment Name  clf-default-name
26                          USI              7009
2026-03-05 14:14:10,069:WARNING:
'xgboost' is a soft dependency and not included in the pycaret installation. Please run: `pip install xgboost` to install.
Alternately, you can install this by running `pip install pycaret[models]`
2026-03-05 14:14:10,069:WARNING:
'catboost' is a soft dependency and not included in the pycaret installation. Please run: `pip install catboost` to install.
Alternately, you can install this by running `pip install pycaret[models]`
2026-03-05 14:14:10,090:WARNING:
'xgboost' is a soft dependency and not included in the pycaret installation. Please run: `pip install xgboost` to install.
Alternately, you can install this by running `pip install pycaret[models]`
2026-03-05 14:14:10,090:WARNING:
'catboost' is a soft dependency and not included in the pycaret installation. Please run: `pip install catboost` to install.
Alternately, you can install this by running `pip install pycaret[models]`
2026-03-05 14:14:10,090:INFO:setup() successfully completed in 0.7s...............
2026-03-05 14:14:10,090:INFO:Initializing compare_models()
2026-03-05 14:14:10,090:INFO:compare_models(self=<pycaret.classification.oop.ClassificationExperiment object at 0x16036f210>, include=None, exclude=['lightgbm'], fold=None, round=4, cross_validation=True, sort=Accuracy, n_select=1, budget_time=None, turbo=True, errors=ignore, fit_kwargs=None, groups=None, experiment_custom_tags=None, probability_threshold=None, verbose=True, parallel=None, caller_params={'self': <pycaret.classification.oop.ClassificationExperiment object at 0x16036f210>, 'include': None, 'exclude': ['lightgbm'], 'fold': None, 'round': 4, 'cross_validation': True, 'sort': 'Accuracy', 'n_select': 1, 'budget_time': None, 'turbo': True, 'errors': 'ignore', 'fit_kwargs': None, 'groups': None, 'experiment_custom_tags': None, 'probability_threshold': None, 'engine': None, 'verbose': True, 'parallel': None, '__class__': <class 'pycaret.classification.oop.ClassificationExperiment'>})
2026-03-05 14:14:10,090:INFO:Checking exceptions
2026-03-05 14:14:10,092:INFO:Preparing display monitor
2026-03-05 14:14:10,093:INFO:Initializing Logistic Regression
2026-03-05 14:14:10,094:INFO:Total runtime is 6.357828776041666e-07 minutes
2026-03-05 14:14:10,094:INFO:SubProcess create_model() called ==================================
2026-03-05 14:14:10,094:INFO:Initializing create_model()
2026-03-05 14:14:10,094:INFO:create_model(self=<pycaret.classification.oop.ClassificationExperiment object at 0x16036f210>, estimator=lr, fold=StratifiedKFold(n_splits=5, random_state=None, shuffle=False), round=4, cross_validation=True, predict=True, fit_kwargs={}, groups=None, refit=False, probability_threshold=None, experiment_custom_tags=None, verbose=False, system=False, add_to_model_list=True, metrics=None, display=<pycaret.internal.display.display.CommonDisplay object at 0x16061e950>, model_only=True, return_train_score=False, error_score=0.0, kwargs={})
2026-03-05 14:14:10,094:INFO:Checking exceptions
2026-03-05 14:14:10,094:INFO:Importing libraries
2026-03-05 14:14:10,094:INFO:Copying training dataset
2026-03-05 14:14:10,096:INFO:Defining folds
2026-03-05 14:14:10,096:INFO:Declaring metric variables
2026-03-05 14:14:10,096:INFO:Importing untrained model
2026-03-05 14:14:10,096:INFO:Logistic Regression Imported successfully
2026-03-05 14:14:10,096:INFO:Starting cross validation
2026-03-05 14:14:10,097:INFO:Cross validating with StratifiedKFold(n_splits=5, random_state=None, shuffle=False), n_jobs=-1
2026-03-05 14:14:12,097:WARNING:/Users/xiaowang/Documents/Github/DataMind/backend/.venv/lib/python3.11/site-packages/_distutils_hack/__init__.py:30: UserWarning: Setuptools is replacing distutils. Support for replacing an already imported distutils is deprecated. In the future, this condition will fail. Register concerns at https://github.com/pypa/setuptools/issues/new?template=distutils-deprecation.yml
  warnings.warn(

2026-03-05 14:14:12,106:WARNING:/Users/xiaowang/Documents/Github/DataMind/backend/.venv/lib/python3.11/site-packages/_distutils_hack/__init__.py:30: UserWarning: Setuptools is replacing distutils. Support for replacing an already imported distutils is deprecated. In the future, this condition will fail. Register concerns at https://github.com/pypa/setuptools/issues/new?template=distutils-deprecation.yml
  warnings.warn(

2026-03-05 14:14:12,120:WARNING:/Users/xiaowang/Documents/Github/DataMind/backend/.venv/lib/python3.11/site-packages/_distutils_hack/__init__.py:30: UserWarning: Setuptools is replacing distutils. Support for replacing an already imported distutils is deprecated. In the future, this condition will fail. Register concerns at https://github.com/pypa/setuptools/issues/new?template=distutils-deprecation.yml
  warnings.warn(

2026-03-05 14:14:12,167:WARNING:/Users/xiaowang/Documents/Github/DataMind/backend/.venv/lib/python3.11/site-packages/_distutils_hack/__init__.py:30: UserWarning: Setuptools is replacing distutils. Support for replacing an already imported distutils is deprecated. In the future, this condition will fail. Register concerns at https://github.com/pypa/setuptools/issues/new?template=distutils-deprecation.yml
  warnings.warn(

2026-03-05 14:14:12,207:WARNING:/Users/xiaowang/Documents/Github/DataMind/backend/.venv/lib/python3.11/site-packages/sklearn/metrics/_classification.py:1561: UserWarning: Note that pos_label (set to 'Y') is ignored when average != 'binary' (got 'weighted'). You may use labels=[pos_label] to specify a single positive class.
  warnings.warn(

2026-03-05 14:14:12,208:WARNING:/Users/xiaowang/Documents/Github/DataMind/backend/.venv/lib/python3.11/site-packages/sklearn/metrics/_classification.py:1561: UserWarning: Note that pos_label (set to 'Y') is ignored when average != 'binary' (got 'weighted'). You may use labels=[pos_label] to specify a single positive class.
  warnings.warn(

2026-03-05 14:14:12,208:WARNING:/Users/xiaowang/Documents/Github/DataMind/backend/.venv/lib/python3.11/site-packages/sklearn/metrics/_classification.py:1561: UserWarning: Note that pos_label (set to 'Y') is ignored when average != 'binary' (got 'weighted'). You may use labels=[pos_label] to specify a single positive class.
  warnings.warn(

2026-03-05 14:14:12,212:WARNING:/Users/xiaowang/Documents/Github/DataMind/backend/.venv/lib/python3.11/site-packages/sklearn/metrics/_classification.py:1561: UserWarning: Note that pos_label (set to 'Y') is ignored when average != 'binary' (got 'weighted'). You may use labels=[pos_label] to specify a single positive class.
  warnings.warn(

2026-03-05 14:14:12,213:WARNING:/Users/xiaowang/Documents/Github/DataMind/backend/.venv/lib/python3.11/site-packages/sklearn/metrics/_classification.py:1561: UserWarning: Note that pos_label (set to 'Y') is ignored when average != 'binary' (got 'weighted'). You may use labels=[pos_label] to specify a single positive class.
  warnings.warn(

2026-03-05 14:14:12,214:WARNING:/Users/xiaowang/Documents/Github/DataMind/backend/.venv/lib/python3.11/site-packages/sklearn/metrics/_classification.py:1561: UserWarning: Note that pos_label (set to 'Y') is ignored when average != 'binary' (got 'weighted'). You may use labels=[pos_label] to specify a single positive class.
  warnings.warn(

2026-03-05 14:14:12,223:WARNING:/Users/xiaowang/Documents/Github/DataMind/backend/.venv/lib/python3.11/site-packages/sklearn/metrics/_classification.py:1561: UserWarning: Note that pos_label (set to 'Y') is ignored when average != 'binary' (got 'weighted'). You may use labels=[pos_label] to specify a single positive class.
  warnings.warn(

2026-03-05 14:14:12,224:WARNING:/Users/xiaowang/Documents/Github/DataMind/backend/.venv/lib/python3.11/site-packages/sklearn/metrics/_classification.py:1561: UserWarning: Note that pos_label (set to 'Y') is ignored when average != 'binary' (got 'weighted'). You may use labels=[pos_label] to specify a single positive class.
  warnings.warn(

2026-03-05 14:14:12,224:WARNING:/Users/xiaowang/Documents/Github/DataMind/backend/.venv/lib/python3.11/site-packages/_distutils_hack/__init__.py:30: UserWarning: Setuptools is replacing distutils. Support for replacing an already imported distutils is deprecated. In the future, this condition will fail. Register concerns at https://github.com/pypa/setuptools/issues/new?template=distutils-deprecation.yml
  warnings.warn(

2026-03-05 14:14:12,225:WARNING:/Users/xiaowang/Documents/Github/DataMind/backend/.venv/lib/python3.11/site-packages/sklearn/metrics/_classification.py:1561: UserWarning: Note that pos_label (set to 'Y') is ignored when average != 'binary' (got 'weighted'). You may use labels=[pos_label] to specify a single positive class.
  warnings.warn(

2026-03-05 14:14:12,272:WARNING:/Users/xiaowang/Documents/Github/DataMind/backend/.venv/lib/python3.11/site-packages/sklearn/metrics/_classification.py:1561: UserWarning: Note that pos_label (set to 'Y') is ignored when average != 'binary' (got 'weighted'). You may use labels=[pos_label] to specify a single positive class.
  warnings.warn(

2026-03-05 14:14:12,274:WARNING:/Users/xiaowang/Documents/Github/DataMind/backend/.venv/lib/python3.11/site-packages/sklearn/metrics/_classification.py:1561: UserWarning: Note that pos_label (set to 'Y') is ignored when average != 'binary' (got 'weighted'). You may use labels=[pos_label] to specify a single positive class.
  warnings.warn(

2026-03-05 14:14:12,275:WARNING:/Users/xiaowang/Documents/Github/DataMind/backend/.venv/lib/python3.11/site-packages/sklearn/metrics/_classification.py:1561: UserWarning: Note that pos_label (set to 'Y') is ignored when average != 'binary' (got 'weighted'). You may use labels=[pos_label] to specify a single positive class.
  warnings.warn(

2026-03-05 14:14:12,326:WARNING:/Users/xiaowang/Documents/Github/DataMind/backend/.venv/lib/python3.11/site-packages/sklearn/metrics/_classification.py:1561: UserWarning: Note that pos_label (set to 'Y') is ignored when average != 'binary' (got 'weighted'). You may use labels=[pos_label] to specify a single positive class.
  warnings.warn(

2026-03-05 14:14:12,327:WARNING:/Users/xiaowang/Documents/Github/DataMind/backend/.venv/lib/python3.11/site-packages/sklearn/metrics/_classification.py:1561: UserWarning: Note that pos_label (set to 'Y') is ignored when average != 'binary' (got 'weighted'). You may use labels=[pos_label] to specify a single positive class.
  warnings.warn(

2026-03-05 14:14:12,328:WARNING:/Users/xiaowang/Documents/Github/DataMind/backend/.venv/lib/python3.11/site-packages/sklearn/metrics/_classification.py:1561: UserWarning: Note that pos_label (set to 'Y') is ignored when average != 'binary' (got 'weighted'). You may use labels=[pos_label] to specify a single positive class.
  warnings.warn(

2026-03-05 14:14:12,337:INFO:Calculating mean and std
2026-03-05 14:14:12,337:INFO:Creating metrics dataframe
2026-03-05 14:14:12,338:INFO:Uploading results into container
2026-03-05 14:14:12,338:INFO:Uploading model into container now
2026-03-05 14:14:12,339:INFO:_master_model_container: 1
2026-03-05 14:14:12,339:INFO:_display_container: 2
2026-03-05 14:14:12,339:INFO:LogisticRegression(C=1.0, class_weight=None, dual=False, fit_intercept=True,
                   intercept_scaling=1, l1_ratio=None, max_iter=1000,
                   multi_class='auto', n_jobs=None, penalty='l2',
                   random_state=42, solver='lbfgs', tol=0.0001, verbose=0,
                   warm_start=False)
2026-03-05 14:14:12,339:INFO:create_model() successfully completed......................................
2026-03-05 14:14:12,402:INFO:SubProcess create_model() end ==================================
2026-03-05 14:14:12,403:INFO:Creating metrics dataframe
2026-03-05 14:14:12,404:INFO:Initializing K Neighbors Classifier
2026-03-05 14:14:12,404:INFO:Total runtime is 0.03850308259328206 minutes
2026-03-05 14:14:12,404:INFO:SubProcess create_model() called ==================================
2026-03-05 14:14:12,404:INFO:Initializing create_model()
2026-03-05 14:14:12,404:INFO:create_model(self=<pycaret.classification.oop.ClassificationExperiment object at 0x16036f210>, estimator=knn, fold=StratifiedKFold(n_splits=5, random_state=None, shuffle=False), round=4, cross_validation=True, predict=True, fit_kwargs={}, groups=None, refit=False, probability_threshold=None, experiment_custom_tags=None, verbose=False, system=False, add_to_model_list=True, metrics=None, display=<pycaret.internal.display.display.CommonDisplay object at 0x16061e950>, model_only=True, return_train_score=False, error_score=0.0, kwargs={})
2026-03-05 14:14:12,404:INFO:Checking exceptions
2026-03-05 14:14:12,404:INFO:Importing libraries
2026-03-05 14:14:12,404:INFO:Copying training dataset
2026-03-05 14:14:12,406:INFO:Defining folds
2026-03-05 14:14:12,406:INFO:Declaring metric variables
2026-03-05 14:14:12,406:INFO:Importing untrained model
2026-03-05 14:14:12,406:INFO:K Neighbors Classifier Imported successfully
2026-03-05 14:14:12,406:INFO:Starting cross validation
2026-03-05 14:14:12,407:INFO:Cross validating with StratifiedKFold(n_splits=5, random_state=None, shuffle=False), n_jobs=-1
2026-03-05 14:14:12,512:WARNING:/Users/xiaowang/Documents/Github/DataMind/backend/.venv/lib/python3.11/site-packages/sklearn/metrics/_classification.py:1561: UserWarning: Note that pos_label (set to 'Y') is ignored when average != 'binary' (got 'weighted'). You may use labels=[pos_label] to specify a single positive class.
  warnings.warn(

2026-03-05 14:14:12,513:WARNING:/Users/xiaowang/Documents/Github/DataMind/backend/.venv/lib/python3.11/site-packages/sklearn/metrics/_classification.py:1561: UserWarning: Note that pos_label (set to 'Y') is ignored when average != 'binary' (got 'weighted'). You may use labels=[pos_label] to specify a single positive class.
  warnings.warn(

2026-03-05 14:14:12,514:WARNING:/Users/xiaowang/Documents/Github/DataMind/backend/.venv/lib/python3.11/site-packages/sklearn/metrics/_classification.py:1561: UserWarning: Note that pos_label (set to 'Y') is ignored when average != 'binary' (got 'weighted'). You may use labels=[pos_label] to specify a single positive class.
  warnings.warn(

2026-03-05 14:14:12,514:WARNING:/Users/xiaowang/Documents/Github/DataMind/backend/.venv/lib/python3.11/site-packages/sklearn/metrics/_classification.py:1561: UserWarning: Note that pos_label (set to 'Y') is ignored when average != 'binary' (got 'weighted'). You may use labels=[pos_label] to specify a single positive class.
  warnings.warn(

2026-03-05 14:14:12,515:WARNING:/Users/xiaowang/Documents/Github/DataMind/backend/.venv/lib/python3.11/site-packages/sklearn/metrics/_classification.py:1561: UserWarning: Note that pos_label (set to 'Y') is ignored when average != 'binary' (got 'weighted'). You may use labels=[pos_label] to specify a single positive class.
  warnings.warn(

2026-03-05 14:14:12,516:WARNING:/Users/xiaowang/Documents/Github/DataMind/backend/.venv/lib/python3.11/site-packages/sklearn/metrics/_classification.py:1561: UserWarning: Note that pos_label (set to 'Y') is ignored when average != 'binary' (got 'weighted'). You may use labels=[pos_label] to specify a single positive class.
  warnings.warn(

2026-03-05 14:14:13,287:WARNING:/Users/xiaowang/Documents/Github/DataMind/backend/.venv/lib/python3.11/site-packages/_distutils_hack/__init__.py:30: UserWarning: Setuptools is replacing distutils. Support for replacing an already imported distutils is deprecated. In the future, this condition will fail. Register concerns at https://github.com/pypa/setuptools/issues/new?template=distutils-deprecation.yml
  warnings.warn(

2026-03-05 14:14:13,287:WARNING:/Users/xiaowang/Documents/Github/DataMind/backend/.venv/lib/python3.11/site-packages/_distutils_hack/__init__.py:30: UserWarning: Setuptools is replacing distutils. Support for replacing an already imported distutils is deprecated. In the future, this condition will fail. Register concerns at https://github.com/pypa/setuptools/issues/new?template=distutils-deprecation.yml
  warnings.warn(

2026-03-05 14:14:13,287:WARNING:/Users/xiaowang/Documents/Github/DataMind/backend/.venv/lib/python3.11/site-packages/_distutils_hack/__init__.py:30: UserWarning: Setuptools is replacing distutils. Support for replacing an already imported distutils is deprecated. In the future, this condition will fail. Register concerns at https://github.com/pypa/setuptools/issues/new?template=distutils-deprecation.yml
  warnings.warn(

2026-03-05 14:14:13,387:WARNING:/Users/xiaowang/Documents/Github/DataMind/backend/.venv/lib/python3.11/site-packages/sklearn/metrics/_classification.py:1561: UserWarning: Note that pos_label (set to 'Y') is ignored when average != 'binary' (got 'weighted'). You may use labels=[pos_label] to specify a single positive class.
  warnings.warn(

2026-03-05 14:14:13,388:WARNING:/Users/xiaowang/Documents/Github/DataMind/backend/.venv/lib/python3.11/site-packages/sklearn/metrics/_classification.py:1561: UserWarning: Note that pos_label (set to 'Y') is ignored when average != 'binary' (got 'weighted'). You may use labels=[pos_label] to specify a single positive class.
  warnings.warn(

2026-03-05 14:14:13,388:WARNING:/Users/xiaowang/Documents/Github/DataMind/backend/.venv/lib/python3.11/site-packages/sklearn/metrics/_classification.py:1561: UserWarning: Note that pos_label (set to 'Y') is ignored when average != 'binary' (got 'weighted'). You may use labels=[pos_label] to specify a single positive class.
  warnings.warn(

2026-03-05 14:14:13,388:WARNING:/Users/xiaowang/Documents/Github/DataMind/backend/.venv/lib/python3.11/site-packages/sklearn/metrics/_classification.py:1561: UserWarning: Note that pos_label (set to 'Y') is ignored when average != 'binary' (got 'weighted'). You may use labels=[pos_label] to specify a single positive class.
  warnings.warn(

2026-03-05 14:14:13,389:WARNING:/Users/xiaowang/Documents/Github/DataMind/backend/.venv/lib/python3.11/site-packages/sklearn/metrics/_classification.py:1561: UserWarning: Note that pos_label (set to 'Y') is ignored when average != 'binary' (got 'weighted'). You may use labels=[pos_label] to specify a single positive class.
  warnings.warn(

2026-03-05 14:14:13,389:WARNING:/Users/xiaowang/Documents/Github/DataMind/backend/.venv/lib/python3.11/site-packages/sklearn/metrics/_classification.py:1561: UserWarning: Note that pos_label (set to 'Y') is ignored when average != 'binary' (got 'weighted'). You may use labels=[pos_label] to specify a single positive class.
  warnings.warn(

2026-03-05 14:14:13,389:WARNING:/Users/xiaowang/Documents/Github/DataMind/backend/.venv/lib/python3.11/site-packages/sklearn/metrics/_classification.py:1561: UserWarning: Note that pos_label (set to 'Y') is ignored when average != 'binary' (got 'weighted'). You may use labels=[pos_label] to specify a single positive class.
  warnings.warn(

2026-03-05 14:14:13,389:WARNING:/Users/xiaowang/Documents/Github/DataMind/backend/.venv/lib/python3.11/site-packages/sklearn/metrics/_classification.py:1561: UserWarning: Note that pos_label (set to 'Y') is ignored when average != 'binary' (got 'weighted'). You may use labels=[pos_label] to specify a single positive class.
  warnings.warn(

2026-03-05 14:14:13,390:WARNING:/Users/xiaowang/Documents/Github/DataMind/backend/.venv/lib/python3.11/site-packages/sklearn/metrics/_classification.py:1561: UserWarning: Note that pos_label (set to 'Y') is ignored when average != 'binary' (got 'weighted'). You may use labels=[pos_label] to specify a single positive class.
  warnings.warn(

2026-03-05 14:14:13,397:INFO:Calculating mean and std
2026-03-05 14:14:13,397:INFO:Creating metrics dataframe
2026-03-05 14:14:13,398:INFO:Uploading results into container
2026-03-05 14:14:13,399:INFO:Uploading model into container now
2026-03-05 14:14:13,399:INFO:_master_model_container: 2
2026-03-05 14:14:13,399:INFO:_display_container: 2
2026-03-05 14:14:13,399:INFO:KNeighborsClassifier(algorithm='auto', leaf_size=30, metric='minkowski',
                     metric_params=None, n_jobs=-1, n_neighbors=5, p=2,
                     weights='uniform')
2026-03-05 14:14:13,399:INFO:create_model() successfully completed......................................
2026-03-05 14:14:13,456:INFO:SubProcess create_model() end ==================================
2026-03-05 14:14:13,457:INFO:Creating metrics dataframe
2026-03-05 14:14:13,457:INFO:Initializing Naive Bayes
2026-03-05 14:14:13,457:INFO:Total runtime is 0.05606581767400105 minutes
2026-03-05 14:14:13,457:INFO:SubProcess create_model() called ==================================
2026-03-05 14:14:13,458:INFO:Initializing create_model()
2026-03-05 14:14:13,458:INFO:create_model(self=<pycaret.classification.oop.ClassificationExperiment object at 0x16036f210>, estimator=nb, fold=StratifiedKFold(n_splits=5, random_state=None, shuffle=False), round=4, cross_validation=True, predict=True, fit_kwargs={}, groups=None, refit=False, probability_threshold=None, experiment_custom_tags=None, verbose=False, system=False, add_to_model_list=True, metrics=None, display=<pycaret.internal.display.display.CommonDisplay object at 0x16061e950>, model_only=True, return_train_score=False, error_score=0.0, kwargs={})
2026-03-05 14:14:13,458:INFO:Checking exceptions
2026-03-05 14:14:13,458:INFO:Importing libraries
2026-03-05 14:14:13,458:INFO:Copying training dataset
2026-03-05 14:14:13,459:INFO:Defining folds
2026-03-05 14:14:13,459:INFO:Declaring metric variables
2026-03-05 14:14:13,459:INFO:Importing untrained model
2026-03-05 14:14:13,459:INFO:Naive Bayes Imported successfully
2026-03-05 14:14:13,459:INFO:Starting cross validation
2026-03-05 14:14:13,460:INFO:Cross validating with StratifiedKFold(n_splits=5, random_state=None, shuffle=False), n_jobs=-1
2026-03-05 14:14:13,553:WARNING:/Users/xiaowang/Documents/Github/DataMind/backend/.venv/lib/python3.11/site-packages/sklearn/metrics/_classification.py:1561: UserWarning: Note that pos_label (set to 'Y') is ignored when average != 'binary' (got 'weighted'). You may use labels=[pos_label] to specify a single positive class.
  warnings.warn(

2026-03-05 14:14:13,554:WARNING:/Users/xiaowang/Documents/Github/DataMind/backend/.venv/lib/python3.11/site-packages/sklearn/metrics/_classification.py:1561: UserWarning: Note that pos_label (set to 'Y') is ignored when average != 'binary' (got 'weighted'). You may use labels=[pos_label] to specify a single positive class.
  warnings.warn(

2026-03-05 14:14:13,555:WARNING:/Users/xiaowang/Documents/Github/DataMind/backend/.venv/lib/python3.11/site-packages/sklearn/metrics/_classification.py:1561: UserWarning: Note that pos_label (set to 'Y') is ignored when average != 'binary' (got 'weighted'). You may use labels=[pos_label] to specify a single positive class.
  warnings.warn(

2026-03-05 14:14:13,559:WARNING:/Users/xiaowang/Documents/Github/DataMind/backend/.venv/lib/python3.11/site-packages/sklearn/metrics/_classification.py:1561: UserWarning: Note that pos_label (set to 'Y') is ignored when average != 'binary' (got 'weighted'). You may use labels=[pos_label] to specify a single positive class.
  warnings.warn(

2026-03-05 14:14:13,560:WARNING:/Users/xiaowang/Documents/Github/DataMind/backend/.venv/lib/python3.11/site-packages/sklearn/metrics/_classification.py:1561: UserWarning: Note that pos_label (set to 'Y') is ignored when average != 'binary' (got 'weighted'). You may use labels=[pos_label] to specify a single positive class.
  warnings.warn(

2026-03-05 14:14:13,561:WARNING:/Users/xiaowang/Documents/Github/DataMind/backend/.venv/lib/python3.11/site-packages/sklearn/metrics/_classification.py:1561: UserWarning: Note that pos_label (set to 'Y') is ignored when average != 'binary' (got 'weighted'). You may use labels=[pos_label] to specify a single positive class.
  warnings.warn(

2026-03-05 14:14:13,566:WARNING:/Users/xiaowang/Documents/Github/DataMind/backend/.venv/lib/python3.11/site-packages/sklearn/metrics/_classification.py:1561: UserWarning: Note that pos_label (set to 'Y') is ignored when average != 'binary' (got 'weighted'). You may use labels=[pos_label] to specify a single positive class.
  warnings.warn(

2026-03-05 14:14:13,567:WARNING:/Users/xiaowang/Documents/Github/DataMind/backend/.venv/lib/python3.11/site-packages/sklearn/metrics/_classification.py:1561: UserWarning: Note that pos_label (set to 'Y') is ignored when average != 'binary' (got 'weighted'). You may use labels=[pos_label] to specify a single positive class.
  warnings.warn(

2026-03-05 14:14:13,567:WARNING:/Users/xiaowang/Documents/Github/DataMind/backend/.venv/lib/python3.11/site-packages/sklearn/metrics/_classification.py:1561: UserWarning: Note that pos_label (set to 'Y') is ignored when average != 'binary' (got 'weighted'). You may use labels=[pos_label] to specify a single positive class.
  warnings.warn(

2026-03-05 14:14:14,332:WARNING:/Users/xiaowang/Documents/Github/DataMind/backend/.venv/lib/python3.11/site-packages/_distutils_hack/__init__.py:30: UserWarning: Setuptools is replacing distutils. Support for replacing an already imported distutils is deprecated. In the future, this condition will fail. Register concerns at https://github.com/pypa/setuptools/issues/new?template=distutils-deprecation.yml
  warnings.warn(

2026-03-05 14:14:14,333:WARNING:/Users/xiaowang/Documents/Github/DataMind/backend/.venv/lib/python3.11/site-packages/_distutils_hack/__init__.py:30: UserWarning: Setuptools is replacing distutils. Support for replacing an already imported distutils is deprecated. In the future, this condition will fail. Register concerns at https://github.com/pypa/setuptools/issues/new?template=distutils-deprecation.yml
  warnings.warn(

2026-03-05 14:14:14,425:WARNING:/Users/xiaowang/Documents/Github/DataMind/backend/.venv/lib/python3.11/site-packages/sklearn/metrics/_classification.py:1561: UserWarning: Note that pos_label (set to 'Y') is ignored when average != 'binary' (got 'weighted'). You may use labels=[pos_label] to specify a single positive class.
  warnings.warn(

2026-03-05 14:14:14,426:WARNING:/Users/xiaowang/Documents/Github/DataMind/backend/.venv/lib/python3.11/site-packages/sklearn/metrics/_classification.py:1561: UserWarning: Note that pos_label (set to 'Y') is ignored when average != 'binary' (got 'weighted'). You may use labels=[pos_label] to specify a single positive class.
  warnings.warn(

2026-03-05 14:14:14,427:WARNING:/Users/xiaowang/Documents/Github/DataMind/backend/.venv/lib/python3.11/site-packages/sklearn/metrics/_classification.py:1561: UserWarning: Note that pos_label (set to 'Y') is ignored when average != 'binary' (got 'weighted'). You may use labels=[pos_label] to specify a single positive class.
  warnings.warn(

2026-03-05 14:14:14,427:WARNING:/Users/xiaowang/Documents/Github/DataMind/backend/.venv/lib/python3.11/site-packages/sklearn/metrics/_classification.py:1561: UserWarning: Note that pos_label (set to 'Y') is ignored when average != 'binary' (got 'weighted'). You may use labels=[pos_label] to specify a single positive class.
  warnings.warn(

2026-03-05 14:14:14,428:WARNING:/Users/xiaowang/Documents/Github/DataMind/backend/.venv/lib/python3.11/site-packages/sklearn/metrics/_classification.py:1561: UserWarning: Note that pos_label (set to 'Y') is ignored when average != 'binary' (got 'weighted'). You may use labels=[pos_label] to specify a single positive class.
  warnings.warn(

2026-03-05 14:14:14,429:WARNING:/Users/xiaowang/Documents/Github/DataMind/backend/.venv/lib/python3.11/site-packages/sklearn/metrics/_classification.py:1561: UserWarning: Note that pos_label (set to 'Y') is ignored when average != 'binary' (got 'weighted'). You may use labels=[pos_label] to specify a single positive class.
  warnings.warn(

2026-03-05 14:14:14,438:INFO:Calculating mean and std
2026-03-05 14:14:14,438:INFO:Creating metrics dataframe
2026-03-05 14:14:14,439:INFO:Uploading results into container
2026-03-05 14:14:14,439:INFO:Uploading model into container now
2026-03-05 14:14:14,439:INFO:_master_model_container: 3
2026-03-05 14:14:14,439:INFO:_display_container: 2
2026-03-05 14:14:14,439:INFO:GaussianNB(priors=None, var_smoothing=1e-09)
2026-03-05 14:14:14,439:INFO:create_model() successfully completed......................................
2026-03-05 14:14:14,495:INFO:SubProcess create_model() end ==================================
2026-03-05 14:14:14,495:INFO:Creating metrics dataframe
2026-03-05 14:14:14,496:INFO:Initializing Decision Tree Classifier
2026-03-05 14:14:14,496:INFO:Total runtime is 0.07337245146433512 minutes
2026-03-05 14:14:14,496:INFO:SubProcess create_model() called ==================================
2026-03-05 14:14:14,496:INFO:Initializing create_model()
2026-03-05 14:14:14,496:INFO:create_model(self=<pycaret.classification.oop.ClassificationExperiment object at 0x16036f210>, estimator=dt, fold=StratifiedKFold(n_splits=5, random_state=None, shuffle=False), round=4, cross_validation=True, predict=True, fit_kwargs={}, groups=None, refit=False, probability_threshold=None, experiment_custom_tags=None, verbose=False, system=False, add_to_model_list=True, metrics=None, display=<pycaret.internal.display.display.CommonDisplay object at 0x16061e950>, model_only=True, return_train_score=False, error_score=0.0, kwargs={})
2026-03-05 14:14:14,496:INFO:Checking exceptions
2026-03-05 14:14:14,496:INFO:Importing libraries
2026-03-05 14:14:14,496:INFO:Copying training dataset
2026-03-05 14:14:14,498:INFO:Defining folds
2026-03-05 14:14:14,498:INFO:Declaring metric variables
2026-03-05 14:14:14,498:INFO:Importing untrained model
2026-03-05 14:14:14,498:INFO:Decision Tree Classifier Imported successfully
2026-03-05 14:14:14,498:INFO:Starting cross validation
2026-03-05 14:14:14,499:INFO:Cross validating with StratifiedKFold(n_splits=5, random_state=None, shuffle=False), n_jobs=-1
2026-03-05 14:14:14,588:WARNING:/Users/xiaowang/Documents/Github/DataMind/backend/.venv/lib/python3.11/site-packages/sklearn/metrics/_classification.py:1561: UserWarning: Note that pos_label (set to 'Y') is ignored when average != 'binary' (got 'weighted'). You may use labels=[pos_label] to specify a single positive class.
  warnings.warn(

2026-03-05 14:14:14,589:WARNING:/Users/xiaowang/Documents/Github/DataMind/backend/.venv/lib/python3.11/site-packages/sklearn/metrics/_classification.py:1561: UserWarning: Note that pos_label (set to 'Y') is ignored when average != 'binary' (got 'weighted'). You may use labels=[pos_label] to specify a single positive class.
  warnings.warn(

2026-03-05 14:14:14,590:WARNING:/Users/xiaowang/Documents/Github/DataMind/backend/.venv/lib/python3.11/site-packages/sklearn/metrics/_classification.py:1561: UserWarning: Note that pos_label (set to 'Y') is ignored when average != 'binary' (got 'weighted'). You may use labels=[pos_label] to specify a single positive class.
  warnings.warn(

2026-03-05 14:14:14,598:WARNING:/Users/xiaowang/Documents/Github/DataMind/backend/.venv/lib/python3.11/site-packages/sklearn/metrics/_classification.py:1561: UserWarning: Note that pos_label (set to 'Y') is ignored when average != 'binary' (got 'weighted'). You may use labels=[pos_label] to specify a single positive class.
  warnings.warn(

2026-03-05 14:14:14,599:WARNING:/Users/xiaowang/Documents/Github/DataMind/backend/.venv/lib/python3.11/site-packages/sklearn/metrics/_classification.py:1561: UserWarning: Note that pos_label (set to 'Y') is ignored when average != 'binary' (got 'weighted'). You may use labels=[pos_label] to specify a single positive class.
  warnings.warn(

2026-03-05 14:14:14,600:WARNING:/Users/xiaowang/Documents/Github/DataMind/backend/.venv/lib/python3.11/site-packages/sklearn/metrics/_classification.py:1561: UserWarning: Note that pos_label (set to 'Y') is ignored when average != 'binary' (got 'weighted'). You may use labels=[pos_label] to specify a single positive class.
  warnings.warn(

2026-03-05 14:14:14,604:WARNING:/Users/xiaowang/Documents/Github/DataMind/backend/.venv/lib/python3.11/site-packages/sklearn/metrics/_classification.py:1561: UserWarning: Note that pos_label (set to 'Y') is ignored when average != 'binary' (got 'weighted'). You may use labels=[pos_label] to specify a single positive class.
  warnings.warn(

2026-03-05 14:14:14,604:WARNING:/Users/xiaowang/Documents/Github/DataMind/backend/.venv/lib/python3.11/site-packages/sklearn/metrics/_classification.py:1561: UserWarning: Note that pos_label (set to 'Y') is ignored when average != 'binary' (got 'weighted'). You may use labels=[pos_label] to specify a single positive class.
  warnings.warn(

2026-03-05 14:14:14,605:WARNING:/Users/xiaowang/Documents/Github/DataMind/backend/.venv/lib/python3.11/site-packages/sklearn/metrics/_classification.py:1561: UserWarning: Note that pos_label (set to 'Y') is ignored when average != 'binary' (got 'weighted'). You may use labels=[pos_label] to specify a single positive class.
  warnings.warn(

2026-03-05 14:14:14,607:WARNING:/Users/xiaowang/Documents/Github/DataMind/backend/.venv/lib/python3.11/site-packages/sklearn/metrics/_classification.py:1561: UserWarning: Note that pos_label (set to 'Y') is ignored when average != 'binary' (got 'weighted'). You may use labels=[pos_label] to specify a single positive class.
  warnings.warn(

2026-03-05 14:14:14,608:WARNING:/Users/xiaowang/Documents/Github/DataMind/backend/.venv/lib/python3.11/site-packages/sklearn/metrics/_classification.py:1561: UserWarning: Note that pos_label (set to 'Y') is ignored when average != 'binary' (got 'weighted'). You may use labels=[pos_label] to specify a single positive class.
  warnings.warn(

2026-03-05 14:14:14,609:WARNING:/Users/xiaowang/Documents/Github/DataMind/backend/.venv/lib/python3.11/site-packages/sklearn/metrics/_classification.py:1561: UserWarning: Note that pos_label (set to 'Y') is ignored when average != 'binary' (got 'weighted'). You may use labels=[pos_label] to specify a single positive class.
  warnings.warn(

2026-03-05 14:14:15,352:WARNING:/Users/xiaowang/Documents/Github/DataMind/backend/.venv/lib/python3.11/site-packages/_distutils_hack/__init__.py:30: UserWarning: Setuptools is replacing distutils. Support for replacing an already imported distutils is deprecated. In the future, this condition will fail. Register concerns at https://github.com/pypa/setuptools/issues/new?template=distutils-deprecation.yml
  warnings.warn(

2026-03-05 14:14:15,448:WARNING:/Users/xiaowang/Documents/Github/DataMind/backend/.venv/lib/python3.11/site-packages/sklearn/metrics/_classification.py:1561: UserWarning: Note that pos_label (set to 'Y') is ignored when average != 'binary' (got 'weighted'). You may use labels=[pos_label] to specify a single positive class.
  warnings.warn(

2026-03-05 14:14:15,449:WARNING:/Users/xiaowang/Documents/Github/DataMind/backend/.venv/lib/python3.11/site-packages/sklearn/metrics/_classification.py:1561: UserWarning: Note that pos_label (set to 'Y') is ignored when average != 'binary' (got 'weighted'). You may use labels=[pos_label] to specify a single positive class.
  warnings.warn(

2026-03-05 14:14:15,450:WARNING:/Users/xiaowang/Documents/Github/DataMind/backend/.venv/lib/python3.11/site-packages/sklearn/metrics/_classification.py:1561: UserWarning: Note that pos_label (set to 'Y') is ignored when average != 'binary' (got 'weighted'). You may use labels=[pos_label] to specify a single positive class.
  warnings.warn(

2026-03-05 14:14:15,461:INFO:Calculating mean and std
2026-03-05 14:14:15,461:INFO:Creating metrics dataframe
2026-03-05 14:14:15,462:INFO:Uploading results into container
2026-03-05 14:14:15,462:INFO:Uploading model into container now
2026-03-05 14:14:15,462:INFO:_master_model_container: 4
2026-03-05 14:14:15,462:INFO:_display_container: 2
2026-03-05 14:14:15,462:INFO:DecisionTreeClassifier(ccp_alpha=0.0, class_weight=None, criterion='gini',
                       max_depth=None, max_features=None, max_leaf_nodes=None,
                       min_impurity_decrease=0.0, min_samples_leaf=1,
                       min_samples_split=2, min_weight_fraction_leaf=0.0,
                       monotonic_cst=None, random_state=42, splitter='best')
2026-03-05 14:14:15,462:INFO:create_model() successfully completed......................................
2026-03-05 14:14:15,517:INFO:SubProcess create_model() end ==================================
2026-03-05 14:14:15,517:INFO:Creating metrics dataframe
2026-03-05 14:14:15,518:INFO:Initializing SVM - Linear Kernel
2026-03-05 14:14:15,518:INFO:Total runtime is 0.09041413863499959 minutes
2026-03-05 14:14:15,518:INFO:SubProcess create_model() called ==================================
2026-03-05 14:14:15,518:INFO:Initializing create_model()
2026-03-05 14:14:15,518:INFO:create_model(self=<pycaret.classification.oop.ClassificationExperiment object at 0x16036f210>, estimator=svm, fold=StratifiedKFold(n_splits=5, random_state=None, shuffle=False), round=4, cross_validation=True, predict=True, fit_kwargs={}, groups=None, refit=False, probability_threshold=None, experiment_custom_tags=None, verbose=False, system=False, add_to_model_list=True, metrics=None, display=<pycaret.internal.display.display.CommonDisplay object at 0x16061e950>, model_only=True, return_train_score=False, error_score=0.0, kwargs={})
2026-03-05 14:14:15,518:INFO:Checking exceptions
2026-03-05 14:14:15,518:INFO:Importing libraries
2026-03-05 14:14:15,518:INFO:Copying training dataset
2026-03-05 14:14:15,520:INFO:Defining folds
2026-03-05 14:14:15,520:INFO:Declaring metric variables
2026-03-05 14:14:15,520:INFO:Importing untrained model
2026-03-05 14:14:15,520:INFO:SVM - Linear Kernel Imported successfully
2026-03-05 14:14:15,520:INFO:Starting cross validation
2026-03-05 14:14:15,521:INFO:Cross validating with StratifiedKFold(n_splits=5, random_state=None, shuffle=False), n_jobs=-1
2026-03-05 14:14:15,614:WARNING:/Users/xiaowang/Documents/Github/DataMind/backend/.venv/lib/python3.11/site-packages/sklearn/metrics/_classification.py:1561: UserWarning: Note that pos_label (set to 'Y') is ignored when average != 'binary' (got 'weighted'). You may use labels=[pos_label] to specify a single positive class.
  warnings.warn(

2026-03-05 14:14:15,616:WARNING:/Users/xiaowang/Documents/Github/DataMind/backend/.venv/lib/python3.11/site-packages/sklearn/metrics/_classification.py:1561: UserWarning: Note that pos_label (set to 'Y') is ignored when average != 'binary' (got 'weighted'). You may use labels=[pos_label] to specify a single positive class.
  warnings.warn(

2026-03-05 14:14:15,616:WARNING:/Users/xiaowang/Documents/Github/DataMind/backend/.venv/lib/python3.11/site-packages/sklearn/metrics/_classification.py:1561: UserWarning: Note that pos_label (set to 'Y') is ignored when average != 'binary' (got 'weighted'). You may use labels=[pos_label] to specify a single positive class.
  warnings.warn(

2026-03-05 14:14:15,619:WARNING:/Users/xiaowang/Documents/Github/DataMind/backend/.venv/lib/python3.11/site-packages/sklearn/metrics/_classification.py:1561: UserWarning: Note that pos_label (set to 'Y') is ignored when average != 'binary' (got 'weighted'). You may use labels=[pos_label] to specify a single positive class.
  warnings.warn(

2026-03-05 14:14:15,620:WARNING:/Users/xiaowang/Documents/Github/DataMind/backend/.venv/lib/python3.11/site-packages/sklearn/metrics/_classification.py:1561: UserWarning: Note that pos_label (set to 'Y') is ignored when average != 'binary' (got 'weighted'). You may use labels=[pos_label] to specify a single positive class.
  warnings.warn(

2026-03-05 14:14:15,621:WARNING:/Users/xiaowang/Documents/Github/DataMind/backend/.venv/lib/python3.11/site-packages/sklearn/metrics/_classification.py:1561: UserWarning: Note that pos_label (set to 'Y') is ignored when average != 'binary' (got 'weighted'). You may use labels=[pos_label] to specify a single positive class.
  warnings.warn(

2026-03-05 14:14:15,624:WARNING:/Users/xiaowang/Documents/Github/DataMind/backend/.venv/lib/python3.11/site-packages/sklearn/metrics/_classification.py:1561: UserWarning: Note that pos_label (set to 'Y') is ignored when average != 'binary' (got 'weighted'). You may use labels=[pos_label] to specify a single positive class.
  warnings.warn(

2026-03-05 14:14:15,625:WARNING:/Users/xiaowang/Documents/Github/DataMind/backend/.venv/lib/python3.11/site-packages/sklearn/metrics/_classification.py:1561: UserWarning: Note that pos_label (set to 'Y') is ignored when average != 'binary' (got 'weighted'). You may use labels=[pos_label] to specify a single positive class.
  warnings.warn(

2026-03-05 14:14:15,625:WARNING:/Users/xiaowang/Documents/Github/DataMind/backend/.venv/lib/python3.11/site-packages/sklearn/metrics/_classification.py:1561: UserWarning: Note that pos_label (set to 'Y') is ignored when average != 'binary' (got 'weighted'). You may use labels=[pos_label] to specify a single positive class.
  warnings.warn(

2026-03-05 14:14:15,626:WARNING:/Users/xiaowang/Documents/Github/DataMind/backend/.venv/lib/python3.11/site-packages/sklearn/metrics/_classification.py:1561: UserWarning: Note that pos_label (set to 'Y') is ignored when average != 'binary' (got 'weighted'). You may use labels=[pos_label] to specify a single positive class.
  warnings.warn(

2026-03-05 14:14:15,627:WARNING:/Users/xiaowang/Documents/Github/DataMind/backend/.venv/lib/python3.11/site-packages/sklearn/metrics/_classification.py:1561: UserWarning: Note that pos_label (set to 'Y') is ignored when average != 'binary' (got 'weighted'). You may use labels=[pos_label] to specify a single positive class.
  warnings.warn(

2026-03-05 14:14:15,627:WARNING:/Users/xiaowang/Documents/Github/DataMind/backend/.venv/lib/python3.11/site-packages/sklearn/metrics/_classification.py:1561: UserWarning: Note that pos_label (set to 'Y') is ignored when average != 'binary' (got 'weighted'). You may use labels=[pos_label] to specify a single positive class.
  warnings.warn(

2026-03-05 14:14:16,381:WARNING:/Users/xiaowang/Documents/Github/DataMind/backend/.venv/lib/python3.11/site-packages/_distutils_hack/__init__.py:30: UserWarning: Setuptools is replacing distutils. Support for replacing an already imported distutils is deprecated. In the future, this condition will fail. Register concerns at https://github.com/pypa/setuptools/issues/new?template=distutils-deprecation.yml
  warnings.warn(

2026-03-05 14:14:16,479:WARNING:/Users/xiaowang/Documents/Github/DataMind/backend/.venv/lib/python3.11/site-packages/sklearn/metrics/_classification.py:1561: UserWarning: Note that pos_label (set to 'Y') is ignored when average != 'binary' (got 'weighted'). You may use labels=[pos_label] to specify a single positive class.
  warnings.warn(

2026-03-05 14:14:16,480:WARNING:/Users/xiaowang/Documents/Github/DataMind/backend/.venv/lib/python3.11/site-packages/sklearn/metrics/_classification.py:1561: UserWarning: Note that pos_label (set to 'Y') is ignored when average != 'binary' (got 'weighted'). You may use labels=[pos_label] to specify a single positive class.
  warnings.warn(

2026-03-05 14:14:16,481:WARNING:/Users/xiaowang/Documents/Github/DataMind/backend/.venv/lib/python3.11/site-packages/sklearn/metrics/_classification.py:1561: UserWarning: Note that pos_label (set to 'Y') is ignored when average != 'binary' (got 'weighted'). You may use labels=[pos_label] to specify a single positive class.
  warnings.warn(

2026-03-05 14:14:16,485:INFO:Calculating mean and std
2026-03-05 14:14:16,486:INFO:Creating metrics dataframe
2026-03-05 14:14:16,486:INFO:Uploading results into container
2026-03-05 14:14:16,486:INFO:Uploading model into container now
2026-03-05 14:14:16,486:INFO:_master_model_container: 5
2026-03-05 14:14:16,486:INFO:_display_container: 2
2026-03-05 14:14:16,487:INFO:SGDClassifier(alpha=0.0001, average=False, class_weight=None,
              early_stopping=False, epsilon=0.1, eta0=0.001, fit_intercept=True,
              l1_ratio=0.15, learning_rate='optimal', loss='hinge',
              max_iter=1000, n_iter_no_change=5, n_jobs=-1, penalty='l2',
              power_t=0.5, random_state=42, shuffle=True, tol=0.001,
              validation_fraction=0.1, verbose=0, warm_start=False)
2026-03-05 14:14:16,487:INFO:create_model() successfully completed......................................
2026-03-05 14:14:16,541:INFO:SubProcess create_model() end ==================================
2026-03-05 14:14:16,541:INFO:Creating metrics dataframe
2026-03-05 14:14:16,542:INFO:Initializing Ridge Classifier
2026-03-05 14:14:16,542:INFO:Total runtime is 0.10747025410334268 minutes
2026-03-05 14:14:16,542:INFO:SubProcess create_model() called ==================================
2026-03-05 14:14:16,542:INFO:Initializing create_model()
2026-03-05 14:14:16,542:INFO:create_model(self=<pycaret.classification.oop.ClassificationExperiment object at 0x16036f210>, estimator=ridge, fold=StratifiedKFold(n_splits=5, random_state=None, shuffle=False), round=4, cross_validation=True, predict=True, fit_kwargs={}, groups=None, refit=False, probability_threshold=None, experiment_custom_tags=None, verbose=False, system=False, add_to_model_list=True, metrics=None, display=<pycaret.internal.display.display.CommonDisplay object at 0x16061e950>, model_only=True, return_train_score=False, error_score=0.0, kwargs={})
2026-03-05 14:14:16,542:INFO:Checking exceptions
2026-03-05 14:14:16,542:INFO:Importing libraries
2026-03-05 14:14:16,542:INFO:Copying training dataset
2026-03-05 14:14:16,544:INFO:Defining folds
2026-03-05 14:14:16,544:INFO:Declaring metric variables
2026-03-05 14:14:16,544:INFO:Importing untrained model
2026-03-05 14:14:16,544:INFO:Ridge Classifier Imported successfully
2026-03-05 14:14:16,544:INFO:Starting cross validation
2026-03-05 14:14:16,545:INFO:Cross validating with StratifiedKFold(n_splits=5, random_state=None, shuffle=False), n_jobs=-1
2026-03-05 14:14:16,632:WARNING:/Users/xiaowang/Documents/Github/DataMind/backend/.venv/lib/python3.11/site-packages/sklearn/metrics/_classification.py:1561: UserWarning: Note that pos_label (set to 'Y') is ignored when average != 'binary' (got 'weighted'). You may use labels=[pos_label] to specify a single positive class.
  warnings.warn(

2026-03-05 14:14:16,633:WARNING:/Users/xiaowang/Documents/Github/DataMind/backend/.venv/lib/python3.11/site-packages/sklearn/metrics/_classification.py:1561: UserWarning: Note that pos_label (set to 'Y') is ignored when average != 'binary' (got 'weighted'). You may use labels=[pos_label] to specify a single positive class.
  warnings.warn(

2026-03-05 14:14:16,633:WARNING:/Users/xiaowang/Documents/Github/DataMind/backend/.venv/lib/python3.11/site-packages/sklearn/metrics/_classification.py:1561: UserWarning: Note that pos_label (set to 'Y') is ignored when average != 'binary' (got 'weighted'). You may use labels=[pos_label] to specify a single positive class.
  warnings.warn(

2026-03-05 14:14:16,634:WARNING:/Users/xiaowang/Documents/Github/DataMind/backend/.venv/lib/python3.11/site-packages/sklearn/metrics/_classification.py:1561: UserWarning: Note that pos_label (set to 'Y') is ignored when average != 'binary' (got 'weighted'). You may use labels=[pos_label] to specify a single positive class.
  warnings.warn(

2026-03-05 14:14:16,634:WARNING:/Users/xiaowang/Documents/Github/DataMind/backend/.venv/lib/python3.11/site-packages/sklearn/metrics/_classification.py:1561: UserWarning: Note that pos_label (set to 'Y') is ignored when average != 'binary' (got 'weighted'). You may use labels=[pos_label] to specify a single positive class.
  warnings.warn(

2026-03-05 14:14:16,634:WARNING:/Users/xiaowang/Documents/Github/DataMind/backend/.venv/lib/python3.11/site-packages/sklearn/metrics/_classification.py:1561: UserWarning: Note that pos_label (set to 'Y') is ignored when average != 'binary' (got 'weighted'). You may use labels=[pos_label] to specify a single positive class.
  warnings.warn(

2026-03-05 14:14:16,635:WARNING:/Users/xiaowang/Documents/Github/DataMind/backend/.venv/lib/python3.11/site-packages/sklearn/metrics/_classification.py:1561: UserWarning: Note that pos_label (set to 'Y') is ignored when average != 'binary' (got 'weighted'). You may use labels=[pos_label] to specify a single positive class.
  warnings.warn(

2026-03-05 14:14:16,635:WARNING:/Users/xiaowang/Documents/Github/DataMind/backend/.venv/lib/python3.11/site-packages/sklearn/metrics/_classification.py:1561: UserWarning: Note that pos_label (set to 'Y') is ignored when average != 'binary' (got 'weighted'). You may use labels=[pos_label] to specify a single positive class.
  warnings.warn(

2026-03-05 14:14:16,636:WARNING:/Users/xiaowang/Documents/Github/DataMind/backend/.venv/lib/python3.11/site-packages/sklearn/metrics/_classification.py:1561: UserWarning: Note that pos_label (set to 'Y') is ignored when average != 'binary' (got 'weighted'). You may use labels=[pos_label] to specify a single positive class.
  warnings.warn(

2026-03-05 14:14:16,636:WARNING:/Users/xiaowang/Documents/Github/DataMind/backend/.venv/lib/python3.11/site-packages/sklearn/metrics/_classification.py:1561: UserWarning: Note that pos_label (set to 'Y') is ignored when average != 'binary' (got 'weighted'). You may use labels=[pos_label] to specify a single positive class.
  warnings.warn(

2026-03-05 14:14:16,636:WARNING:/Users/xiaowang/Documents/Github/DataMind/backend/.venv/lib/python3.11/site-packages/sklearn/metrics/_classification.py:1561: UserWarning: Note that pos_label (set to 'Y') is ignored when average != 'binary' (got 'weighted'). You may use labels=[pos_label] to specify a single positive class.
  warnings.warn(

2026-03-05 14:14:16,637:WARNING:/Users/xiaowang/Documents/Github/DataMind/backend/.venv/lib/python3.11/site-packages/sklearn/metrics/_classification.py:1561: UserWarning: Note that pos_label (set to 'Y') is ignored when average != 'binary' (got 'weighted'). You may use labels=[pos_label] to specify a single positive class.
  warnings.warn(

2026-03-05 14:14:16,637:WARNING:/Users/xiaowang/Documents/Github/DataMind/backend/.venv/lib/python3.11/site-packages/sklearn/metrics/_classification.py:1561: UserWarning: Note that pos_label (set to 'Y') is ignored when average != 'binary' (got 'weighted'). You may use labels=[pos_label] to specify a single positive class.
  warnings.warn(

2026-03-05 14:14:16,638:WARNING:/Users/xiaowang/Documents/Github/DataMind/backend/.venv/lib/python3.11/site-packages/sklearn/metrics/_classification.py:1561: UserWarning: Note that pos_label (set to 'Y') is ignored when average != 'binary' (got 'weighted'). You may use labels=[pos_label] to specify a single positive class.
  warnings.warn(

2026-03-05 14:14:16,638:WARNING:/Users/xiaowang/Documents/Github/DataMind/backend/.venv/lib/python3.11/site-packages/sklearn/metrics/_classification.py:1561: UserWarning: Note that pos_label (set to 'Y') is ignored when average != 'binary' (got 'weighted'). You may use labels=[pos_label] to specify a single positive class.
  warnings.warn(

2026-03-05 14:14:16,644:INFO:Calculating mean and std
2026-03-05 14:14:16,644:INFO:Creating metrics dataframe
2026-03-05 14:14:16,645:INFO:Uploading results into container
2026-03-05 14:14:16,645:INFO:Uploading model into container now
2026-03-05 14:14:16,645:INFO:_master_model_container: 6
2026-03-05 14:14:16,645:INFO:_display_container: 2
2026-03-05 14:14:16,645:INFO:RidgeClassifier(alpha=1.0, class_weight=None, copy_X=True, fit_intercept=True,
                max_iter=None, positive=False, random_state=42, solver='auto',
                tol=0.0001)
2026-03-05 14:14:16,645:INFO:create_model() successfully completed......................................
2026-03-05 14:14:16,699:INFO:SubProcess create_model() end ==================================
2026-03-05 14:14:16,699:INFO:Creating metrics dataframe
2026-03-05 14:14:16,700:INFO:Initializing Random Forest Classifier
2026-03-05 14:14:16,700:INFO:Total runtime is 0.11010931730270385 minutes
2026-03-05 14:14:16,700:INFO:SubProcess create_model() called ==================================
2026-03-05 14:14:16,700:INFO:Initializing create_model()
2026-03-05 14:14:16,700:INFO:create_model(self=<pycaret.classification.oop.ClassificationExperiment object at 0x16036f210>, estimator=rf, fold=StratifiedKFold(n_splits=5, random_state=None, shuffle=False), round=4, cross_validation=True, predict=True, fit_kwargs={}, groups=None, refit=False, probability_threshold=None, experiment_custom_tags=None, verbose=False, system=False, add_to_model_list=True, metrics=None, display=<pycaret.internal.display.display.CommonDisplay object at 0x16061e950>, model_only=True, return_train_score=False, error_score=0.0, kwargs={})
2026-03-05 14:14:16,700:INFO:Checking exceptions
2026-03-05 14:14:16,700:INFO:Importing libraries
2026-03-05 14:14:16,700:INFO:Copying training dataset
2026-03-05 14:14:16,702:INFO:Defining folds
2026-03-05 14:14:16,702:INFO:Declaring metric variables
2026-03-05 14:14:16,702:INFO:Importing untrained model
2026-03-05 14:14:16,702:INFO:Random Forest Classifier Imported successfully
2026-03-05 14:14:16,702:INFO:Starting cross validation
2026-03-05 14:14:16,703:INFO:Cross validating with StratifiedKFold(n_splits=5, random_state=None, shuffle=False), n_jobs=-1
2026-03-05 14:14:16,908:WARNING:/Users/xiaowang/Documents/Github/DataMind/backend/.venv/lib/python3.11/site-packages/sklearn/metrics/_classification.py:1561: UserWarning: Note that pos_label (set to 'Y') is ignored when average != 'binary' (got 'weighted'). You may use labels=[pos_label] to specify a single positive class.
  warnings.warn(

2026-03-05 14:14:16,910:WARNING:/Users/xiaowang/Documents/Github/DataMind/backend/.venv/lib/python3.11/site-packages/sklearn/metrics/_classification.py:1561: UserWarning: Note that pos_label (set to 'Y') is ignored when average != 'binary' (got 'weighted'). You may use labels=[pos_label] to specify a single positive class.
  warnings.warn(

2026-03-05 14:14:16,910:WARNING:/Users/xiaowang/Documents/Github/DataMind/backend/.venv/lib/python3.11/site-packages/sklearn/metrics/_classification.py:1561: UserWarning: Note that pos_label (set to 'Y') is ignored when average != 'binary' (got 'weighted'). You may use labels=[pos_label] to specify a single positive class.
  warnings.warn(

2026-03-05 14:14:16,911:WARNING:/Users/xiaowang/Documents/Github/DataMind/backend/.venv/lib/python3.11/site-packages/sklearn/metrics/_classification.py:1561: UserWarning: Note that pos_label (set to 'Y') is ignored when average != 'binary' (got 'weighted'). You may use labels=[pos_label] to specify a single positive class.
  warnings.warn(

2026-03-05 14:14:16,911:WARNING:/Users/xiaowang/Documents/Github/DataMind/backend/.venv/lib/python3.11/site-packages/sklearn/metrics/_classification.py:1561: UserWarning: Note that pos_label (set to 'Y') is ignored when average != 'binary' (got 'weighted'). You may use labels=[pos_label] to specify a single positive class.
  warnings.warn(

2026-03-05 14:14:16,912:WARNING:/Users/xiaowang/Documents/Github/DataMind/backend/.venv/lib/python3.11/site-packages/sklearn/metrics/_classification.py:1561: UserWarning: Note that pos_label (set to 'Y') is ignored when average != 'binary' (got 'weighted'). You may use labels=[pos_label] to specify a single positive class.
  warnings.warn(

2026-03-05 14:14:16,913:WARNING:/Users/xiaowang/Documents/Github/DataMind/backend/.venv/lib/python3.11/site-packages/sklearn/metrics/_classification.py:1561: UserWarning: Note that pos_label (set to 'Y') is ignored when average != 'binary' (got 'weighted'). You may use labels=[pos_label] to specify a single positive class.
  warnings.warn(

2026-03-05 14:14:16,914:WARNING:/Users/xiaowang/Documents/Github/DataMind/backend/.venv/lib/python3.11/site-packages/sklearn/metrics/_classification.py:1561: UserWarning: Note that pos_label (set to 'Y') is ignored when average != 'binary' (got 'weighted'). You may use labels=[pos_label] to specify a single positive class.
  warnings.warn(

2026-03-05 14:14:16,915:WARNING:/Users/xiaowang/Documents/Github/DataMind/backend/.venv/lib/python3.11/site-packages/sklearn/metrics/_classification.py:1561: UserWarning: Note that pos_label (set to 'Y') is ignored when average != 'binary' (got 'weighted'). You may use labels=[pos_label] to specify a single positive class.
  warnings.warn(

2026-03-05 14:14:16,917:WARNING:/Users/xiaowang/Documents/Github/DataMind/backend/.venv/lib/python3.11/site-packages/sklearn/metrics/_classification.py:1561: UserWarning: Note that pos_label (set to 'Y') is ignored when average != 'binary' (got 'weighted'). You may use labels=[pos_label] to specify a single positive class.
  warnings.warn(

2026-03-05 14:14:16,918:WARNING:/Users/xiaowang/Documents/Github/DataMind/backend/.venv/lib/python3.11/site-packages/sklearn/metrics/_classification.py:1561: UserWarning: Note that pos_label (set to 'Y') is ignored when average != 'binary' (got 'weighted'). You may use labels=[pos_label] to specify a single positive class.
  warnings.warn(

2026-03-05 14:14:16,918:WARNING:/Users/xiaowang/Documents/Github/DataMind/backend/.venv/lib/python3.11/site-packages/sklearn/metrics/_classification.py:1561: UserWarning: Note that pos_label (set to 'Y') is ignored when average != 'binary' (got 'weighted'). You may use labels=[pos_label] to specify a single positive class.
  warnings.warn(

2026-03-05 14:14:16,919:WARNING:/Users/xiaowang/Documents/Github/DataMind/backend/.venv/lib/python3.11/site-packages/sklearn/metrics/_classification.py:1561: UserWarning: Note that pos_label (set to 'Y') is ignored when average != 'binary' (got 'weighted'). You may use labels=[pos_label] to specify a single positive class.
  warnings.warn(

2026-03-05 14:14:16,919:WARNING:/Users/xiaowang/Documents/Github/DataMind/backend/.venv/lib/python3.11/site-packages/sklearn/metrics/_classification.py:1561: UserWarning: Note that pos_label (set to 'Y') is ignored when average != 'binary' (got 'weighted'). You may use labels=[pos_label] to specify a single positive class.
  warnings.warn(

2026-03-05 14:14:16,920:WARNING:/Users/xiaowang/Documents/Github/DataMind/backend/.venv/lib/python3.11/site-packages/sklearn/metrics/_classification.py:1561: UserWarning: Note that pos_label (set to 'Y') is ignored when average != 'binary' (got 'weighted'). You may use labels=[pos_label] to specify a single positive class.
  warnings.warn(

2026-03-05 14:14:16,930:INFO:Calculating mean and std
2026-03-05 14:14:16,930:INFO:Creating metrics dataframe
2026-03-05 14:14:16,931:INFO:Uploading results into container
2026-03-05 14:14:16,931:INFO:Uploading model into container now
2026-03-05 14:14:16,931:INFO:_master_model_container: 7
2026-03-05 14:14:16,931:INFO:_display_container: 2
2026-03-05 14:14:16,932:INFO:RandomForestClassifier(bootstrap=True, ccp_alpha=0.0, class_weight=None,
                       criterion='gini', max_depth=None, max_features='sqrt',
                       max_leaf_nodes=None, max_samples=None,
                       min_impurity_decrease=0.0, min_samples_leaf=1,
                       min_samples_split=2, min_weight_fraction_leaf=0.0,
                       monotonic_cst=None, n_estimators=100, n_jobs=-1,
                       oob_score=False, random_state=42, verbose=0,
                       warm_start=False)
2026-03-05 14:14:16,932:INFO:create_model() successfully completed......................................
2026-03-05 14:14:16,986:INFO:SubProcess create_model() end ==================================
2026-03-05 14:14:16,986:INFO:Creating metrics dataframe
2026-03-05 14:14:16,987:INFO:Initializing Quadratic Discriminant Analysis
2026-03-05 14:14:16,987:INFO:Total runtime is 0.11489640076955158 minutes
2026-03-05 14:14:16,987:INFO:SubProcess create_model() called ==================================
2026-03-05 14:14:16,987:INFO:Initializing create_model()
2026-03-05 14:14:16,987:INFO:create_model(self=<pycaret.classification.oop.ClassificationExperiment object at 0x16036f210>, estimator=qda, fold=StratifiedKFold(n_splits=5, random_state=None, shuffle=False), round=4, cross_validation=True, predict=True, fit_kwargs={}, groups=None, refit=False, probability_threshold=None, experiment_custom_tags=None, verbose=False, system=False, add_to_model_list=True, metrics=None, display=<pycaret.internal.display.display.CommonDisplay object at 0x16061e950>, model_only=True, return_train_score=False, error_score=0.0, kwargs={})
2026-03-05 14:14:16,987:INFO:Checking exceptions
2026-03-05 14:14:16,987:INFO:Importing libraries
2026-03-05 14:14:16,987:INFO:Copying training dataset
2026-03-05 14:14:16,989:INFO:Defining folds
2026-03-05 14:14:16,989:INFO:Declaring metric variables
2026-03-05 14:14:16,989:INFO:Importing untrained model
2026-03-05 14:14:16,989:INFO:Quadratic Discriminant Analysis Imported successfully
2026-03-05 14:14:16,989:INFO:Starting cross validation
2026-03-05 14:14:16,990:INFO:Cross validating with StratifiedKFold(n_splits=5, random_state=None, shuffle=False), n_jobs=-1
2026-03-05 14:14:17,060:WARNING:/Users/xiaowang/Documents/Github/DataMind/backend/.venv/lib/python3.11/site-packages/sklearn/discriminant_analysis.py:935: UserWarning: Variables are collinear
  warnings.warn("Variables are collinear")

2026-03-05 14:14:17,060:WARNING:/Users/xiaowang/Documents/Github/DataMind/backend/.venv/lib/python3.11/site-packages/sklearn/discriminant_analysis.py:935: UserWarning: Variables are collinear
  warnings.warn("Variables are collinear")

2026-03-05 14:14:17,063:WARNING:/Users/xiaowang/Documents/Github/DataMind/backend/.venv/lib/python3.11/site-packages/sklearn/discriminant_analysis.py:935: UserWarning: Variables are collinear
  warnings.warn("Variables are collinear")

2026-03-05 14:14:17,064:WARNING:/Users/xiaowang/Documents/Github/DataMind/backend/.venv/lib/python3.11/site-packages/sklearn/discriminant_analysis.py:935: UserWarning: Variables are collinear
  warnings.warn("Variables are collinear")

2026-03-05 14:14:17,069:WARNING:/Users/xiaowang/Documents/Github/DataMind/backend/.venv/lib/python3.11/site-packages/sklearn/discriminant_analysis.py:935: UserWarning: Variables are collinear
  warnings.warn("Variables are collinear")

2026-03-05 14:14:17,084:WARNING:/Users/xiaowang/Documents/Github/DataMind/backend/.venv/lib/python3.11/site-packages/sklearn/metrics/_classification.py:1561: UserWarning: Note that pos_label (set to 'Y') is ignored when average != 'binary' (got 'weighted'). You may use labels=[pos_label] to specify a single positive class.
  warnings.warn(

2026-03-05 14:14:17,085:WARNING:/Users/xiaowang/Documents/Github/DataMind/backend/.venv/lib/python3.11/site-packages/sklearn/metrics/_classification.py:1561: UserWarning: Note that pos_label (set to 'Y') is ignored when average != 'binary' (got 'weighted'). You may use labels=[pos_label] to specify a single positive class.
  warnings.warn(

2026-03-05 14:14:17,085:WARNING:/Users/xiaowang/Documents/Github/DataMind/backend/.venv/lib/python3.11/site-packages/sklearn/metrics/_classification.py:1561: UserWarning: Note that pos_label (set to 'Y') is ignored when average != 'binary' (got 'weighted'). You may use labels=[pos_label] to specify a single positive class.
  warnings.warn(

2026-03-05 14:14:17,085:WARNING:/Users/xiaowang/Documents/Github/DataMind/backend/.venv/lib/python3.11/site-packages/sklearn/metrics/_classification.py:1561: UserWarning: Note that pos_label (set to 'Y') is ignored when average != 'binary' (got 'weighted'). You may use labels=[pos_label] to specify a single positive class.
  warnings.warn(

2026-03-05 14:14:17,085:WARNING:/Users/xiaowang/Documents/Github/DataMind/backend/.venv/lib/python3.11/site-packages/sklearn/metrics/_classification.py:1561: UserWarning: Note that pos_label (set to 'Y') is ignored when average != 'binary' (got 'weighted'). You may use labels=[pos_label] to specify a single positive class.
  warnings.warn(

2026-03-05 14:14:17,085:WARNING:/Users/xiaowang/Documents/Github/DataMind/backend/.venv/lib/python3.11/site-packages/sklearn/metrics/_classification.py:1561: UserWarning: Note that pos_label (set to 'Y') is ignored when average != 'binary' (got 'weighted'). You may use labels=[pos_label] to specify a single positive class.
  warnings.warn(

2026-03-05 14:14:17,086:WARNING:/Users/xiaowang/Documents/Github/DataMind/backend/.venv/lib/python3.11/site-packages/sklearn/metrics/_classification.py:1561: UserWarning: Note that pos_label (set to 'Y') is ignored when average != 'binary' (got 'weighted'). You may use labels=[pos_label] to specify a single positive class.
  warnings.warn(

2026-03-05 14:14:17,086:WARNING:/Users/xiaowang/Documents/Github/DataMind/backend/.venv/lib/python3.11/site-packages/sklearn/metrics/_classification.py:1561: UserWarning: Note that pos_label (set to 'Y') is ignored when average != 'binary' (got 'weighted'). You may use labels=[pos_label] to specify a single positive class.
  warnings.warn(

2026-03-05 14:14:17,086:WARNING:/Users/xiaowang/Documents/Github/DataMind/backend/.venv/lib/python3.11/site-packages/sklearn/metrics/_classification.py:1561: UserWarning: Note that pos_label (set to 'Y') is ignored when average != 'binary' (got 'weighted'). You may use labels=[pos_label] to specify a single positive class.
  warnings.warn(

2026-03-05 14:14:17,087:WARNING:/Users/xiaowang/Documents/Github/DataMind/backend/.venv/lib/python3.11/site-packages/sklearn/metrics/_classification.py:1561: UserWarning: Note that pos_label (set to 'Y') is ignored when average != 'binary' (got 'weighted'). You may use labels=[pos_label] to specify a single positive class.
  warnings.warn(

2026-03-05 14:14:17,087:WARNING:/Users/xiaowang/Documents/Github/DataMind/backend/.venv/lib/python3.11/site-packages/sklearn/metrics/_classification.py:1561: UserWarning: Note that pos_label (set to 'Y') is ignored when average != 'binary' (got 'weighted'). You may use labels=[pos_label] to specify a single positive class.
  warnings.warn(

2026-03-05 14:14:17,088:WARNING:/Users/xiaowang/Documents/Github/DataMind/backend/.venv/lib/python3.11/site-packages/sklearn/metrics/_classification.py:1561: UserWarning: Note that pos_label (set to 'Y') is ignored when average != 'binary' (got 'weighted'). You may use labels=[pos_label] to specify a single positive class.
  warnings.warn(

2026-03-05 14:14:17,089:WARNING:/Users/xiaowang/Documents/Github/DataMind/backend/.venv/lib/python3.11/site-packages/sklearn/metrics/_classification.py:1561: UserWarning: Note that pos_label (set to 'Y') is ignored when average != 'binary' (got 'weighted'). You may use labels=[pos_label] to specify a single positive class.
  warnings.warn(

2026-03-05 14:14:17,090:WARNING:/Users/xiaowang/Documents/Github/DataMind/backend/.venv/lib/python3.11/site-packages/sklearn/metrics/_classification.py:1561: UserWarning: Note that pos_label (set to 'Y') is ignored when average != 'binary' (got 'weighted'). You may use labels=[pos_label] to specify a single positive class.
  warnings.warn(

2026-03-05 14:14:17,091:WARNING:/Users/xiaowang/Documents/Github/DataMind/backend/.venv/lib/python3.11/site-packages/sklearn/metrics/_classification.py:1561: UserWarning: Note that pos_label (set to 'Y') is ignored when average != 'binary' (got 'weighted'). You may use labels=[pos_label] to specify a single positive class.
  warnings.warn(

2026-03-05 14:14:17,099:INFO:Calculating mean and std
2026-03-05 14:14:17,100:INFO:Creating metrics dataframe
2026-03-05 14:14:17,100:INFO:Uploading results into container
2026-03-05 14:14:17,101:INFO:Uploading model into container now
2026-03-05 14:14:17,101:INFO:_master_model_container: 8
2026-03-05 14:14:17,101:INFO:_display_container: 2
2026-03-05 14:14:17,101:INFO:QuadraticDiscriminantAnalysis(priors=None, reg_param=0.0,
                              store_covariance=False, tol=0.0001)
2026-03-05 14:14:17,101:INFO:create_model() successfully completed......................................
2026-03-05 14:14:17,155:INFO:SubProcess create_model() end ==================================
2026-03-05 14:14:17,155:INFO:Creating metrics dataframe
2026-03-05 14:14:17,156:INFO:Initializing Ada Boost Classifier
2026-03-05 14:14:17,156:INFO:Total runtime is 0.1177155057589213 minutes
2026-03-05 14:14:17,156:INFO:SubProcess create_model() called ==================================
2026-03-05 14:14:17,157:INFO:Initializing create_model()
2026-03-05 14:14:17,157:INFO:create_model(self=<pycaret.classification.oop.ClassificationExperiment object at 0x16036f210>, estimator=ada, fold=StratifiedKFold(n_splits=5, random_state=None, shuffle=False), round=4, cross_validation=True, predict=True, fit_kwargs={}, groups=None, refit=False, probability_threshold=None, experiment_custom_tags=None, verbose=False, system=False, add_to_model_list=True, metrics=None, display=<pycaret.internal.display.display.CommonDisplay object at 0x16061e950>, model_only=True, return_train_score=False, error_score=0.0, kwargs={})
2026-03-05 14:14:17,157:INFO:Checking exceptions
2026-03-05 14:14:17,157:INFO:Importing libraries
2026-03-05 14:14:17,157:INFO:Copying training dataset
2026-03-05 14:14:17,158:INFO:Defining folds
2026-03-05 14:14:17,158:INFO:Declaring metric variables
2026-03-05 14:14:17,158:INFO:Importing untrained model
2026-03-05 14:14:17,158:INFO:Ada Boost Classifier Imported successfully
2026-03-05 14:14:17,158:INFO:Starting cross validation
2026-03-05 14:14:17,159:INFO:Cross validating with StratifiedKFold(n_splits=5, random_state=None, shuffle=False), n_jobs=-1
2026-03-05 14:14:17,229:WARNING:/Users/xiaowang/Documents/Github/DataMind/backend/.venv/lib/python3.11/site-packages/sklearn/ensemble/_weight_boosting.py:519: FutureWarning: The SAMME.R algorithm (the default) is deprecated and will be removed in 1.6. Use the SAMME algorithm to circumvent this warning.
  warnings.warn(

2026-03-05 14:14:17,229:WARNING:/Users/xiaowang/Documents/Github/DataMind/backend/.venv/lib/python3.11/site-packages/sklearn/ensemble/_weight_boosting.py:519: FutureWarning: The SAMME.R algorithm (the default) is deprecated and will be removed in 1.6. Use the SAMME algorithm to circumvent this warning.
  warnings.warn(

2026-03-05 14:14:17,233:WARNING:/Users/xiaowang/Documents/Github/DataMind/backend/.venv/lib/python3.11/site-packages/sklearn/ensemble/_weight_boosting.py:519: FutureWarning: The SAMME.R algorithm (the default) is deprecated and will be removed in 1.6. Use the SAMME algorithm to circumvent this warning.
  warnings.warn(

2026-03-05 14:14:17,235:WARNING:/Users/xiaowang/Documents/Github/DataMind/backend/.venv/lib/python3.11/site-packages/sklearn/ensemble/_weight_boosting.py:519: FutureWarning: The SAMME.R algorithm (the default) is deprecated and will be removed in 1.6. Use the SAMME algorithm to circumvent this warning.
  warnings.warn(

2026-03-05 14:14:17,236:WARNING:/Users/xiaowang/Documents/Github/DataMind/backend/.venv/lib/python3.11/site-packages/sklearn/ensemble/_weight_boosting.py:519: FutureWarning: The SAMME.R algorithm (the default) is deprecated and will be removed in 1.6. Use the SAMME algorithm to circumvent this warning.
  warnings.warn(

2026-03-05 14:14:17,296:WARNING:/Users/xiaowang/Documents/Github/DataMind/backend/.venv/lib/python3.11/site-packages/sklearn/metrics/_classification.py:1561: UserWarning: Note that pos_label (set to 'Y') is ignored when average != 'binary' (got 'weighted'). You may use labels=[pos_label] to specify a single positive class.
  warnings.warn(

2026-03-05 14:14:17,297:WARNING:/Users/xiaowang/Documents/Github/DataMind/backend/.venv/lib/python3.11/site-packages/sklearn/metrics/_classification.py:1561: UserWarning: Note that pos_label (set to 'Y') is ignored when average != 'binary' (got 'weighted'). You may use labels=[pos_label] to specify a single positive class.
  warnings.warn(

2026-03-05 14:14:17,297:WARNING:/Users/xiaowang/Documents/Github/DataMind/backend/.venv/lib/python3.11/site-packages/sklearn/metrics/_classification.py:1561: UserWarning: Note that pos_label (set to 'Y') is ignored when average != 'binary' (got 'weighted'). You may use labels=[pos_label] to specify a single positive class.
  warnings.warn(

2026-03-05 14:14:17,298:WARNING:/Users/xiaowang/Documents/Github/DataMind/backend/.venv/lib/python3.11/site-packages/sklearn/metrics/_classification.py:1561: UserWarning: Note that pos_label (set to 'Y') is ignored when average != 'binary' (got 'weighted'). You may use labels=[pos_label] to specify a single positive class.
  warnings.warn(

2026-03-05 14:14:17,298:WARNING:/Users/xiaowang/Documents/Github/DataMind/backend/.venv/lib/python3.11/site-packages/sklearn/metrics/_classification.py:1561: UserWarning: Note that pos_label (set to 'Y') is ignored when average != 'binary' (got 'weighted'). You may use labels=[pos_label] to specify a single positive class.
  warnings.warn(

2026-03-05 14:14:17,298:WARNING:/Users/xiaowang/Documents/Github/DataMind/backend/.venv/lib/python3.11/site-packages/sklearn/metrics/_classification.py:1561: UserWarning: Note that pos_label (set to 'Y') is ignored when average != 'binary' (got 'weighted'). You may use labels=[pos_label] to specify a single positive class.
  warnings.warn(

2026-03-05 14:14:17,299:WARNING:/Users/xiaowang/Documents/Github/DataMind/backend/.venv/lib/python3.11/site-packages/sklearn/metrics/_classification.py:1561: UserWarning: Note that pos_label (set to 'Y') is ignored when average != 'binary' (got 'weighted'). You may use labels=[pos_label] to specify a single positive class.
  warnings.warn(

2026-03-05 14:14:17,299:WARNING:/Users/xiaowang/Documents/Github/DataMind/backend/.venv/lib/python3.11/site-packages/sklearn/metrics/_classification.py:1561: UserWarning: Note that pos_label (set to 'Y') is ignored when average != 'binary' (got 'weighted'). You may use labels=[pos_label] to specify a single positive class.
  warnings.warn(

2026-03-05 14:14:17,299:WARNING:/Users/xiaowang/Documents/Github/DataMind/backend/.venv/lib/python3.11/site-packages/sklearn/metrics/_classification.py:1561: UserWarning: Note that pos_label (set to 'Y') is ignored when average != 'binary' (got 'weighted'). You may use labels=[pos_label] to specify a single positive class.
  warnings.warn(

2026-03-05 14:14:17,300:WARNING:/Users/xiaowang/Documents/Github/DataMind/backend/.venv/lib/python3.11/site-packages/sklearn/metrics/_classification.py:1561: UserWarning: Note that pos_label (set to 'Y') is ignored when average != 'binary' (got 'weighted'). You may use labels=[pos_label] to specify a single positive class.
  warnings.warn(

2026-03-05 14:14:17,300:WARNING:/Users/xiaowang/Documents/Github/DataMind/backend/.venv/lib/python3.11/site-packages/sklearn/metrics/_classification.py:1561: UserWarning: Note that pos_label (set to 'Y') is ignored when average != 'binary' (got 'weighted'). You may use labels=[pos_label] to specify a single positive class.
  warnings.warn(

2026-03-05 14:14:17,300:WARNING:/Users/xiaowang/Documents/Github/DataMind/backend/.venv/lib/python3.11/site-packages/sklearn/metrics/_classification.py:1561: UserWarning: Note that pos_label (set to 'Y') is ignored when average != 'binary' (got 'weighted'). You may use labels=[pos_label] to specify a single positive class.
  warnings.warn(

2026-03-05 14:14:17,301:WARNING:/Users/xiaowang/Documents/Github/DataMind/backend/.venv/lib/python3.11/site-packages/sklearn/metrics/_classification.py:1561: UserWarning: Note that pos_label (set to 'Y') is ignored when average != 'binary' (got 'weighted'). You may use labels=[pos_label] to specify a single positive class.
  warnings.warn(

2026-03-05 14:14:17,301:WARNING:/Users/xiaowang/Documents/Github/DataMind/backend/.venv/lib/python3.11/site-packages/sklearn/metrics/_classification.py:1561: UserWarning: Note that pos_label (set to 'Y') is ignored when average != 'binary' (got 'weighted'). You may use labels=[pos_label] to specify a single positive class.
  warnings.warn(

2026-03-05 14:14:17,302:WARNING:/Users/xiaowang/Documents/Github/DataMind/backend/.venv/lib/python3.11/site-packages/sklearn/metrics/_classification.py:1561: UserWarning: Note that pos_label (set to 'Y') is ignored when average != 'binary' (got 'weighted'). You may use labels=[pos_label] to specify a single positive class.
  warnings.warn(

2026-03-05 14:14:17,310:INFO:Calculating mean and std
2026-03-05 14:14:17,310:INFO:Creating metrics dataframe
2026-03-05 14:14:17,311:INFO:Uploading results into container
2026-03-05 14:14:17,311:INFO:Uploading model into container now
2026-03-05 14:14:17,311:INFO:_master_model_container: 9
2026-03-05 14:14:17,311:INFO:_display_container: 2
2026-03-05 14:14:17,311:INFO:AdaBoostClassifier(algorithm='SAMME.R', estimator=None, learning_rate=1.0,
                   n_estimators=50, random_state=42)
2026-03-05 14:14:17,311:INFO:create_model() successfully completed......................................
2026-03-05 14:14:17,366:INFO:SubProcess create_model() end ==================================
2026-03-05 14:14:17,366:INFO:Creating metrics dataframe
2026-03-05 14:14:17,367:INFO:Initializing Gradient Boosting Classifier
2026-03-05 14:14:17,367:INFO:Total runtime is 0.12121760050455728 minutes
2026-03-05 14:14:17,367:INFO:SubProcess create_model() called ==================================
2026-03-05 14:14:17,367:INFO:Initializing create_model()
2026-03-05 14:14:17,367:INFO:create_model(self=<pycaret.classification.oop.ClassificationExperiment object at 0x16036f210>, estimator=gbc, fold=StratifiedKFold(n_splits=5, random_state=None, shuffle=False), round=4, cross_validation=True, predict=True, fit_kwargs={}, groups=None, refit=False, probability_threshold=None, experiment_custom_tags=None, verbose=False, system=False, add_to_model_list=True, metrics=None, display=<pycaret.internal.display.display.CommonDisplay object at 0x16061e950>, model_only=True, return_train_score=False, error_score=0.0, kwargs={})
2026-03-05 14:14:17,367:INFO:Checking exceptions
2026-03-05 14:14:17,367:INFO:Importing libraries
2026-03-05 14:14:17,367:INFO:Copying training dataset
2026-03-05 14:14:17,369:INFO:Defining folds
2026-03-05 14:14:17,369:INFO:Declaring metric variables
2026-03-05 14:14:17,369:INFO:Importing untrained model
2026-03-05 14:14:17,369:INFO:Gradient Boosting Classifier Imported successfully
2026-03-05 14:14:17,369:INFO:Starting cross validation
2026-03-05 14:14:17,370:INFO:Cross validating with StratifiedKFold(n_splits=5, random_state=None, shuffle=False), n_jobs=-1
2026-03-05 14:14:17,575:WARNING:/Users/xiaowang/Documents/Github/DataMind/backend/.venv/lib/python3.11/site-packages/sklearn/metrics/_classification.py:1561: UserWarning: Note that pos_label (set to 'Y') is ignored when average != 'binary' (got 'weighted'). You may use labels=[pos_label] to specify a single positive class.
  warnings.warn(

2026-03-05 14:14:17,576:WARNING:/Users/xiaowang/Documents/Github/DataMind/backend/.venv/lib/python3.11/site-packages/sklearn/metrics/_classification.py:1561: UserWarning: Note that pos_label (set to 'Y') is ignored when average != 'binary' (got 'weighted'). You may use labels=[pos_label] to specify a single positive class.
  warnings.warn(

2026-03-05 14:14:17,576:WARNING:/Users/xiaowang/Documents/Github/DataMind/backend/.venv/lib/python3.11/site-packages/sklearn/metrics/_classification.py:1561: UserWarning: Note that pos_label (set to 'Y') is ignored when average != 'binary' (got 'weighted'). You may use labels=[pos_label] to specify a single positive class.
  warnings.warn(

2026-03-05 14:14:17,576:WARNING:/Users/xiaowang/Documents/Github/DataMind/backend/.venv/lib/python3.11/site-packages/sklearn/metrics/_classification.py:1561: UserWarning: Note that pos_label (set to 'Y') is ignored when average != 'binary' (got 'weighted'). You may use labels=[pos_label] to specify a single positive class.
  warnings.warn(

2026-03-05 14:14:17,577:WARNING:/Users/xiaowang/Documents/Github/DataMind/backend/.venv/lib/python3.11/site-packages/sklearn/metrics/_classification.py:1561: UserWarning: Note that pos_label (set to 'Y') is ignored when average != 'binary' (got 'weighted'). You may use labels=[pos_label] to specify a single positive class.
  warnings.warn(

2026-03-05 14:14:17,577:WARNING:/Users/xiaowang/Documents/Github/DataMind/backend/.venv/lib/python3.11/site-packages/sklearn/metrics/_classification.py:1561: UserWarning: Note that pos_label (set to 'Y') is ignored when average != 'binary' (got 'weighted'). You may use labels=[pos_label] to specify a single positive class.
  warnings.warn(

2026-03-05 14:14:17,582:WARNING:/Users/xiaowang/Documents/Github/DataMind/backend/.venv/lib/python3.11/site-packages/sklearn/metrics/_classification.py:1561: UserWarning: Note that pos_label (set to 'Y') is ignored when average != 'binary' (got 'weighted'). You may use labels=[pos_label] to specify a single positive class.
  warnings.warn(

2026-03-05 14:14:17,583:WARNING:/Users/xiaowang/Documents/Github/DataMind/backend/.venv/lib/python3.11/site-packages/sklearn/metrics/_classification.py:1561: UserWarning: Note that pos_label (set to 'Y') is ignored when average != 'binary' (got 'weighted'). You may use labels=[pos_label] to specify a single positive class.
  warnings.warn(

2026-03-05 14:14:17,583:WARNING:/Users/xiaowang/Documents/Github/DataMind/backend/.venv/lib/python3.11/site-packages/sklearn/metrics/_classification.py:1561: UserWarning: Note that pos_label (set to 'Y') is ignored when average != 'binary' (got 'weighted'). You may use labels=[pos_label] to specify a single positive class.
  warnings.warn(

2026-03-05 14:14:17,585:WARNING:/Users/xiaowang/Documents/Github/DataMind/backend/.venv/lib/python3.11/site-packages/sklearn/metrics/_classification.py:1561: UserWarning: Note that pos_label (set to 'Y') is ignored when average != 'binary' (got 'weighted'). You may use labels=[pos_label] to specify a single positive class.
  warnings.warn(

2026-03-05 14:14:17,586:WARNING:/Users/xiaowang/Documents/Github/DataMind/backend/.venv/lib/python3.11/site-packages/sklearn/metrics/_classification.py:1561: UserWarning: Note that pos_label (set to 'Y') is ignored when average != 'binary' (got 'weighted'). You may use labels=[pos_label] to specify a single positive class.
  warnings.warn(

2026-03-05 14:14:17,587:WARNING:/Users/xiaowang/Documents/Github/DataMind/backend/.venv/lib/python3.11/site-packages/sklearn/metrics/_classification.py:1561: UserWarning: Note that pos_label (set to 'Y') is ignored when average != 'binary' (got 'weighted'). You may use labels=[pos_label] to specify a single positive class.
  warnings.warn(

2026-03-05 14:14:17,595:WARNING:/Users/xiaowang/Documents/Github/DataMind/backend/.venv/lib/python3.11/site-packages/sklearn/metrics/_classification.py:1561: UserWarning: Note that pos_label (set to 'Y') is ignored when average != 'binary' (got 'weighted'). You may use labels=[pos_label] to specify a single positive class.
  warnings.warn(

2026-03-05 14:14:17,596:WARNING:/Users/xiaowang/Documents/Github/DataMind/backend/.venv/lib/python3.11/site-packages/sklearn/metrics/_classification.py:1561: UserWarning: Note that pos_label (set to 'Y') is ignored when average != 'binary' (got 'weighted'). You may use labels=[pos_label] to specify a single positive class.
  warnings.warn(

2026-03-05 14:14:17,597:WARNING:/Users/xiaowang/Documents/Github/DataMind/backend/.venv/lib/python3.11/site-packages/sklearn/metrics/_classification.py:1561: UserWarning: Note that pos_label (set to 'Y') is ignored when average != 'binary' (got 'weighted'). You may use labels=[pos_label] to specify a single positive class.
  warnings.warn(

2026-03-05 14:14:17,608:INFO:Calculating mean and std
2026-03-05 14:14:17,609:INFO:Creating metrics dataframe
2026-03-05 14:14:17,609:INFO:Uploading results into container
2026-03-05 14:14:17,609:INFO:Uploading model into container now
2026-03-05 14:14:17,610:INFO:_master_model_container: 10
2026-03-05 14:14:17,610:INFO:_display_container: 2
2026-03-05 14:14:17,610:INFO:GradientBoostingClassifier(ccp_alpha=0.0, criterion='friedman_mse', init=None,
                           learning_rate=0.1, loss='log_loss', max_depth=3,
                           max_features=None, max_leaf_nodes=None,
                           min_impurity_decrease=0.0, min_samples_leaf=1,
                           min_samples_split=2, min_weight_fraction_leaf=0.0,
                           n_estimators=100, n_iter_no_change=None,
                           random_state=42, subsample=1.0, tol=0.0001,
                           validation_fraction=0.1, verbose=0,
                           warm_start=False)
2026-03-05 14:14:17,610:INFO:create_model() successfully completed......................................
2026-03-05 14:14:17,666:INFO:SubProcess create_model() end ==================================
2026-03-05 14:14:17,666:INFO:Creating metrics dataframe
2026-03-05 14:14:17,667:INFO:Initializing Linear Discriminant Analysis
2026-03-05 14:14:17,667:INFO:Total runtime is 0.1262223203976949 minutes
2026-03-05 14:14:17,667:INFO:SubProcess create_model() called ==================================
2026-03-05 14:14:17,667:INFO:Initializing create_model()
2026-03-05 14:14:17,667:INFO:create_model(self=<pycaret.classification.oop.ClassificationExperiment object at 0x16036f210>, estimator=lda, fold=StratifiedKFold(n_splits=5, random_state=None, shuffle=False), round=4, cross_validation=True, predict=True, fit_kwargs={}, groups=None, refit=False, probability_threshold=None, experiment_custom_tags=None, verbose=False, system=False, add_to_model_list=True, metrics=None, display=<pycaret.internal.display.display.CommonDisplay object at 0x16061e950>, model_only=True, return_train_score=False, error_score=0.0, kwargs={})
2026-03-05 14:14:17,667:INFO:Checking exceptions
2026-03-05 14:14:17,667:INFO:Importing libraries
2026-03-05 14:14:17,667:INFO:Copying training dataset
2026-03-05 14:14:17,670:INFO:Defining folds
2026-03-05 14:14:17,670:INFO:Declaring metric variables
2026-03-05 14:14:17,670:INFO:Importing untrained model
2026-03-05 14:14:17,670:INFO:Linear Discriminant Analysis Imported successfully
2026-03-05 14:14:17,670:INFO:Starting cross validation
2026-03-05 14:14:17,671:INFO:Cross validating with StratifiedKFold(n_splits=5, random_state=None, shuffle=False), n_jobs=-1
2026-03-05 14:14:17,762:WARNING:/Users/xiaowang/Documents/Github/DataMind/backend/.venv/lib/python3.11/site-packages/sklearn/metrics/_classification.py:1561: UserWarning: Note that pos_label (set to 'Y') is ignored when average != 'binary' (got 'weighted'). You may use labels=[pos_label] to specify a single positive class.
  warnings.warn(

2026-03-05 14:14:17,763:WARNING:/Users/xiaowang/Documents/Github/DataMind/backend/.venv/lib/python3.11/site-packages/sklearn/metrics/_classification.py:1561: UserWarning: Note that pos_label (set to 'Y') is ignored when average != 'binary' (got 'weighted'). You may use labels=[pos_label] to specify a single positive class.
  warnings.warn(

2026-03-05 14:14:17,764:WARNING:/Users/xiaowang/Documents/Github/DataMind/backend/.venv/lib/python3.11/site-packages/sklearn/metrics/_classification.py:1561: UserWarning: Note that pos_label (set to 'Y') is ignored when average != 'binary' (got 'weighted'). You may use labels=[pos_label] to specify a single positive class.
  warnings.warn(

2026-03-05 14:14:17,764:WARNING:/Users/xiaowang/Documents/Github/DataMind/backend/.venv/lib/python3.11/site-packages/sklearn/metrics/_classification.py:1561: UserWarning: Note that pos_label (set to 'Y') is ignored when average != 'binary' (got 'weighted'). You may use labels=[pos_label] to specify a single positive class.
  warnings.warn(

2026-03-05 14:14:17,765:WARNING:/Users/xiaowang/Documents/Github/DataMind/backend/.venv/lib/python3.11/site-packages/sklearn/metrics/_classification.py:1561: UserWarning: Note that pos_label (set to 'Y') is ignored when average != 'binary' (got 'weighted'). You may use labels=[pos_label] to specify a single positive class.
  warnings.warn(

2026-03-05 14:14:17,765:WARNING:/Users/xiaowang/Documents/Github/DataMind/backend/.venv/lib/python3.11/site-packages/sklearn/metrics/_classification.py:1561: UserWarning: Note that pos_label (set to 'Y') is ignored when average != 'binary' (got 'weighted'). You may use labels=[pos_label] to specify a single positive class.
  warnings.warn(

2026-03-05 14:14:17,766:WARNING:/Users/xiaowang/Documents/Github/DataMind/backend/.venv/lib/python3.11/site-packages/sklearn/metrics/_classification.py:1561: UserWarning: Note that pos_label (set to 'Y') is ignored when average != 'binary' (got 'weighted'). You may use labels=[pos_label] to specify a single positive class.
  warnings.warn(

2026-03-05 14:14:17,766:WARNING:/Users/xiaowang/Documents/Github/DataMind/backend/.venv/lib/python3.11/site-packages/sklearn/metrics/_classification.py:1561: UserWarning: Note that pos_label (set to 'Y') is ignored when average != 'binary' (got 'weighted'). You may use labels=[pos_label] to specify a single positive class.
  warnings.warn(

2026-03-05 14:14:17,767:WARNING:/Users/xiaowang/Documents/Github/DataMind/backend/.venv/lib/python3.11/site-packages/sklearn/metrics/_classification.py:1561: UserWarning: Note that pos_label (set to 'Y') is ignored when average != 'binary' (got 'weighted'). You may use labels=[pos_label] to specify a single positive class.
  warnings.warn(

2026-03-05 14:14:17,774:WARNING:/Users/xiaowang/Documents/Github/DataMind/backend/.venv/lib/python3.11/site-packages/sklearn/metrics/_classification.py:1561: UserWarning: Note that pos_label (set to 'Y') is ignored when average != 'binary' (got 'weighted'). You may use labels=[pos_label] to specify a single positive class.
  warnings.warn(

2026-03-05 14:14:17,774:WARNING:/Users/xiaowang/Documents/Github/DataMind/backend/.venv/lib/python3.11/site-packages/sklearn/metrics/_classification.py:1561: UserWarning: Note that pos_label (set to 'Y') is ignored when average != 'binary' (got 'weighted'). You may use labels=[pos_label] to specify a single positive class.
  warnings.warn(

2026-03-05 14:14:17,774:WARNING:/Users/xiaowang/Documents/Github/DataMind/backend/.venv/lib/python3.11/site-packages/sklearn/metrics/_classification.py:1561: UserWarning: Note that pos_label (set to 'Y') is ignored when average != 'binary' (got 'weighted'). You may use labels=[pos_label] to specify a single positive class.
  warnings.warn(

2026-03-05 14:14:17,775:WARNING:/Users/xiaowang/Documents/Github/DataMind/backend/.venv/lib/python3.11/site-packages/sklearn/metrics/_classification.py:1561: UserWarning: Note that pos_label (set to 'Y') is ignored when average != 'binary' (got 'weighted'). You may use labels=[pos_label] to specify a single positive class.
  warnings.warn(

2026-03-05 14:14:17,775:WARNING:/Users/xiaowang/Documents/Github/DataMind/backend/.venv/lib/python3.11/site-packages/sklearn/metrics/_classification.py:1561: UserWarning: Note that pos_label (set to 'Y') is ignored when average != 'binary' (got 'weighted'). You may use labels=[pos_label] to specify a single positive class.
  warnings.warn(

2026-03-05 14:14:17,775:WARNING:/Users/xiaowang/Documents/Github/DataMind/backend/.venv/lib/python3.11/site-packages/sklearn/metrics/_classification.py:1561: UserWarning: Note that pos_label (set to 'Y') is ignored when average != 'binary' (got 'weighted'). You may use labels=[pos_label] to specify a single positive class.
  warnings.warn(

2026-03-05 14:14:17,785:INFO:Calculating mean and std
2026-03-05 14:14:17,785:INFO:Creating metrics dataframe
2026-03-05 14:14:17,786:INFO:Uploading results into container
2026-03-05 14:14:17,786:INFO:Uploading model into container now
2026-03-05 14:14:17,786:INFO:_master_model_container: 11
2026-03-05 14:14:17,786:INFO:_display_container: 2
2026-03-05 14:14:17,786:INFO:LinearDiscriminantAnalysis(covariance_estimator=None, n_components=None,
                           priors=None, shrinkage=None, solver='svd',
                           store_covariance=False, tol=0.0001)
2026-03-05 14:14:17,786:INFO:create_model() successfully completed......................................
2026-03-05 14:14:17,842:INFO:SubProcess create_model() end ==================================
2026-03-05 14:14:17,842:INFO:Creating metrics dataframe
2026-03-05 14:14:17,843:INFO:Initializing Extra Trees Classifier
2026-03-05 14:14:17,843:INFO:Total runtime is 0.12915088733037314 minutes
2026-03-05 14:14:17,843:INFO:SubProcess create_model() called ==================================
2026-03-05 14:14:17,843:INFO:Initializing create_model()
2026-03-05 14:14:17,843:INFO:create_model(self=<pycaret.classification.oop.ClassificationExperiment object at 0x16036f210>, estimator=et, fold=StratifiedKFold(n_splits=5, random_state=None, shuffle=False), round=4, cross_validation=True, predict=True, fit_kwargs={}, groups=None, refit=False, probability_threshold=None, experiment_custom_tags=None, verbose=False, system=False, add_to_model_list=True, metrics=None, display=<pycaret.internal.display.display.CommonDisplay object at 0x16061e950>, model_only=True, return_train_score=False, error_score=0.0, kwargs={})
2026-03-05 14:14:17,843:INFO:Checking exceptions
2026-03-05 14:14:17,843:INFO:Importing libraries
2026-03-05 14:14:17,843:INFO:Copying training dataset
2026-03-05 14:14:17,844:INFO:Defining folds
2026-03-05 14:14:17,844:INFO:Declaring metric variables
2026-03-05 14:14:17,844:INFO:Importing untrained model
2026-03-05 14:14:17,845:INFO:Extra Trees Classifier Imported successfully
2026-03-05 14:14:17,845:INFO:Starting cross validation
2026-03-05 14:14:17,845:INFO:Cross validating with StratifiedKFold(n_splits=5, random_state=None, shuffle=False), n_jobs=-1
2026-03-05 14:14:18,031:WARNING:/Users/xiaowang/Documents/Github/DataMind/backend/.venv/lib/python3.11/site-packages/sklearn/metrics/_classification.py:1561: UserWarning: Note that pos_label (set to 'Y') is ignored when average != 'binary' (got 'weighted'). You may use labels=[pos_label] to specify a single positive class.
  warnings.warn(

2026-03-05 14:14:18,032:WARNING:/Users/xiaowang/Documents/Github/DataMind/backend/.venv/lib/python3.11/site-packages/sklearn/metrics/_classification.py:1561: UserWarning: Note that pos_label (set to 'Y') is ignored when average != 'binary' (got 'weighted'). You may use labels=[pos_label] to specify a single positive class.
  warnings.warn(

2026-03-05 14:14:18,034:WARNING:/Users/xiaowang/Documents/Github/DataMind/backend/.venv/lib/python3.11/site-packages/sklearn/metrics/_classification.py:1561: UserWarning: Note that pos_label (set to 'Y') is ignored when average != 'binary' (got 'weighted'). You may use labels=[pos_label] to specify a single positive class.
  warnings.warn(

2026-03-05 14:14:18,036:WARNING:/Users/xiaowang/Documents/Github/DataMind/backend/.venv/lib/python3.11/site-packages/sklearn/metrics/_classification.py:1561: UserWarning: Note that pos_label (set to 'Y') is ignored when average != 'binary' (got 'weighted'). You may use labels=[pos_label] to specify a single positive class.
  warnings.warn(

2026-03-05 14:14:18,036:WARNING:/Users/xiaowang/Documents/Github/DataMind/backend/.venv/lib/python3.11/site-packages/sklearn/metrics/_classification.py:1561: UserWarning: Note that pos_label (set to 'Y') is ignored when average != 'binary' (got 'weighted'). You may use labels=[pos_label] to specify a single positive class.
  warnings.warn(

2026-03-05 14:14:18,037:WARNING:/Users/xiaowang/Documents/Github/DataMind/backend/.venv/lib/python3.11/site-packages/sklearn/metrics/_classification.py:1561: UserWarning: Note that pos_label (set to 'Y') is ignored when average != 'binary' (got 'weighted'). You may use labels=[pos_label] to specify a single positive class.
  warnings.warn(

2026-03-05 14:14:18,037:WARNING:/Users/xiaowang/Documents/Github/DataMind/backend/.venv/lib/python3.11/site-packages/sklearn/metrics/_classification.py:1561: UserWarning: Note that pos_label (set to 'Y') is ignored when average != 'binary' (got 'weighted'). You may use labels=[pos_label] to specify a single positive class.
  warnings.warn(

2026-03-05 14:14:18,038:WARNING:/Users/xiaowang/Documents/Github/DataMind/backend/.venv/lib/python3.11/site-packages/sklearn/metrics/_classification.py:1561: UserWarning: Note that pos_label (set to 'Y') is ignored when average != 'binary' (got 'weighted'). You may use labels=[pos_label] to specify a single positive class.
  warnings.warn(

2026-03-05 14:14:18,038:WARNING:/Users/xiaowang/Documents/Github/DataMind/backend/.venv/lib/python3.11/site-packages/sklearn/metrics/_classification.py:1561: UserWarning: Note that pos_label (set to 'Y') is ignored when average != 'binary' (got 'weighted'). You may use labels=[pos_label] to specify a single positive class.
  warnings.warn(

2026-03-05 14:14:18,043:WARNING:/Users/xiaowang/Documents/Github/DataMind/backend/.venv/lib/python3.11/site-packages/sklearn/metrics/_classification.py:1561: UserWarning: Note that pos_label (set to 'Y') is ignored when average != 'binary' (got 'weighted'). You may use labels=[pos_label] to specify a single positive class.
  warnings.warn(

2026-03-05 14:14:18,044:WARNING:/Users/xiaowang/Documents/Github/DataMind/backend/.venv/lib/python3.11/site-packages/sklearn/metrics/_classification.py:1561: UserWarning: Note that pos_label (set to 'Y') is ignored when average != 'binary' (got 'weighted'). You may use labels=[pos_label] to specify a single positive class.
  warnings.warn(

2026-03-05 14:14:18,044:WARNING:/Users/xiaowang/Documents/Github/DataMind/backend/.venv/lib/python3.11/site-packages/sklearn/metrics/_classification.py:1561: UserWarning: Note that pos_label (set to 'Y') is ignored when average != 'binary' (got 'weighted'). You may use labels=[pos_label] to specify a single positive class.
  warnings.warn(

2026-03-05 14:14:18,045:WARNING:/Users/xiaowang/Documents/Github/DataMind/backend/.venv/lib/python3.11/site-packages/sklearn/metrics/_classification.py:1561: UserWarning: Note that pos_label (set to 'Y') is ignored when average != 'binary' (got 'weighted'). You may use labels=[pos_label] to specify a single positive class.
  warnings.warn(

2026-03-05 14:14:18,045:WARNING:/Users/xiaowang/Documents/Github/DataMind/backend/.venv/lib/python3.11/site-packages/sklearn/metrics/_classification.py:1561: UserWarning: Note that pos_label (set to 'Y') is ignored when average != 'binary' (got 'weighted'). You may use labels=[pos_label] to specify a single positive class.
  warnings.warn(

2026-03-05 14:14:18,046:WARNING:/Users/xiaowang/Documents/Github/DataMind/backend/.venv/lib/python3.11/site-packages/sklearn/metrics/_classification.py:1561: UserWarning: Note that pos_label (set to 'Y') is ignored when average != 'binary' (got 'weighted'). You may use labels=[pos_label] to specify a single positive class.
  warnings.warn(

2026-03-05 14:14:18,058:INFO:Calculating mean and std
2026-03-05 14:14:18,059:INFO:Creating metrics dataframe
2026-03-05 14:14:18,059:INFO:Uploading results into container
2026-03-05 14:14:18,059:INFO:Uploading model into container now
2026-03-05 14:14:18,060:INFO:_master_model_container: 12
2026-03-05 14:14:18,060:INFO:_display_container: 2
2026-03-05 14:14:18,060:INFO:ExtraTreesClassifier(bootstrap=False, ccp_alpha=0.0, class_weight=None,
                     criterion='gini', max_depth=None, max_features='sqrt',
                     max_leaf_nodes=None, max_samples=None,
                     min_impurity_decrease=0.0, min_samples_leaf=1,
                     min_samples_split=2, min_weight_fraction_leaf=0.0,
                     monotonic_cst=None, n_estimators=100, n_jobs=-1,
                     oob_score=False, random_state=42, verbose=0,
                     warm_start=False)
2026-03-05 14:14:18,060:INFO:create_model() successfully completed......................................
2026-03-05 14:14:18,115:INFO:SubProcess create_model() end ==================================
2026-03-05 14:14:18,115:INFO:Creating metrics dataframe
2026-03-05 14:14:18,116:INFO:Initializing Dummy Classifier
2026-03-05 14:14:18,116:INFO:Total runtime is 0.13370570341746013 minutes
2026-03-05 14:14:18,116:INFO:SubProcess create_model() called ==================================
2026-03-05 14:14:18,116:INFO:Initializing create_model()
2026-03-05 14:14:18,116:INFO:create_model(self=<pycaret.classification.oop.ClassificationExperiment object at 0x16036f210>, estimator=dummy, fold=StratifiedKFold(n_splits=5, random_state=None, shuffle=False), round=4, cross_validation=True, predict=True, fit_kwargs={}, groups=None, refit=False, probability_threshold=None, experiment_custom_tags=None, verbose=False, system=False, add_to_model_list=True, metrics=None, display=<pycaret.internal.display.display.CommonDisplay object at 0x16061e950>, model_only=True, return_train_score=False, error_score=0.0, kwargs={})
2026-03-05 14:14:18,116:INFO:Checking exceptions
2026-03-05 14:14:18,116:INFO:Importing libraries
2026-03-05 14:14:18,116:INFO:Copying training dataset
2026-03-05 14:14:18,118:INFO:Defining folds
2026-03-05 14:14:18,118:INFO:Declaring metric variables
2026-03-05 14:14:18,118:INFO:Importing untrained model
2026-03-05 14:14:18,118:INFO:Dummy Classifier Imported successfully
2026-03-05 14:14:18,118:INFO:Starting cross validation
2026-03-05 14:14:18,119:INFO:Cross validating with StratifiedKFold(n_splits=5, random_state=None, shuffle=False), n_jobs=-1
2026-03-05 14:14:18,205:WARNING:/Users/xiaowang/Documents/Github/DataMind/backend/.venv/lib/python3.11/site-packages/sklearn/metrics/_classification.py:1561: UserWarning: Note that pos_label (set to 'Y') is ignored when average != 'binary' (got 'weighted'). You may use labels=[pos_label] to specify a single positive class.
  warnings.warn(

2026-03-05 14:14:18,206:WARNING:/Users/xiaowang/Documents/Github/DataMind/backend/.venv/lib/python3.11/site-packages/sklearn/metrics/_classification.py:1561: UserWarning: Note that pos_label (set to 'Y') is ignored when average != 'binary' (got 'weighted'). You may use labels=[pos_label] to specify a single positive class.
  warnings.warn(

2026-03-05 14:14:18,207:WARNING:/Users/xiaowang/Documents/Github/DataMind/backend/.venv/lib/python3.11/site-packages/sklearn/metrics/_classification.py:1561: UserWarning: Note that pos_label (set to 'Y') is ignored when average != 'binary' (got 'weighted'). You may use labels=[pos_label] to specify a single positive class.
  warnings.warn(

2026-03-05 14:14:18,207:WARNING:/Users/xiaowang/Documents/Github/DataMind/backend/.venv/lib/python3.11/site-packages/sklearn/metrics/_classification.py:1509: UndefinedMetricWarning: Precision is ill-defined and being set to 0.0 in labels with no predicted samples. Use `zero_division` parameter to control this behavior.
  _warn_prf(average, modifier, f"{metric.capitalize()} is", len(result))

2026-03-05 14:14:18,207:WARNING:/Users/xiaowang/Documents/Github/DataMind/backend/.venv/lib/python3.11/site-packages/sklearn/metrics/_classification.py:1561: UserWarning: Note that pos_label (set to 'Y') is ignored when average != 'binary' (got 'weighted'). You may use labels=[pos_label] to specify a single positive class.
  warnings.warn(

2026-03-05 14:14:18,207:WARNING:/Users/xiaowang/Documents/Github/DataMind/backend/.venv/lib/python3.11/site-packages/sklearn/metrics/_classification.py:1561: UserWarning: Note that pos_label (set to 'Y') is ignored when average != 'binary' (got 'weighted'). You may use labels=[pos_label] to specify a single positive class.
  warnings.warn(

2026-03-05 14:14:18,208:WARNING:/Users/xiaowang/Documents/Github/DataMind/backend/.venv/lib/python3.11/site-packages/sklearn/metrics/_classification.py:1509: UndefinedMetricWarning: Precision is ill-defined and being set to 0.0 in labels with no predicted samples. Use `zero_division` parameter to control this behavior.
  _warn_prf(average, modifier, f"{metric.capitalize()} is", len(result))

2026-03-05 14:14:18,208:WARNING:/Users/xiaowang/Documents/Github/DataMind/backend/.venv/lib/python3.11/site-packages/sklearn/metrics/_classification.py:1561: UserWarning: Note that pos_label (set to 'Y') is ignored when average != 'binary' (got 'weighted'). You may use labels=[pos_label] to specify a single positive class.
  warnings.warn(

2026-03-05 14:14:18,210:WARNING:/Users/xiaowang/Documents/Github/DataMind/backend/.venv/lib/python3.11/site-packages/sklearn/metrics/_classification.py:1561: UserWarning: Note that pos_label (set to 'Y') is ignored when average != 'binary' (got 'weighted'). You may use labels=[pos_label] to specify a single positive class.
  warnings.warn(

2026-03-05 14:14:18,211:WARNING:/Users/xiaowang/Documents/Github/DataMind/backend/.venv/lib/python3.11/site-packages/sklearn/metrics/_classification.py:1561: UserWarning: Note that pos_label (set to 'Y') is ignored when average != 'binary' (got 'weighted'). You may use labels=[pos_label] to specify a single positive class.
  warnings.warn(

2026-03-05 14:14:18,211:WARNING:/Users/xiaowang/Documents/Github/DataMind/backend/.venv/lib/python3.11/site-packages/sklearn/metrics/_classification.py:1561: UserWarning: Note that pos_label (set to 'Y') is ignored when average != 'binary' (got 'weighted'). You may use labels=[pos_label] to specify a single positive class.
  warnings.warn(

2026-03-05 14:14:18,211:WARNING:/Users/xiaowang/Documents/Github/DataMind/backend/.venv/lib/python3.11/site-packages/sklearn/metrics/_classification.py:1509: UndefinedMetricWarning: Precision is ill-defined and being set to 0.0 in labels with no predicted samples. Use `zero_division` parameter to control this behavior.
  _warn_prf(average, modifier, f"{metric.capitalize()} is", len(result))

2026-03-05 14:14:18,212:WARNING:/Users/xiaowang/Documents/Github/DataMind/backend/.venv/lib/python3.11/site-packages/sklearn/metrics/_classification.py:1561: UserWarning: Note that pos_label (set to 'Y') is ignored when average != 'binary' (got 'weighted'). You may use labels=[pos_label] to specify a single positive class.
  warnings.warn(

2026-03-05 14:14:18,212:WARNING:/Users/xiaowang/Documents/Github/DataMind/backend/.venv/lib/python3.11/site-packages/sklearn/metrics/_classification.py:1561: UserWarning: Note that pos_label (set to 'Y') is ignored when average != 'binary' (got 'weighted'). You may use labels=[pos_label] to specify a single positive class.
  warnings.warn(

2026-03-05 14:14:18,212:WARNING:/Users/xiaowang/Documents/Github/DataMind/backend/.venv/lib/python3.11/site-packages/sklearn/metrics/_classification.py:1509: UndefinedMetricWarning: Precision is ill-defined and being set to 0.0 in labels with no predicted samples. Use `zero_division` parameter to control this behavior.
  _warn_prf(average, modifier, f"{metric.capitalize()} is", len(result))

2026-03-05 14:14:18,213:WARNING:/Users/xiaowang/Documents/Github/DataMind/backend/.venv/lib/python3.11/site-packages/sklearn/metrics/_classification.py:1561: UserWarning: Note that pos_label (set to 'Y') is ignored when average != 'binary' (got 'weighted'). You may use labels=[pos_label] to specify a single positive class.
  warnings.warn(

2026-03-05 14:14:18,218:WARNING:/Users/xiaowang/Documents/Github/DataMind/backend/.venv/lib/python3.11/site-packages/sklearn/metrics/_classification.py:1561: UserWarning: Note that pos_label (set to 'Y') is ignored when average != 'binary' (got 'weighted'). You may use labels=[pos_label] to specify a single positive class.
  warnings.warn(

2026-03-05 14:14:18,219:WARNING:/Users/xiaowang/Documents/Github/DataMind/backend/.venv/lib/python3.11/site-packages/sklearn/metrics/_classification.py:1561: UserWarning: Note that pos_label (set to 'Y') is ignored when average != 'binary' (got 'weighted'). You may use labels=[pos_label] to specify a single positive class.
  warnings.warn(

2026-03-05 14:14:18,219:WARNING:/Users/xiaowang/Documents/Github/DataMind/backend/.venv/lib/python3.11/site-packages/sklearn/metrics/_classification.py:1509: UndefinedMetricWarning: Precision is ill-defined and being set to 0.0 in labels with no predicted samples. Use `zero_division` parameter to control this behavior.
  _warn_prf(average, modifier, f"{metric.capitalize()} is", len(result))

2026-03-05 14:14:18,220:WARNING:/Users/xiaowang/Documents/Github/DataMind/backend/.venv/lib/python3.11/site-packages/sklearn/metrics/_classification.py:1561: UserWarning: Note that pos_label (set to 'Y') is ignored when average != 'binary' (got 'weighted'). You may use labels=[pos_label] to specify a single positive class.
  warnings.warn(

2026-03-05 14:14:18,227:INFO:Calculating mean and std
2026-03-05 14:14:18,227:INFO:Creating metrics dataframe
2026-03-05 14:14:18,228:INFO:Uploading results into container
2026-03-05 14:14:18,228:INFO:Uploading model into container now
2026-03-05 14:14:18,228:INFO:_master_model_container: 13
2026-03-05 14:14:18,228:INFO:_display_container: 2
2026-03-05 14:14:18,228:INFO:DummyClassifier(constant=None, random_state=42, strategy='prior')
2026-03-05 14:14:18,228:INFO:create_model() successfully completed......................................
2026-03-05 14:14:18,283:INFO:SubProcess create_model() end ==================================
2026-03-05 14:14:18,283:INFO:Creating metrics dataframe
2026-03-05 14:14:18,286:WARNING:/Users/xiaowang/Documents/Github/DataMind/backend/.venv/lib/python3.11/site-packages/pycaret/internal/pycaret_experiment/supervised_experiment.py:339: FutureWarning: Styler.applymap has been deprecated. Use Styler.map instead.
  .applymap(highlight_cols, subset=["TT (Sec)"])

2026-03-05 14:14:18,287:INFO:Initializing create_model()
2026-03-05 14:14:18,287:INFO:create_model(self=<pycaret.classification.oop.ClassificationExperiment object at 0x16036f210>, estimator=RandomForestClassifier(bootstrap=True, ccp_alpha=0.0, class_weight=None,
                       criterion='gini', max_depth=None, max_features='sqrt',
                       max_leaf_nodes=None, max_samples=None,
                       min_impurity_decrease=0.0, min_samples_leaf=1,
                       min_samples_split=2, min_weight_fraction_leaf=0.0,
                       monotonic_cst=None, n_estimators=100, n_jobs=-1,
                       oob_score=False, random_state=42, verbose=0,
                       warm_start=False), fold=StratifiedKFold(n_splits=5, random_state=None, shuffle=False), round=4, cross_validation=False, predict=False, fit_kwargs={}, groups=None, refit=True, probability_threshold=None, experiment_custom_tags=None, verbose=False, system=False, add_to_model_list=True, metrics=None, display=None, model_only=True, return_train_score=False, error_score=0.0, kwargs={})
2026-03-05 14:14:18,287:INFO:Checking exceptions
2026-03-05 14:14:18,287:INFO:Importing libraries
2026-03-05 14:14:18,287:INFO:Copying training dataset
2026-03-05 14:14:18,289:INFO:Defining folds
2026-03-05 14:14:18,289:INFO:Declaring metric variables
2026-03-05 14:14:18,289:INFO:Importing untrained model
2026-03-05 14:14:18,289:INFO:Declaring custom model
2026-03-05 14:14:18,289:INFO:Random Forest Classifier Imported successfully
2026-03-05 14:14:18,290:INFO:Cross validation set to False
2026-03-05 14:14:18,290:INFO:Fitting Model
2026-03-05 14:14:18,565:INFO:RandomForestClassifier(bootstrap=True, ccp_alpha=0.0, class_weight=None,
                       criterion='gini', max_depth=None, max_features='sqrt',
                       max_leaf_nodes=None, max_samples=None,
                       min_impurity_decrease=0.0, min_samples_leaf=1,
                       min_samples_split=2, min_weight_fraction_leaf=0.0,
                       monotonic_cst=None, n_estimators=100, n_jobs=-1,
                       oob_score=False, random_state=42, verbose=0,
                       warm_start=False)
2026-03-05 14:14:18,566:INFO:create_model() successfully completed......................................
2026-03-05 14:14:18,648:INFO:_master_model_container: 13
2026-03-05 14:14:18,648:INFO:_display_container: 2
2026-03-05 14:14:18,648:INFO:RandomForestClassifier(bootstrap=True, ccp_alpha=0.0, class_weight=None,
                       criterion='gini', max_depth=None, max_features='sqrt',
                       max_leaf_nodes=None, max_samples=None,
                       min_impurity_decrease=0.0, min_samples_leaf=1,
                       min_samples_split=2, min_weight_fraction_leaf=0.0,
                       monotonic_cst=None, n_estimators=100, n_jobs=-1,
                       oob_score=False, random_state=42, verbose=0,
                       warm_start=False)
2026-03-05 14:14:18,648:INFO:compare_models() successfully completed......................................
2026-03-05 14:14:18,650:INFO:gpu_param set to False
2026-03-05 14:14:18,671:WARNING:
'xgboost' is a soft dependency and not included in the pycaret installation. Please run: `pip install xgboost` to install.
Alternately, you can install this by running `pip install pycaret[models]`
2026-03-05 14:14:18,672:WARNING:
'catboost' is a soft dependency and not included in the pycaret installation. Please run: `pip install catboost` to install.
Alternately, you can install this by running `pip install pycaret[models]`
2026-03-05 14:14:18,693:WARNING:
'xgboost' is a soft dependency and not included in the pycaret installation. Please run: `pip install xgboost` to install.
Alternately, you can install this by running `pip install pycaret[models]`
2026-03-05 14:14:18,693:WARNING:
'catboost' is a soft dependency and not included in the pycaret installation. Please run: `pip install catboost` to install.
Alternately, you can install this by running `pip install pycaret[models]`
2026-03-05 14:14:18,694:INFO:Initializing create_model()
2026-03-05 14:14:18,694:INFO:create_model(self=<pycaret.classification.oop.ClassificationExperiment object at 0x16036f210>, estimator=lr, fold=5, round=4, cross_validation=True, predict=True, fit_kwargs=None, groups=None, refit=True, probability_threshold=None, experiment_custom_tags=None, verbose=True, system=True, add_to_model_list=True, metrics=None, display=None, model_only=True, return_train_score=False, error_score=0.0, kwargs={})
2026-03-05 14:14:18,694:INFO:Checking exceptions
2026-03-05 14:14:18,694:INFO:Importing libraries
2026-03-05 14:14:18,694:INFO:Copying training dataset
2026-03-05 14:14:18,696:INFO:Defining folds
2026-03-05 14:14:18,696:INFO:Declaring metric variables
2026-03-05 14:14:18,696:INFO:Importing untrained model
2026-03-05 14:14:18,696:INFO:Logistic Regression Imported successfully
2026-03-05 14:14:18,696:INFO:Starting cross validation
2026-03-05 14:14:18,697:INFO:Cross validating with StratifiedKFold(n_splits=5, random_state=None, shuffle=False), n_jobs=-1
2026-03-05 14:14:18,783:WARNING:/Users/xiaowang/Documents/Github/DataMind/backend/.venv/lib/python3.11/site-packages/sklearn/metrics/_classification.py:1561: UserWarning: Note that pos_label (set to 'Y') is ignored when average != 'binary' (got 'weighted'). You may use labels=[pos_label] to specify a single positive class.
  warnings.warn(

2026-03-05 14:14:18,784:WARNING:/Users/xiaowang/Documents/Github/DataMind/backend/.venv/lib/python3.11/site-packages/sklearn/metrics/_classification.py:1561: UserWarning: Note that pos_label (set to 'Y') is ignored when average != 'binary' (got 'weighted'). You may use labels=[pos_label] to specify a single positive class.
  warnings.warn(

2026-03-05 14:14:18,785:WARNING:/Users/xiaowang/Documents/Github/DataMind/backend/.venv/lib/python3.11/site-packages/sklearn/metrics/_classification.py:1561: UserWarning: Note that pos_label (set to 'Y') is ignored when average != 'binary' (got 'weighted'). You may use labels=[pos_label] to specify a single positive class.
  warnings.warn(

2026-03-05 14:14:18,788:WARNING:/Users/xiaowang/Documents/Github/DataMind/backend/.venv/lib/python3.11/site-packages/sklearn/metrics/_classification.py:1561: UserWarning: Note that pos_label (set to 'Y') is ignored when average != 'binary' (got 'weighted'). You may use labels=[pos_label] to specify a single positive class.
  warnings.warn(

2026-03-05 14:14:18,789:WARNING:/Users/xiaowang/Documents/Github/DataMind/backend/.venv/lib/python3.11/site-packages/sklearn/metrics/_classification.py:1561: UserWarning: Note that pos_label (set to 'Y') is ignored when average != 'binary' (got 'weighted'). You may use labels=[pos_label] to specify a single positive class.
  warnings.warn(

2026-03-05 14:14:18,790:WARNING:/Users/xiaowang/Documents/Github/DataMind/backend/.venv/lib/python3.11/site-packages/sklearn/metrics/_classification.py:1561: UserWarning: Note that pos_label (set to 'Y') is ignored when average != 'binary' (got 'weighted'). You may use labels=[pos_label] to specify a single positive class.
  warnings.warn(

2026-03-05 14:14:18,795:WARNING:/Users/xiaowang/Documents/Github/DataMind/backend/.venv/lib/python3.11/site-packages/sklearn/metrics/_classification.py:1561: UserWarning: Note that pos_label (set to 'Y') is ignored when average != 'binary' (got 'weighted'). You may use labels=[pos_label] to specify a single positive class.
  warnings.warn(

2026-03-05 14:14:18,796:WARNING:/Users/xiaowang/Documents/Github/DataMind/backend/.venv/lib/python3.11/site-packages/sklearn/metrics/_classification.py:1561: UserWarning: Note that pos_label (set to 'Y') is ignored when average != 'binary' (got 'weighted'). You may use labels=[pos_label] to specify a single positive class.
  warnings.warn(

2026-03-05 14:14:18,797:WARNING:/Users/xiaowang/Documents/Github/DataMind/backend/.venv/lib/python3.11/site-packages/sklearn/metrics/_classification.py:1561: UserWarning: Note that pos_label (set to 'Y') is ignored when average != 'binary' (got 'weighted'). You may use labels=[pos_label] to specify a single positive class.
  warnings.warn(

2026-03-05 14:14:18,799:WARNING:/Users/xiaowang/Documents/Github/DataMind/backend/.venv/lib/python3.11/site-packages/sklearn/metrics/_classification.py:1561: UserWarning: Note that pos_label (set to 'Y') is ignored when average != 'binary' (got 'weighted'). You may use labels=[pos_label] to specify a single positive class.
  warnings.warn(

2026-03-05 14:14:18,800:WARNING:/Users/xiaowang/Documents/Github/DataMind/backend/.venv/lib/python3.11/site-packages/sklearn/metrics/_classification.py:1561: UserWarning: Note that pos_label (set to 'Y') is ignored when average != 'binary' (got 'weighted'). You may use labels=[pos_label] to specify a single positive class.
  warnings.warn(

2026-03-05 14:14:18,801:WARNING:/Users/xiaowang/Documents/Github/DataMind/backend/.venv/lib/python3.11/site-packages/sklearn/metrics/_classification.py:1561: UserWarning: Note that pos_label (set to 'Y') is ignored when average != 'binary' (got 'weighted'). You may use labels=[pos_label] to specify a single positive class.
  warnings.warn(

2026-03-05 14:14:18,808:WARNING:/Users/xiaowang/Documents/Github/DataMind/backend/.venv/lib/python3.11/site-packages/sklearn/metrics/_classification.py:1561: UserWarning: Note that pos_label (set to 'Y') is ignored when average != 'binary' (got 'weighted'). You may use labels=[pos_label] to specify a single positive class.
  warnings.warn(

2026-03-05 14:14:18,809:WARNING:/Users/xiaowang/Documents/Github/DataMind/backend/.venv/lib/python3.11/site-packages/sklearn/metrics/_classification.py:1561: UserWarning: Note that pos_label (set to 'Y') is ignored when average != 'binary' (got 'weighted'). You may use labels=[pos_label] to specify a single positive class.
  warnings.warn(

2026-03-05 14:14:18,810:WARNING:/Users/xiaowang/Documents/Github/DataMind/backend/.venv/lib/python3.11/site-packages/sklearn/metrics/_classification.py:1561: UserWarning: Note that pos_label (set to 'Y') is ignored when average != 'binary' (got 'weighted'). You may use labels=[pos_label] to specify a single positive class.
  warnings.warn(

2026-03-05 14:14:18,823:INFO:Calculating mean and std
2026-03-05 14:14:18,823:INFO:Creating metrics dataframe
2026-03-05 14:14:18,824:INFO:Finalizing model
2026-03-05 14:14:19,149:INFO:Uploading results into container
2026-03-05 14:14:19,150:INFO:Uploading model into container now
2026-03-05 14:14:19,154:INFO:_master_model_container: 14
2026-03-05 14:14:19,155:INFO:_display_container: 3
2026-03-05 14:14:19,155:INFO:LogisticRegression(C=1.0, class_weight=None, dual=False, fit_intercept=True,
                   intercept_scaling=1, l1_ratio=None, max_iter=1000,
                   multi_class='auto', n_jobs=None, penalty='l2',
                   random_state=42, solver='lbfgs', tol=0.0001, verbose=0,
                   warm_start=False)
2026-03-05 14:14:19,155:INFO:create_model() successfully completed......................................
2026-03-05 14:14:19,241:INFO:Initializing predict_model()
2026-03-05 14:14:19,241:INFO:predict_model(self=<pycaret.classification.oop.ClassificationExperiment object at 0x16036f210>, estimator=LogisticRegression(C=1.0, class_weight=None, dual=False, fit_intercept=True,
                   intercept_scaling=1, l1_ratio=None, max_iter=1000,
                   multi_class='auto', n_jobs=None, penalty='l2',
                   random_state=42, solver='lbfgs', tol=0.0001, verbose=0,
                   warm_start=False), probability_threshold=None, encoded_labels=False, raw_score=False, round=4, verbose=True, ml_usecase=None, preprocess=True, encode_labels=<function _SupervisedExperiment.predict_model.<locals>.encode_labels at 0x160758a40>)
2026-03-05 14:14:19,241:INFO:Checking exceptions
2026-03-05 14:14:19,241:INFO:Preloading libraries
2026-03-05 14:14:19,319:WARNING:/Users/xiaowang/Documents/Github/DataMind/backend/.venv/lib/python3.11/site-packages/sklearn/metrics/_classification.py:1561: UserWarning: Note that pos_label (set to 'Y') is ignored when average != 'binary' (got 'weighted'). You may use labels=[pos_label] to specify a single positive class.
  warnings.warn(

2026-03-05 14:14:19,322:WARNING:/Users/xiaowang/Documents/Github/DataMind/backend/.venv/lib/python3.11/site-packages/sklearn/metrics/_classification.py:1561: UserWarning: Note that pos_label (set to 'Y') is ignored when average != 'binary' (got 'weighted'). You may use labels=[pos_label] to specify a single positive class.
  warnings.warn(

2026-03-05 14:14:19,323:WARNING:/Users/xiaowang/Documents/Github/DataMind/backend/.venv/lib/python3.11/site-packages/sklearn/metrics/_classification.py:1561: UserWarning: Note that pos_label (set to 'Y') is ignored when average != 'binary' (got 'weighted'). You may use labels=[pos_label] to specify a single positive class.
  warnings.warn(

2026-03-05 14:14:19,408:INFO:Initializing create_model()
2026-03-05 14:14:19,408:INFO:create_model(self=<pycaret.classification.oop.ClassificationExperiment object at 0x16036f210>, estimator=knn, fold=5, round=4, cross_validation=True, predict=True, fit_kwargs=None, groups=None, refit=True, probability_threshold=None, experiment_custom_tags=None, verbose=True, system=True, add_to_model_list=True, metrics=None, display=None, model_only=True, return_train_score=False, error_score=0.0, kwargs={})
2026-03-05 14:14:19,408:INFO:Checking exceptions
2026-03-05 14:14:19,408:INFO:Importing libraries
2026-03-05 14:14:19,408:INFO:Copying training dataset
2026-03-05 14:14:19,410:INFO:Defining folds
2026-03-05 14:14:19,410:INFO:Declaring metric variables
2026-03-05 14:14:19,410:INFO:Importing untrained model
2026-03-05 14:14:19,410:INFO:K Neighbors Classifier Imported successfully
2026-03-05 14:14:19,410:INFO:Starting cross validation
2026-03-05 14:14:19,411:INFO:Cross validating with StratifiedKFold(n_splits=5, random_state=None, shuffle=False), n_jobs=-1
2026-03-05 14:14:19,577:WARNING:/Users/xiaowang/Documents/Github/DataMind/backend/.venv/lib/python3.11/site-packages/sklearn/metrics/_classification.py:1561: UserWarning: Note that pos_label (set to 'Y') is ignored when average != 'binary' (got 'weighted'). You may use labels=[pos_label] to specify a single positive class.
  warnings.warn(

2026-03-05 14:14:19,578:WARNING:/Users/xiaowang/Documents/Github/DataMind/backend/.venv/lib/python3.11/site-packages/sklearn/metrics/_classification.py:1561: UserWarning: Note that pos_label (set to 'Y') is ignored when average != 'binary' (got 'weighted'). You may use labels=[pos_label] to specify a single positive class.
  warnings.warn(

2026-03-05 14:14:19,579:WARNING:/Users/xiaowang/Documents/Github/DataMind/backend/.venv/lib/python3.11/site-packages/sklearn/metrics/_classification.py:1561: UserWarning: Note that pos_label (set to 'Y') is ignored when average != 'binary' (got 'weighted'). You may use labels=[pos_label] to specify a single positive class.
  warnings.warn(

2026-03-05 14:14:19,579:WARNING:/Users/xiaowang/Documents/Github/DataMind/backend/.venv/lib/python3.11/site-packages/sklearn/metrics/_classification.py:1561: UserWarning: Note that pos_label (set to 'Y') is ignored when average != 'binary' (got 'weighted'). You may use labels=[pos_label] to specify a single positive class.
  warnings.warn(

2026-03-05 14:14:19,579:WARNING:/Users/xiaowang/Documents/Github/DataMind/backend/.venv/lib/python3.11/site-packages/sklearn/metrics/_classification.py:1561: UserWarning: Note that pos_label (set to 'Y') is ignored when average != 'binary' (got 'weighted'). You may use labels=[pos_label] to specify a single positive class.
  warnings.warn(

2026-03-05 14:14:19,580:WARNING:/Users/xiaowang/Documents/Github/DataMind/backend/.venv/lib/python3.11/site-packages/sklearn/metrics/_classification.py:1561: UserWarning: Note that pos_label (set to 'Y') is ignored when average != 'binary' (got 'weighted'). You may use labels=[pos_label] to specify a single positive class.
  warnings.warn(

2026-03-05 14:14:19,580:WARNING:/Users/xiaowang/Documents/Github/DataMind/backend/.venv/lib/python3.11/site-packages/sklearn/metrics/_classification.py:1561: UserWarning: Note that pos_label (set to 'Y') is ignored when average != 'binary' (got 'weighted'). You may use labels=[pos_label] to specify a single positive class.
  warnings.warn(

2026-03-05 14:14:19,580:WARNING:/Users/xiaowang/Documents/Github/DataMind/backend/.venv/lib/python3.11/site-packages/sklearn/metrics/_classification.py:1561: UserWarning: Note that pos_label (set to 'Y') is ignored when average != 'binary' (got 'weighted'). You may use labels=[pos_label] to specify a single positive class.
  warnings.warn(

2026-03-05 14:14:19,581:WARNING:/Users/xiaowang/Documents/Github/DataMind/backend/.venv/lib/python3.11/site-packages/sklearn/metrics/_classification.py:1561: UserWarning: Note that pos_label (set to 'Y') is ignored when average != 'binary' (got 'weighted'). You may use labels=[pos_label] to specify a single positive class.
  warnings.warn(

2026-03-05 14:14:19,588:WARNING:/Users/xiaowang/Documents/Github/DataMind/backend/.venv/lib/python3.11/site-packages/sklearn/metrics/_classification.py:1561: UserWarning: Note that pos_label (set to 'Y') is ignored when average != 'binary' (got 'weighted'). You may use labels=[pos_label] to specify a single positive class.
  warnings.warn(

2026-03-05 14:14:19,589:WARNING:/Users/xiaowang/Documents/Github/DataMind/backend/.venv/lib/python3.11/site-packages/sklearn/metrics/_classification.py:1561: UserWarning: Note that pos_label (set to 'Y') is ignored when average != 'binary' (got 'weighted'). You may use labels=[pos_label] to specify a single positive class.
  warnings.warn(

2026-03-05 14:14:19,589:WARNING:/Users/xiaowang/Documents/Github/DataMind/backend/.venv/lib/python3.11/site-packages/sklearn/metrics/_classification.py:1561: UserWarning: Note that pos_label (set to 'Y') is ignored when average != 'binary' (got 'weighted'). You may use labels=[pos_label] to specify a single positive class.
  warnings.warn(

2026-03-05 14:14:19,596:WARNING:/Users/xiaowang/Documents/Github/DataMind/backend/.venv/lib/python3.11/site-packages/sklearn/metrics/_classification.py:1561: UserWarning: Note that pos_label (set to 'Y') is ignored when average != 'binary' (got 'weighted'). You may use labels=[pos_label] to specify a single positive class.
  warnings.warn(

2026-03-05 14:14:19,597:WARNING:/Users/xiaowang/Documents/Github/DataMind/backend/.venv/lib/python3.11/site-packages/sklearn/metrics/_classification.py:1561: UserWarning: Note that pos_label (set to 'Y') is ignored when average != 'binary' (got 'weighted'). You may use labels=[pos_label] to specify a single positive class.
  warnings.warn(

2026-03-05 14:14:19,598:WARNING:/Users/xiaowang/Documents/Github/DataMind/backend/.venv/lib/python3.11/site-packages/sklearn/metrics/_classification.py:1561: UserWarning: Note that pos_label (set to 'Y') is ignored when average != 'binary' (got 'weighted'). You may use labels=[pos_label] to specify a single positive class.
  warnings.warn(

2026-03-05 14:14:19,602:INFO:Calculating mean and std
2026-03-05 14:14:19,602:INFO:Creating metrics dataframe
2026-03-05 14:14:19,602:INFO:Finalizing model
2026-03-05 14:14:19,659:INFO:Uploading results into container
2026-03-05 14:14:19,659:INFO:Uploading model into container now
2026-03-05 14:14:19,661:INFO:_master_model_container: 15
2026-03-05 14:14:19,661:INFO:_display_container: 5
2026-03-05 14:14:19,661:INFO:KNeighborsClassifier(algorithm='auto', leaf_size=30, metric='minkowski',
                     metric_params=None, n_jobs=-1, n_neighbors=5, p=2,
                     weights='uniform')
2026-03-05 14:14:19,661:INFO:create_model() successfully completed......................................
2026-03-05 14:14:19,719:INFO:Initializing predict_model()
2026-03-05 14:14:19,719:INFO:predict_model(self=<pycaret.classification.oop.ClassificationExperiment object at 0x16036f210>, estimator=KNeighborsClassifier(algorithm='auto', leaf_size=30, metric='minkowski',
                     metric_params=None, n_jobs=-1, n_neighbors=5, p=2,
                     weights='uniform'), probability_threshold=None, encoded_labels=False, raw_score=False, round=4, verbose=True, ml_usecase=None, preprocess=True, encode_labels=<function _SupervisedExperiment.predict_model.<locals>.encode_labels at 0x1605af9c0>)
2026-03-05 14:14:19,719:INFO:Checking exceptions
2026-03-05 14:14:19,719:INFO:Preloading libraries
2026-03-05 14:14:19,760:WARNING:/Users/xiaowang/Documents/Github/DataMind/backend/.venv/lib/python3.11/site-packages/sklearn/metrics/_classification.py:1561: UserWarning: Note that pos_label (set to 'Y') is ignored when average != 'binary' (got 'weighted'). You may use labels=[pos_label] to specify a single positive class.
  warnings.warn(

2026-03-05 14:14:19,761:WARNING:/Users/xiaowang/Documents/Github/DataMind/backend/.venv/lib/python3.11/site-packages/sklearn/metrics/_classification.py:1561: UserWarning: Note that pos_label (set to 'Y') is ignored when average != 'binary' (got 'weighted'). You may use labels=[pos_label] to specify a single positive class.
  warnings.warn(

2026-03-05 14:14:19,763:WARNING:/Users/xiaowang/Documents/Github/DataMind/backend/.venv/lib/python3.11/site-packages/sklearn/metrics/_classification.py:1561: UserWarning: Note that pos_label (set to 'Y') is ignored when average != 'binary' (got 'weighted'). You may use labels=[pos_label] to specify a single positive class.
  warnings.warn(

2026-03-05 14:14:19,827:INFO:Initializing create_model()
2026-03-05 14:14:19,827:INFO:create_model(self=<pycaret.classification.oop.ClassificationExperiment object at 0x16036f210>, estimator=nb, fold=5, round=4, cross_validation=True, predict=True, fit_kwargs=None, groups=None, refit=True, probability_threshold=None, experiment_custom_tags=None, verbose=True, system=True, add_to_model_list=True, metrics=None, display=None, model_only=True, return_train_score=False, error_score=0.0, kwargs={})
2026-03-05 14:14:19,827:INFO:Checking exceptions
2026-03-05 14:14:19,828:INFO:Importing libraries
2026-03-05 14:14:19,828:INFO:Copying training dataset
2026-03-05 14:14:19,831:INFO:Defining folds
2026-03-05 14:14:19,831:INFO:Declaring metric variables
2026-03-05 14:14:19,831:INFO:Importing untrained model
2026-03-05 14:14:19,831:INFO:Naive Bayes Imported successfully
2026-03-05 14:14:19,831:INFO:Starting cross validation
2026-03-05 14:14:19,832:INFO:Cross validating with StratifiedKFold(n_splits=5, random_state=None, shuffle=False), n_jobs=-1
2026-03-05 14:14:19,924:WARNING:/Users/xiaowang/Documents/Github/DataMind/backend/.venv/lib/python3.11/site-packages/sklearn/metrics/_classification.py:1561: UserWarning: Note that pos_label (set to 'Y') is ignored when average != 'binary' (got 'weighted'). You may use labels=[pos_label] to specify a single positive class.
  warnings.warn(

2026-03-05 14:14:19,925:WARNING:/Users/xiaowang/Documents/Github/DataMind/backend/.venv/lib/python3.11/site-packages/sklearn/metrics/_classification.py:1561: UserWarning: Note that pos_label (set to 'Y') is ignored when average != 'binary' (got 'weighted'). You may use labels=[pos_label] to specify a single positive class.
  warnings.warn(

2026-03-05 14:14:19,926:WARNING:/Users/xiaowang/Documents/Github/DataMind/backend/.venv/lib/python3.11/site-packages/sklearn/metrics/_classification.py:1561: UserWarning: Note that pos_label (set to 'Y') is ignored when average != 'binary' (got 'weighted'). You may use labels=[pos_label] to specify a single positive class.
  warnings.warn(

2026-03-05 14:14:19,931:WARNING:/Users/xiaowang/Documents/Github/DataMind/backend/.venv/lib/python3.11/site-packages/sklearn/metrics/_classification.py:1561: UserWarning: Note that pos_label (set to 'Y') is ignored when average != 'binary' (got 'weighted'). You may use labels=[pos_label] to specify a single positive class.
  warnings.warn(

2026-03-05 14:14:19,933:WARNING:/Users/xiaowang/Documents/Github/DataMind/backend/.venv/lib/python3.11/site-packages/sklearn/metrics/_classification.py:1561: UserWarning: Note that pos_label (set to 'Y') is ignored when average != 'binary' (got 'weighted'). You may use labels=[pos_label] to specify a single positive class.
  warnings.warn(

2026-03-05 14:14:19,933:WARNING:/Users/xiaowang/Documents/Github/DataMind/backend/.venv/lib/python3.11/site-packages/sklearn/metrics/_classification.py:1561: UserWarning: Note that pos_label (set to 'Y') is ignored when average != 'binary' (got 'weighted'). You may use labels=[pos_label] to specify a single positive class.
  warnings.warn(

2026-03-05 14:14:19,934:WARNING:/Users/xiaowang/Documents/Github/DataMind/backend/.venv/lib/python3.11/site-packages/sklearn/metrics/_classification.py:1561: UserWarning: Note that pos_label (set to 'Y') is ignored when average != 'binary' (got 'weighted'). You may use labels=[pos_label] to specify a single positive class.
  warnings.warn(

2026-03-05 14:14:19,934:WARNING:/Users/xiaowang/Documents/Github/DataMind/backend/.venv/lib/python3.11/site-packages/sklearn/metrics/_classification.py:1561: UserWarning: Note that pos_label (set to 'Y') is ignored when average != 'binary' (got 'weighted'). You may use labels=[pos_label] to specify a single positive class.
  warnings.warn(

2026-03-05 14:14:19,935:WARNING:/Users/xiaowang/Documents/Github/DataMind/backend/.venv/lib/python3.11/site-packages/sklearn/metrics/_classification.py:1561: UserWarning: Note that pos_label (set to 'Y') is ignored when average != 'binary' (got 'weighted'). You may use labels=[pos_label] to specify a single positive class.
  warnings.warn(

2026-03-05 14:14:19,943:WARNING:/Users/xiaowang/Documents/Github/DataMind/backend/.venv/lib/python3.11/site-packages/sklearn/metrics/_classification.py:1561: UserWarning: Note that pos_label (set to 'Y') is ignored when average != 'binary' (got 'weighted'). You may use labels=[pos_label] to specify a single positive class.
  warnings.warn(

2026-03-05 14:14:19,944:WARNING:/Users/xiaowang/Documents/Github/DataMind/backend/.venv/lib/python3.11/site-packages/sklearn/metrics/_classification.py:1561: UserWarning: Note that pos_label (set to 'Y') is ignored when average != 'binary' (got 'weighted'). You may use labels=[pos_label] to specify a single positive class.
  warnings.warn(

2026-03-05 14:14:19,944:WARNING:/Users/xiaowang/Documents/Github/DataMind/backend/.venv/lib/python3.11/site-packages/sklearn/metrics/_classification.py:1561: UserWarning: Note that pos_label (set to 'Y') is ignored when average != 'binary' (got 'weighted'). You may use labels=[pos_label] to specify a single positive class.
  warnings.warn(

2026-03-05 14:14:19,945:WARNING:/Users/xiaowang/Documents/Github/DataMind/backend/.venv/lib/python3.11/site-packages/sklearn/metrics/_classification.py:1561: UserWarning: Note that pos_label (set to 'Y') is ignored when average != 'binary' (got 'weighted'). You may use labels=[pos_label] to specify a single positive class.
  warnings.warn(

2026-03-05 14:14:19,946:WARNING:/Users/xiaowang/Documents/Github/DataMind/backend/.venv/lib/python3.11/site-packages/sklearn/metrics/_classification.py:1561: UserWarning: Note that pos_label (set to 'Y') is ignored when average != 'binary' (got 'weighted'). You may use labels=[pos_label] to specify a single positive class.
  warnings.warn(

2026-03-05 14:14:19,947:WARNING:/Users/xiaowang/Documents/Github/DataMind/backend/.venv/lib/python3.11/site-packages/sklearn/metrics/_classification.py:1561: UserWarning: Note that pos_label (set to 'Y') is ignored when average != 'binary' (got 'weighted'). You may use labels=[pos_label] to specify a single positive class.
  warnings.warn(

2026-03-05 14:14:19,960:INFO:Calculating mean and std
2026-03-05 14:14:19,960:INFO:Creating metrics dataframe
2026-03-05 14:14:19,960:INFO:Finalizing model
2026-03-05 14:14:20,018:INFO:Uploading results into container
2026-03-05 14:14:20,018:INFO:Uploading model into container now
2026-03-05 14:14:20,020:INFO:_master_model_container: 16
2026-03-05 14:14:20,020:INFO:_display_container: 7
2026-03-05 14:14:20,020:INFO:GaussianNB(priors=None, var_smoothing=1e-09)
2026-03-05 14:14:20,020:INFO:create_model() successfully completed......................................
2026-03-05 14:14:20,076:INFO:Initializing predict_model()
2026-03-05 14:14:20,077:INFO:predict_model(self=<pycaret.classification.oop.ClassificationExperiment object at 0x16036f210>, estimator=GaussianNB(priors=None, var_smoothing=1e-09), probability_threshold=None, encoded_labels=False, raw_score=False, round=4, verbose=True, ml_usecase=None, preprocess=True, encode_labels=<function _SupervisedExperiment.predict_model.<locals>.encode_labels at 0x15ce8a840>)
2026-03-05 14:14:20,077:INFO:Checking exceptions
2026-03-05 14:14:20,077:INFO:Preloading libraries
2026-03-05 14:14:20,109:WARNING:/Users/xiaowang/Documents/Github/DataMind/backend/.venv/lib/python3.11/site-packages/sklearn/metrics/_classification.py:1561: UserWarning: Note that pos_label (set to 'Y') is ignored when average != 'binary' (got 'weighted'). You may use labels=[pos_label] to specify a single positive class.
  warnings.warn(

2026-03-05 14:14:20,110:WARNING:/Users/xiaowang/Documents/Github/DataMind/backend/.venv/lib/python3.11/site-packages/sklearn/metrics/_classification.py:1561: UserWarning: Note that pos_label (set to 'Y') is ignored when average != 'binary' (got 'weighted'). You may use labels=[pos_label] to specify a single positive class.
  warnings.warn(

2026-03-05 14:14:20,111:WARNING:/Users/xiaowang/Documents/Github/DataMind/backend/.venv/lib/python3.11/site-packages/sklearn/metrics/_classification.py:1561: UserWarning: Note that pos_label (set to 'Y') is ignored when average != 'binary' (got 'weighted'). You may use labels=[pos_label] to specify a single positive class.
  warnings.warn(

2026-03-05 14:14:20,174:INFO:Initializing create_model()
2026-03-05 14:14:20,174:INFO:create_model(self=<pycaret.classification.oop.ClassificationExperiment object at 0x16036f210>, estimator=dt, fold=5, round=4, cross_validation=True, predict=True, fit_kwargs=None, groups=None, refit=True, probability_threshold=None, experiment_custom_tags=None, verbose=True, system=True, add_to_model_list=True, metrics=None, display=None, model_only=True, return_train_score=False, error_score=0.0, kwargs={})
2026-03-05 14:14:20,174:INFO:Checking exceptions
2026-03-05 14:14:20,174:INFO:Importing libraries
2026-03-05 14:14:20,174:INFO:Copying training dataset
2026-03-05 14:14:20,176:INFO:Defining folds
2026-03-05 14:14:20,176:INFO:Declaring metric variables
2026-03-05 14:14:20,176:INFO:Importing untrained model
2026-03-05 14:14:20,176:INFO:Decision Tree Classifier Imported successfully
2026-03-05 14:14:20,176:INFO:Starting cross validation
2026-03-05 14:14:20,177:INFO:Cross validating with StratifiedKFold(n_splits=5, random_state=None, shuffle=False), n_jobs=-1
2026-03-05 14:14:20,269:WARNING:/Users/xiaowang/Documents/Github/DataMind/backend/.venv/lib/python3.11/site-packages/sklearn/metrics/_classification.py:1561: UserWarning: Note that pos_label (set to 'Y') is ignored when average != 'binary' (got 'weighted'). You may use labels=[pos_label] to specify a single positive class.
  warnings.warn(

2026-03-05 14:14:20,269:WARNING:/Users/xiaowang/Documents/Github/DataMind/backend/.venv/lib/python3.11/site-packages/sklearn/metrics/_classification.py:1561: UserWarning: Note that pos_label (set to 'Y') is ignored when average != 'binary' (got 'weighted'). You may use labels=[pos_label] to specify a single positive class.
  warnings.warn(

2026-03-05 14:14:20,270:WARNING:/Users/xiaowang/Documents/Github/DataMind/backend/.venv/lib/python3.11/site-packages/sklearn/metrics/_classification.py:1561: UserWarning: Note that pos_label (set to 'Y') is ignored when average != 'binary' (got 'weighted'). You may use labels=[pos_label] to specify a single positive class.
  warnings.warn(

2026-03-05 14:14:20,270:WARNING:/Users/xiaowang/Documents/Github/DataMind/backend/.venv/lib/python3.11/site-packages/sklearn/metrics/_classification.py:1561: UserWarning: Note that pos_label (set to 'Y') is ignored when average != 'binary' (got 'weighted'). You may use labels=[pos_label] to specify a single positive class.
  warnings.warn(

2026-03-05 14:14:20,271:WARNING:/Users/xiaowang/Documents/Github/DataMind/backend/.venv/lib/python3.11/site-packages/sklearn/metrics/_classification.py:1561: UserWarning: Note that pos_label (set to 'Y') is ignored when average != 'binary' (got 'weighted'). You may use labels=[pos_label] to specify a single positive class.
  warnings.warn(

2026-03-05 14:14:20,271:WARNING:/Users/xiaowang/Documents/Github/DataMind/backend/.venv/lib/python3.11/site-packages/sklearn/metrics/_classification.py:1561: UserWarning: Note that pos_label (set to 'Y') is ignored when average != 'binary' (got 'weighted'). You may use labels=[pos_label] to specify a single positive class.
  warnings.warn(

2026-03-05 14:14:20,278:WARNING:/Users/xiaowang/Documents/Github/DataMind/backend/.venv/lib/python3.11/site-packages/sklearn/metrics/_classification.py:1561: UserWarning: Note that pos_label (set to 'Y') is ignored when average != 'binary' (got 'weighted'). You may use labels=[pos_label] to specify a single positive class.
  warnings.warn(

2026-03-05 14:14:20,279:WARNING:/Users/xiaowang/Documents/Github/DataMind/backend/.venv/lib/python3.11/site-packages/sklearn/metrics/_classification.py:1561: UserWarning: Note that pos_label (set to 'Y') is ignored when average != 'binary' (got 'weighted'). You may use labels=[pos_label] to specify a single positive class.
  warnings.warn(

2026-03-05 14:14:20,280:WARNING:/Users/xiaowang/Documents/Github/DataMind/backend/.venv/lib/python3.11/site-packages/sklearn/metrics/_classification.py:1561: UserWarning: Note that pos_label (set to 'Y') is ignored when average != 'binary' (got 'weighted'). You may use labels=[pos_label] to specify a single positive class.
  warnings.warn(

2026-03-05 14:14:20,281:WARNING:/Users/xiaowang/Documents/Github/DataMind/backend/.venv/lib/python3.11/site-packages/sklearn/metrics/_classification.py:1561: UserWarning: Note that pos_label (set to 'Y') is ignored when average != 'binary' (got 'weighted'). You may use labels=[pos_label] to specify a single positive class.
  warnings.warn(

2026-03-05 14:14:20,282:WARNING:/Users/xiaowang/Documents/Github/DataMind/backend/.venv/lib/python3.11/site-packages/sklearn/metrics/_classification.py:1561: UserWarning: Note that pos_label (set to 'Y') is ignored when average != 'binary' (got 'weighted'). You may use labels=[pos_label] to specify a single positive class.
  warnings.warn(

2026-03-05 14:14:20,283:WARNING:/Users/xiaowang/Documents/Github/DataMind/backend/.venv/lib/python3.11/site-packages/sklearn/metrics/_classification.py:1561: UserWarning: Note that pos_label (set to 'Y') is ignored when average != 'binary' (got 'weighted'). You may use labels=[pos_label] to specify a single positive class.
  warnings.warn(

2026-03-05 14:14:20,283:WARNING:/Users/xiaowang/Documents/Github/DataMind/backend/.venv/lib/python3.11/site-packages/sklearn/metrics/_classification.py:1561: UserWarning: Note that pos_label (set to 'Y') is ignored when average != 'binary' (got 'weighted'). You may use labels=[pos_label] to specify a single positive class.
  warnings.warn(

2026-03-05 14:14:20,284:WARNING:/Users/xiaowang/Documents/Github/DataMind/backend/.venv/lib/python3.11/site-packages/sklearn/metrics/_classification.py:1561: UserWarning: Note that pos_label (set to 'Y') is ignored when average != 'binary' (got 'weighted'). You may use labels=[pos_label] to specify a single positive class.
  warnings.warn(

2026-03-05 14:14:20,285:WARNING:/Users/xiaowang/Documents/Github/DataMind/backend/.venv/lib/python3.11/site-packages/sklearn/metrics/_classification.py:1561: UserWarning: Note that pos_label (set to 'Y') is ignored when average != 'binary' (got 'weighted'). You may use labels=[pos_label] to specify a single positive class.
  warnings.warn(

2026-03-05 14:14:20,291:INFO:Calculating mean and std
2026-03-05 14:14:20,291:INFO:Creating metrics dataframe
2026-03-05 14:14:20,292:INFO:Finalizing model
2026-03-05 14:14:20,351:INFO:Uploading results into container
2026-03-05 14:14:20,352:INFO:Uploading model into container now
2026-03-05 14:14:20,354:INFO:_master_model_container: 17
2026-03-05 14:14:20,354:INFO:_display_container: 9
2026-03-05 14:14:20,354:INFO:DecisionTreeClassifier(ccp_alpha=0.0, class_weight=None, criterion='gini',
                       max_depth=None, max_features=None, max_leaf_nodes=None,
                       min_impurity_decrease=0.0, min_samples_leaf=1,
                       min_samples_split=2, min_weight_fraction_leaf=0.0,
                       monotonic_cst=None, random_state=42, splitter='best')
2026-03-05 14:14:20,354:INFO:create_model() successfully completed......................................
2026-03-05 14:14:20,410:INFO:Initializing predict_model()
2026-03-05 14:14:20,410:INFO:predict_model(self=<pycaret.classification.oop.ClassificationExperiment object at 0x16036f210>, estimator=DecisionTreeClassifier(ccp_alpha=0.0, class_weight=None, criterion='gini',
                       max_depth=None, max_features=None, max_leaf_nodes=None,
                       min_impurity_decrease=0.0, min_samples_leaf=1,
                       min_samples_split=2, min_weight_fraction_leaf=0.0,
                       monotonic_cst=None, random_state=42, splitter='best'), probability_threshold=None, encoded_labels=False, raw_score=False, round=4, verbose=True, ml_usecase=None, preprocess=True, encode_labels=<function _SupervisedExperiment.predict_model.<locals>.encode_labels at 0x160758a40>)
2026-03-05 14:14:20,410:INFO:Checking exceptions
2026-03-05 14:14:20,410:INFO:Preloading libraries
2026-03-05 14:14:20,440:WARNING:/Users/xiaowang/Documents/Github/DataMind/backend/.venv/lib/python3.11/site-packages/sklearn/metrics/_classification.py:1561: UserWarning: Note that pos_label (set to 'Y') is ignored when average != 'binary' (got 'weighted'). You may use labels=[pos_label] to specify a single positive class.
  warnings.warn(

2026-03-05 14:14:20,441:WARNING:/Users/xiaowang/Documents/Github/DataMind/backend/.venv/lib/python3.11/site-packages/sklearn/metrics/_classification.py:1561: UserWarning: Note that pos_label (set to 'Y') is ignored when average != 'binary' (got 'weighted'). You may use labels=[pos_label] to specify a single positive class.
  warnings.warn(

2026-03-05 14:14:20,442:WARNING:/Users/xiaowang/Documents/Github/DataMind/backend/.venv/lib/python3.11/site-packages/sklearn/metrics/_classification.py:1561: UserWarning: Note that pos_label (set to 'Y') is ignored when average != 'binary' (got 'weighted'). You may use labels=[pos_label] to specify a single positive class.
  warnings.warn(

2026-03-05 14:14:20,505:INFO:Initializing create_model()
2026-03-05 14:14:20,505:INFO:create_model(self=<pycaret.classification.oop.ClassificationExperiment object at 0x16036f210>, estimator=svm, fold=5, round=4, cross_validation=True, predict=True, fit_kwargs=None, groups=None, refit=True, probability_threshold=None, experiment_custom_tags=None, verbose=True, system=True, add_to_model_list=True, metrics=None, display=None, model_only=True, return_train_score=False, error_score=0.0, kwargs={})
2026-03-05 14:14:20,505:INFO:Checking exceptions
2026-03-05 14:14:20,505:INFO:Importing libraries
2026-03-05 14:14:20,505:INFO:Copying training dataset
2026-03-05 14:14:20,507:INFO:Defining folds
2026-03-05 14:14:20,507:INFO:Declaring metric variables
2026-03-05 14:14:20,507:INFO:Importing untrained model
2026-03-05 14:14:20,507:INFO:SVM - Linear Kernel Imported successfully
2026-03-05 14:14:20,507:INFO:Starting cross validation
2026-03-05 14:14:20,508:INFO:Cross validating with StratifiedKFold(n_splits=5, random_state=None, shuffle=False), n_jobs=-1
2026-03-05 14:14:20,599:WARNING:/Users/xiaowang/Documents/Github/DataMind/backend/.venv/lib/python3.11/site-packages/sklearn/metrics/_classification.py:1561: UserWarning: Note that pos_label (set to 'Y') is ignored when average != 'binary' (got 'weighted'). You may use labels=[pos_label] to specify a single positive class.
  warnings.warn(

2026-03-05 14:14:20,600:WARNING:/Users/xiaowang/Documents/Github/DataMind/backend/.venv/lib/python3.11/site-packages/sklearn/metrics/_classification.py:1561: UserWarning: Note that pos_label (set to 'Y') is ignored when average != 'binary' (got 'weighted'). You may use labels=[pos_label] to specify a single positive class.
  warnings.warn(

2026-03-05 14:14:20,601:WARNING:/Users/xiaowang/Documents/Github/DataMind/backend/.venv/lib/python3.11/site-packages/sklearn/metrics/_classification.py:1561: UserWarning: Note that pos_label (set to 'Y') is ignored when average != 'binary' (got 'weighted'). You may use labels=[pos_label] to specify a single positive class.
  warnings.warn(

2026-03-05 14:14:20,608:WARNING:/Users/xiaowang/Documents/Github/DataMind/backend/.venv/lib/python3.11/site-packages/sklearn/metrics/_classification.py:1561: UserWarning: Note that pos_label (set to 'Y') is ignored when average != 'binary' (got 'weighted'). You may use labels=[pos_label] to specify a single positive class.
  warnings.warn(

2026-03-05 14:14:20,609:WARNING:/Users/xiaowang/Documents/Github/DataMind/backend/.venv/lib/python3.11/site-packages/sklearn/metrics/_classification.py:1561: UserWarning: Note that pos_label (set to 'Y') is ignored when average != 'binary' (got 'weighted'). You may use labels=[pos_label] to specify a single positive class.
  warnings.warn(

2026-03-05 14:14:20,609:WARNING:/Users/xiaowang/Documents/Github/DataMind/backend/.venv/lib/python3.11/site-packages/sklearn/metrics/_classification.py:1561: UserWarning: Note that pos_label (set to 'Y') is ignored when average != 'binary' (got 'weighted'). You may use labels=[pos_label] to specify a single positive class.
  warnings.warn(

2026-03-05 14:14:20,609:WARNING:/Users/xiaowang/Documents/Github/DataMind/backend/.venv/lib/python3.11/site-packages/sklearn/metrics/_classification.py:1561: UserWarning: Note that pos_label (set to 'Y') is ignored when average != 'binary' (got 'weighted'). You may use labels=[pos_label] to specify a single positive class.
  warnings.warn(

2026-03-05 14:14:20,610:WARNING:/Users/xiaowang/Documents/Github/DataMind/backend/.venv/lib/python3.11/site-packages/sklearn/metrics/_classification.py:1561: UserWarning: Note that pos_label (set to 'Y') is ignored when average != 'binary' (got 'weighted'). You may use labels=[pos_label] to specify a single positive class.
  warnings.warn(

2026-03-05 14:14:20,610:WARNING:/Users/xiaowang/Documents/Github/DataMind/backend/.venv/lib/python3.11/site-packages/sklearn/metrics/_classification.py:1561: UserWarning: Note that pos_label (set to 'Y') is ignored when average != 'binary' (got 'weighted'). You may use labels=[pos_label] to specify a single positive class.
  warnings.warn(

2026-03-05 14:14:20,610:WARNING:/Users/xiaowang/Documents/Github/DataMind/backend/.venv/lib/python3.11/site-packages/sklearn/metrics/_classification.py:1561: UserWarning: Note that pos_label (set to 'Y') is ignored when average != 'binary' (got 'weighted'). You may use labels=[pos_label] to specify a single positive class.
  warnings.warn(

2026-03-05 14:14:20,610:WARNING:/Users/xiaowang/Documents/Github/DataMind/backend/.venv/lib/python3.11/site-packages/sklearn/metrics/_classification.py:1561: UserWarning: Note that pos_label (set to 'Y') is ignored when average != 'binary' (got 'weighted'). You may use labels=[pos_label] to specify a single positive class.
  warnings.warn(

2026-03-05 14:14:20,610:WARNING:/Users/xiaowang/Documents/Github/DataMind/backend/.venv/lib/python3.11/site-packages/sklearn/metrics/_classification.py:1561: UserWarning: Note that pos_label (set to 'Y') is ignored when average != 'binary' (got 'weighted'). You may use labels=[pos_label] to specify a single positive class.
  warnings.warn(

2026-03-05 14:14:20,610:WARNING:/Users/xiaowang/Documents/Github/DataMind/backend/.venv/lib/python3.11/site-packages/sklearn/metrics/_classification.py:1561: UserWarning: Note that pos_label (set to 'Y') is ignored when average != 'binary' (got 'weighted'). You may use labels=[pos_label] to specify a single positive class.
  warnings.warn(

2026-03-05 14:14:20,611:WARNING:/Users/xiaowang/Documents/Github/DataMind/backend/.venv/lib/python3.11/site-packages/sklearn/metrics/_classification.py:1561: UserWarning: Note that pos_label (set to 'Y') is ignored when average != 'binary' (got 'weighted'). You may use labels=[pos_label] to specify a single positive class.
  warnings.warn(

2026-03-05 14:14:20,611:WARNING:/Users/xiaowang/Documents/Github/DataMind/backend/.venv/lib/python3.11/site-packages/sklearn/metrics/_classification.py:1561: UserWarning: Note that pos_label (set to 'Y') is ignored when average != 'binary' (got 'weighted'). You may use labels=[pos_label] to specify a single positive class.
  warnings.warn(

2026-03-05 14:14:20,618:INFO:Calculating mean and std
2026-03-05 14:14:20,618:INFO:Creating metrics dataframe
2026-03-05 14:14:20,619:INFO:Finalizing model
2026-03-05 14:14:20,680:INFO:Uploading results into container
2026-03-05 14:14:20,680:INFO:Uploading model into container now
2026-03-05 14:14:20,682:INFO:_master_model_container: 18
2026-03-05 14:14:20,683:INFO:_display_container: 11
2026-03-05 14:14:20,683:INFO:SGDClassifier(alpha=0.0001, average=False, class_weight=None,
              early_stopping=False, epsilon=0.1, eta0=0.001, fit_intercept=True,
              l1_ratio=0.15, learning_rate='optimal', loss='hinge',
              max_iter=1000, n_iter_no_change=5, n_jobs=-1, penalty='l2',
              power_t=0.5, random_state=42, shuffle=True, tol=0.001,
              validation_fraction=0.1, verbose=0, warm_start=False)
2026-03-05 14:14:20,683:INFO:create_model() successfully completed......................................
2026-03-05 14:14:20,740:INFO:Initializing predict_model()
2026-03-05 14:14:20,740:INFO:predict_model(self=<pycaret.classification.oop.ClassificationExperiment object at 0x16036f210>, estimator=SGDClassifier(alpha=0.0001, average=False, class_weight=None,
              early_stopping=False, epsilon=0.1, eta0=0.001, fit_intercept=True,
              l1_ratio=0.15, learning_rate='optimal', loss='hinge',
              max_iter=1000, n_iter_no_change=5, n_jobs=-1, penalty='l2',
              power_t=0.5, random_state=42, shuffle=True, tol=0.001,
              validation_fraction=0.1, verbose=0, warm_start=False), probability_threshold=None, encoded_labels=False, raw_score=False, round=4, verbose=True, ml_usecase=None, preprocess=True, encode_labels=<function _SupervisedExperiment.predict_model.<locals>.encode_labels at 0x1605af9c0>)
2026-03-05 14:14:20,740:INFO:Checking exceptions
2026-03-05 14:14:20,740:INFO:Preloading libraries
2026-03-05 14:14:20,791:WARNING:/Users/xiaowang/Documents/Github/DataMind/backend/.venv/lib/python3.11/site-packages/pycaret/utils/generic.py:585: UserWarning: Traceback (most recent call last):
  File "/Users/xiaowang/Documents/Github/DataMind/backend/.venv/lib/python3.11/site-packages/pycaret/utils/generic.py", line 580, in _calculate_metric
    calculated_metric = score_func(y_test, target, sample_weight=weights, **kwargs)
                        ^^^^^^^^^^^^^^^^^^^^^^^^^^^^^^^^^^^^^^^^^^^^^^^^^^^^^^^^^^^
  File "/Users/xiaowang/Documents/Github/DataMind/backend/.venv/lib/python3.11/site-packages/pycaret/internal/metrics.py", line 144, in __call__
    return self.score_func(y_true, y_pred, **kwargs)
           ^^^^^^^^^^^^^^^^^^^^^^^^^^^^^^^^^^^^^^^^^
  File "/Users/xiaowang/Documents/Github/DataMind/backend/.venv/lib/python3.11/site-packages/sklearn/utils/_param_validation.py", line 213, in wrapper
    return func(*args, **kwargs)
           ^^^^^^^^^^^^^^^^^^^^^
  File "/Users/xiaowang/Documents/Github/DataMind/backend/.venv/lib/python3.11/site-packages/sklearn/metrics/_ranking.py", line 619, in roc_auc_score
    y_score = check_array(y_score, ensure_2d=False)
              ^^^^^^^^^^^^^^^^^^^^^^^^^^^^^^^^^^^^^
  File "/Users/xiaowang/Documents/Github/DataMind/backend/.venv/lib/python3.11/site-packages/sklearn/utils/validation.py", line 997, in check_array
    array = _asarray_with_order(array, order=order, dtype=dtype, xp=xp)
            ^^^^^^^^^^^^^^^^^^^^^^^^^^^^^^^^^^^^^^^^^^^^^^^^^^^^^^^^^^^
  File "/Users/xiaowang/Documents/Github/DataMind/backend/.venv/lib/python3.11/site-packages/sklearn/utils/_array_api.py", line 521, in _asarray_with_order
    array = numpy.asarray(array, order=order, dtype=dtype)
            ^^^^^^^^^^^^^^^^^^^^^^^^^^^^^^^^^^^^^^^^^^^^^^
ValueError: could not convert string to float: 'Y'

During handling of the above exception, another exception occurred:

Traceback (most recent call last):
  File "/Users/xiaowang/Documents/Github/DataMind/backend/.venv/lib/python3.11/site-packages/pycaret/utils/generic.py", line 583, in _calculate_metric
    calculated_metric = score_func(y_test, target, **kwargs)
                        ^^^^^^^^^^^^^^^^^^^^^^^^^^^^^^^^^^^^
  File "/Users/xiaowang/Documents/Github/DataMind/backend/.venv/lib/python3.11/site-packages/pycaret/internal/metrics.py", line 144, in __call__
    return self.score_func(y_true, y_pred, **kwargs)
           ^^^^^^^^^^^^^^^^^^^^^^^^^^^^^^^^^^^^^^^^^
  File "/Users/xiaowang/Documents/Github/DataMind/backend/.venv/lib/python3.11/site-packages/sklearn/utils/_param_validation.py", line 213, in wrapper
    return func(*args, **kwargs)
           ^^^^^^^^^^^^^^^^^^^^^
  File "/Users/xiaowang/Documents/Github/DataMind/backend/.venv/lib/python3.11/site-packages/sklearn/metrics/_ranking.py", line 619, in roc_auc_score
    y_score = check_array(y_score, ensure_2d=False)
              ^^^^^^^^^^^^^^^^^^^^^^^^^^^^^^^^^^^^^
  File "/Users/xiaowang/Documents/Github/DataMind/backend/.venv/lib/python3.11/site-packages/sklearn/utils/validation.py", line 997, in check_array
    array = _asarray_with_order(array, order=order, dtype=dtype, xp=xp)
            ^^^^^^^^^^^^^^^^^^^^^^^^^^^^^^^^^^^^^^^^^^^^^^^^^^^^^^^^^^^
  File "/Users/xiaowang/Documents/Github/DataMind/backend/.venv/lib/python3.11/site-packages/sklearn/utils/_array_api.py", line 521, in _asarray_with_order
    array = numpy.asarray(array, order=order, dtype=dtype)
            ^^^^^^^^^^^^^^^^^^^^^^^^^^^^^^^^^^^^^^^^^^^^^^
ValueError: could not convert string to float: 'Y'

  warnings.warn(traceback.format_exc())

2026-03-05 14:14:20,793:WARNING:/Users/xiaowang/Documents/Github/DataMind/backend/.venv/lib/python3.11/site-packages/sklearn/metrics/_classification.py:1561: UserWarning: Note that pos_label (set to 'Y') is ignored when average != 'binary' (got 'weighted'). You may use labels=[pos_label] to specify a single positive class.
  warnings.warn(

2026-03-05 14:14:20,796:WARNING:/Users/xiaowang/Documents/Github/DataMind/backend/.venv/lib/python3.11/site-packages/sklearn/metrics/_classification.py:1561: UserWarning: Note that pos_label (set to 'Y') is ignored when average != 'binary' (got 'weighted'). You may use labels=[pos_label] to specify a single positive class.
  warnings.warn(

2026-03-05 14:14:20,801:WARNING:/Users/xiaowang/Documents/Github/DataMind/backend/.venv/lib/python3.11/site-packages/sklearn/metrics/_classification.py:1561: UserWarning: Note that pos_label (set to 'Y') is ignored when average != 'binary' (got 'weighted'). You may use labels=[pos_label] to specify a single positive class.
  warnings.warn(

2026-03-05 14:14:20,920:INFO:Initializing create_model()
2026-03-05 14:14:20,920:INFO:create_model(self=<pycaret.classification.oop.ClassificationExperiment object at 0x16036f210>, estimator=rbfsvm, fold=5, round=4, cross_validation=True, predict=True, fit_kwargs=None, groups=None, refit=True, probability_threshold=None, experiment_custom_tags=None, verbose=True, system=True, add_to_model_list=True, metrics=None, display=None, model_only=True, return_train_score=False, error_score=0.0, kwargs={})
2026-03-05 14:14:20,921:INFO:Checking exceptions
2026-03-05 14:14:20,922:INFO:Importing libraries
2026-03-05 14:14:20,923:INFO:Copying training dataset
2026-03-05 14:14:20,946:INFO:Defining folds
2026-03-05 14:14:20,946:INFO:Declaring metric variables
2026-03-05 14:14:20,946:INFO:Importing untrained model
2026-03-05 14:14:20,946:INFO:SVM - Radial Kernel Imported successfully
2026-03-05 14:14:20,947:INFO:Starting cross validation
2026-03-05 14:14:20,948:INFO:Cross validating with StratifiedKFold(n_splits=5, random_state=None, shuffle=False), n_jobs=-1
2026-03-05 14:14:21,174:WARNING:/Users/xiaowang/Documents/Github/DataMind/backend/.venv/lib/python3.11/site-packages/sklearn/metrics/_classification.py:1561: UserWarning: Note that pos_label (set to 'Y') is ignored when average != 'binary' (got 'weighted'). You may use labels=[pos_label] to specify a single positive class.
  warnings.warn(

2026-03-05 14:14:21,175:WARNING:/Users/xiaowang/Documents/Github/DataMind/backend/.venv/lib/python3.11/site-packages/sklearn/metrics/_classification.py:1561: UserWarning: Note that pos_label (set to 'Y') is ignored when average != 'binary' (got 'weighted'). You may use labels=[pos_label] to specify a single positive class.
  warnings.warn(

2026-03-05 14:14:21,176:WARNING:/Users/xiaowang/Documents/Github/DataMind/backend/.venv/lib/python3.11/site-packages/sklearn/metrics/_classification.py:1561: UserWarning: Note that pos_label (set to 'Y') is ignored when average != 'binary' (got 'weighted'). You may use labels=[pos_label] to specify a single positive class.
  warnings.warn(

2026-03-05 14:14:21,191:WARNING:/Users/xiaowang/Documents/Github/DataMind/backend/.venv/lib/python3.11/site-packages/sklearn/metrics/_classification.py:1561: UserWarning: Note that pos_label (set to 'Y') is ignored when average != 'binary' (got 'weighted'). You may use labels=[pos_label] to specify a single positive class.
  warnings.warn(

2026-03-05 14:14:21,192:WARNING:/Users/xiaowang/Documents/Github/DataMind/backend/.venv/lib/python3.11/site-packages/sklearn/metrics/_classification.py:1561: UserWarning: Note that pos_label (set to 'Y') is ignored when average != 'binary' (got 'weighted'). You may use labels=[pos_label] to specify a single positive class.
  warnings.warn(

2026-03-05 14:14:21,193:WARNING:/Users/xiaowang/Documents/Github/DataMind/backend/.venv/lib/python3.11/site-packages/sklearn/metrics/_classification.py:1561: UserWarning: Note that pos_label (set to 'Y') is ignored when average != 'binary' (got 'weighted'). You may use labels=[pos_label] to specify a single positive class.
  warnings.warn(

2026-03-05 14:14:21,196:WARNING:/Users/xiaowang/Documents/Github/DataMind/backend/.venv/lib/python3.11/site-packages/sklearn/metrics/_classification.py:1561: UserWarning: Note that pos_label (set to 'Y') is ignored when average != 'binary' (got 'weighted'). You may use labels=[pos_label] to specify a single positive class.
  warnings.warn(

2026-03-05 14:14:21,196:WARNING:/Users/xiaowang/Documents/Github/DataMind/backend/.venv/lib/python3.11/site-packages/sklearn/metrics/_classification.py:1561: UserWarning: Note that pos_label (set to 'Y') is ignored when average != 'binary' (got 'weighted'). You may use labels=[pos_label] to specify a single positive class.
  warnings.warn(

2026-03-05 14:14:21,197:WARNING:/Users/xiaowang/Documents/Github/DataMind/backend/.venv/lib/python3.11/site-packages/sklearn/metrics/_classification.py:1561: UserWarning: Note that pos_label (set to 'Y') is ignored when average != 'binary' (got 'weighted'). You may use labels=[pos_label] to specify a single positive class.
  warnings.warn(

2026-03-05 14:14:21,197:WARNING:/Users/xiaowang/Documents/Github/DataMind/backend/.venv/lib/python3.11/site-packages/sklearn/metrics/_classification.py:1561: UserWarning: Note that pos_label (set to 'Y') is ignored when average != 'binary' (got 'weighted'). You may use labels=[pos_label] to specify a single positive class.
  warnings.warn(

2026-03-05 14:14:21,197:WARNING:/Users/xiaowang/Documents/Github/DataMind/backend/.venv/lib/python3.11/site-packages/sklearn/metrics/_classification.py:1561: UserWarning: Note that pos_label (set to 'Y') is ignored when average != 'binary' (got 'weighted'). You may use labels=[pos_label] to specify a single positive class.
  warnings.warn(

2026-03-05 14:14:21,198:WARNING:/Users/xiaowang/Documents/Github/DataMind/backend/.venv/lib/python3.11/site-packages/sklearn/metrics/_classification.py:1561: UserWarning: Note that pos_label (set to 'Y') is ignored when average != 'binary' (got 'weighted'). You may use labels=[pos_label] to specify a single positive class.
  warnings.warn(

2026-03-05 14:14:21,213:WARNING:/Users/xiaowang/Documents/Github/DataMind/backend/.venv/lib/python3.11/site-packages/sklearn/metrics/_classification.py:1561: UserWarning: Note that pos_label (set to 'Y') is ignored when average != 'binary' (got 'weighted'). You may use labels=[pos_label] to specify a single positive class.
  warnings.warn(

2026-03-05 14:14:21,214:WARNING:/Users/xiaowang/Documents/Github/DataMind/backend/.venv/lib/python3.11/site-packages/sklearn/metrics/_classification.py:1561: UserWarning: Note that pos_label (set to 'Y') is ignored when average != 'binary' (got 'weighted'). You may use labels=[pos_label] to specify a single positive class.
  warnings.warn(

2026-03-05 14:14:21,215:WARNING:/Users/xiaowang/Documents/Github/DataMind/backend/.venv/lib/python3.11/site-packages/sklearn/metrics/_classification.py:1561: UserWarning: Note that pos_label (set to 'Y') is ignored when average != 'binary' (got 'weighted'). You may use labels=[pos_label] to specify a single positive class.
  warnings.warn(

2026-03-05 14:14:21,224:INFO:Calculating mean and std
2026-03-05 14:14:21,224:INFO:Creating metrics dataframe
2026-03-05 14:14:21,224:INFO:Finalizing model
2026-03-05 14:14:21,397:INFO:Uploading results into container
2026-03-05 14:14:21,398:INFO:Uploading model into container now
2026-03-05 14:14:21,399:INFO:_master_model_container: 19
2026-03-05 14:14:21,399:INFO:_display_container: 13
2026-03-05 14:14:21,400:INFO:SVC(C=1.0, break_ties=False, cache_size=200, class_weight=None, coef0=0.0,
    decision_function_shape='ovr', degree=3, gamma='auto', kernel='rbf',
    max_iter=-1, probability=True, random_state=42, shrinking=True, tol=0.001,
    verbose=False)
2026-03-05 14:14:21,400:INFO:create_model() successfully completed......................................
2026-03-05 14:14:21,458:INFO:Initializing predict_model()
2026-03-05 14:14:21,458:INFO:predict_model(self=<pycaret.classification.oop.ClassificationExperiment object at 0x16036f210>, estimator=SVC(C=1.0, break_ties=False, cache_size=200, class_weight=None, coef0=0.0,
    decision_function_shape='ovr', degree=3, gamma='auto', kernel='rbf',
    max_iter=-1, probability=True, random_state=42, shrinking=True, tol=0.001,
    verbose=False), probability_threshold=None, encoded_labels=False, raw_score=False, round=4, verbose=True, ml_usecase=None, preprocess=True, encode_labels=<function _SupervisedExperiment.predict_model.<locals>.encode_labels at 0x1605af9c0>)
2026-03-05 14:14:21,458:INFO:Checking exceptions
2026-03-05 14:14:21,458:INFO:Preloading libraries
2026-03-05 14:14:21,505:WARNING:/Users/xiaowang/Documents/Github/DataMind/backend/.venv/lib/python3.11/site-packages/sklearn/metrics/_classification.py:1561: UserWarning: Note that pos_label (set to 'Y') is ignored when average != 'binary' (got 'weighted'). You may use labels=[pos_label] to specify a single positive class.
  warnings.warn(

2026-03-05 14:14:21,507:WARNING:/Users/xiaowang/Documents/Github/DataMind/backend/.venv/lib/python3.11/site-packages/sklearn/metrics/_classification.py:1561: UserWarning: Note that pos_label (set to 'Y') is ignored when average != 'binary' (got 'weighted'). You may use labels=[pos_label] to specify a single positive class.
  warnings.warn(

2026-03-05 14:14:21,508:WARNING:/Users/xiaowang/Documents/Github/DataMind/backend/.venv/lib/python3.11/site-packages/sklearn/metrics/_classification.py:1561: UserWarning: Note that pos_label (set to 'Y') is ignored when average != 'binary' (got 'weighted'). You may use labels=[pos_label] to specify a single positive class.
  warnings.warn(

2026-03-05 14:14:21,570:INFO:Initializing create_model()
2026-03-05 14:14:21,570:INFO:create_model(self=<pycaret.classification.oop.ClassificationExperiment object at 0x16036f210>, estimator=gpc, fold=5, round=4, cross_validation=True, predict=True, fit_kwargs=None, groups=None, refit=True, probability_threshold=None, experiment_custom_tags=None, verbose=True, system=True, add_to_model_list=True, metrics=None, display=None, model_only=True, return_train_score=False, error_score=0.0, kwargs={})
2026-03-05 14:14:21,570:INFO:Checking exceptions
2026-03-05 14:14:21,571:INFO:Importing libraries
2026-03-05 14:14:21,571:INFO:Copying training dataset
2026-03-05 14:14:21,572:INFO:Defining folds
2026-03-05 14:14:21,572:INFO:Declaring metric variables
2026-03-05 14:14:21,572:INFO:Importing untrained model
2026-03-05 14:14:21,572:INFO:Gaussian Process Classifier Imported successfully
2026-03-05 14:14:21,573:INFO:Starting cross validation
2026-03-05 14:14:21,573:INFO:Cross validating with StratifiedKFold(n_splits=5, random_state=None, shuffle=False), n_jobs=1
2026-03-05 14:14:35,696:WARNING:/Users/xiaowang/Documents/Github/DataMind/backend/.venv/lib/python3.11/site-packages/sklearn/metrics/_classification.py:1561: UserWarning: Note that pos_label (set to 'Y') is ignored when average != 'binary' (got 'weighted'). You may use labels=[pos_label] to specify a single positive class.
  warnings.warn(

2026-03-05 14:14:35,698:WARNING:/Users/xiaowang/Documents/Github/DataMind/backend/.venv/lib/python3.11/site-packages/sklearn/metrics/_classification.py:1561: UserWarning: Note that pos_label (set to 'Y') is ignored when average != 'binary' (got 'weighted'). You may use labels=[pos_label] to specify a single positive class.
  warnings.warn(

2026-03-05 14:14:35,699:WARNING:/Users/xiaowang/Documents/Github/DataMind/backend/.venv/lib/python3.11/site-packages/sklearn/metrics/_classification.py:1561: UserWarning: Note that pos_label (set to 'Y') is ignored when average != 'binary' (got 'weighted'). You may use labels=[pos_label] to specify a single positive class.
  warnings.warn(

2026-03-05 14:14:48,868:WARNING:/Users/xiaowang/Documents/Github/DataMind/backend/.venv/lib/python3.11/site-packages/sklearn/metrics/_classification.py:1561: UserWarning: Note that pos_label (set to 'Y') is ignored when average != 'binary' (got 'weighted'). You may use labels=[pos_label] to specify a single positive class.
  warnings.warn(

2026-03-05 14:14:48,870:WARNING:/Users/xiaowang/Documents/Github/DataMind/backend/.venv/lib/python3.11/site-packages/sklearn/metrics/_classification.py:1561: UserWarning: Note that pos_label (set to 'Y') is ignored when average != 'binary' (got 'weighted'). You may use labels=[pos_label] to specify a single positive class.
  warnings.warn(

2026-03-05 14:14:48,870:WARNING:/Users/xiaowang/Documents/Github/DataMind/backend/.venv/lib/python3.11/site-packages/sklearn/metrics/_classification.py:1561: UserWarning: Note that pos_label (set to 'Y') is ignored when average != 'binary' (got 'weighted'). You may use labels=[pos_label] to specify a single positive class.
  warnings.warn(

2026-03-05 14:15:01,699:WARNING:/Users/xiaowang/Documents/Github/DataMind/backend/.venv/lib/python3.11/site-packages/sklearn/metrics/_classification.py:1561: UserWarning: Note that pos_label (set to 'Y') is ignored when average != 'binary' (got 'weighted'). You may use labels=[pos_label] to specify a single positive class.
  warnings.warn(

2026-03-05 14:15:01,701:WARNING:/Users/xiaowang/Documents/Github/DataMind/backend/.venv/lib/python3.11/site-packages/sklearn/metrics/_classification.py:1561: UserWarning: Note that pos_label (set to 'Y') is ignored when average != 'binary' (got 'weighted'). You may use labels=[pos_label] to specify a single positive class.
  warnings.warn(

2026-03-05 14:15:01,707:WARNING:/Users/xiaowang/Documents/Github/DataMind/backend/.venv/lib/python3.11/site-packages/sklearn/metrics/_classification.py:1561: UserWarning: Note that pos_label (set to 'Y') is ignored when average != 'binary' (got 'weighted'). You may use labels=[pos_label] to specify a single positive class.
  warnings.warn(

2026-03-05 14:15:14,479:WARNING:/Users/xiaowang/Documents/Github/DataMind/backend/.venv/lib/python3.11/site-packages/sklearn/metrics/_classification.py:1561: UserWarning: Note that pos_label (set to 'Y') is ignored when average != 'binary' (got 'weighted'). You may use labels=[pos_label] to specify a single positive class.
  warnings.warn(

2026-03-05 14:15:14,482:WARNING:/Users/xiaowang/Documents/Github/DataMind/backend/.venv/lib/python3.11/site-packages/sklearn/metrics/_classification.py:1561: UserWarning: Note that pos_label (set to 'Y') is ignored when average != 'binary' (got 'weighted'). You may use labels=[pos_label] to specify a single positive class.
  warnings.warn(

2026-03-05 14:15:14,483:WARNING:/Users/xiaowang/Documents/Github/DataMind/backend/.venv/lib/python3.11/site-packages/sklearn/metrics/_classification.py:1561: UserWarning: Note that pos_label (set to 'Y') is ignored when average != 'binary' (got 'weighted'). You may use labels=[pos_label] to specify a single positive class.
  warnings.warn(

2026-03-05 14:15:31,020:WARNING:/Users/xiaowang/Documents/Github/DataMind/backend/.venv/lib/python3.11/site-packages/sklearn/metrics/_classification.py:1561: UserWarning: Note that pos_label (set to 'Y') is ignored when average != 'binary' (got 'weighted'). You may use labels=[pos_label] to specify a single positive class.
  warnings.warn(

2026-03-05 14:15:31,021:WARNING:/Users/xiaowang/Documents/Github/DataMind/backend/.venv/lib/python3.11/site-packages/sklearn/metrics/_classification.py:1561: UserWarning: Note that pos_label (set to 'Y') is ignored when average != 'binary' (got 'weighted'). You may use labels=[pos_label] to specify a single positive class.
  warnings.warn(

2026-03-05 14:15:31,022:WARNING:/Users/xiaowang/Documents/Github/DataMind/backend/.venv/lib/python3.11/site-packages/sklearn/metrics/_classification.py:1561: UserWarning: Note that pos_label (set to 'Y') is ignored when average != 'binary' (got 'weighted'). You may use labels=[pos_label] to specify a single positive class.
  warnings.warn(

2026-03-05 14:15:31,024:INFO:Calculating mean and std
2026-03-05 14:15:31,025:INFO:Creating metrics dataframe
2026-03-05 14:15:31,026:INFO:Finalizing model
2026-03-05 14:15:49,038:INFO:Uploading results into container
2026-03-05 14:15:49,038:INFO:Uploading model into container now
2026-03-05 14:15:49,041:INFO:_master_model_container: 20
2026-03-05 14:15:49,041:INFO:_display_container: 15
2026-03-05 14:15:49,041:INFO:GaussianProcessClassifier(copy_X_train=False, kernel=None, max_iter_predict=100,
                          multi_class='one_vs_rest', n_jobs=-1,
                          n_restarts_optimizer=0, optimizer='fmin_l_bfgs_b',
                          random_state=42, warm_start=False)
2026-03-05 14:15:49,041:INFO:create_model() successfully completed......................................
2026-03-05 14:15:49,168:INFO:Initializing predict_model()
2026-03-05 14:15:49,168:INFO:predict_model(self=<pycaret.classification.oop.ClassificationExperiment object at 0x16036f210>, estimator=GaussianProcessClassifier(copy_X_train=False, kernel=None, max_iter_predict=100,
                          multi_class='one_vs_rest', n_jobs=-1,
                          n_restarts_optimizer=0, optimizer='fmin_l_bfgs_b',
                          random_state=42, warm_start=False), probability_threshold=None, encoded_labels=False, raw_score=False, round=4, verbose=True, ml_usecase=None, preprocess=True, encode_labels=<function _SupervisedExperiment.predict_model.<locals>.encode_labels at 0x15ce8a840>)
2026-03-05 14:15:49,168:INFO:Checking exceptions
2026-03-05 14:15:49,168:INFO:Preloading libraries
2026-03-05 14:15:51,302:WARNING:/Users/xiaowang/Documents/Github/DataMind/backend/.venv/lib/python3.11/site-packages/sklearn/metrics/_classification.py:1561: UserWarning: Note that pos_label (set to 'Y') is ignored when average != 'binary' (got 'weighted'). You may use labels=[pos_label] to specify a single positive class.
  warnings.warn(

2026-03-05 14:15:51,305:WARNING:/Users/xiaowang/Documents/Github/DataMind/backend/.venv/lib/python3.11/site-packages/sklearn/metrics/_classification.py:1561: UserWarning: Note that pos_label (set to 'Y') is ignored when average != 'binary' (got 'weighted'). You may use labels=[pos_label] to specify a single positive class.
  warnings.warn(

2026-03-05 14:15:51,307:WARNING:/Users/xiaowang/Documents/Github/DataMind/backend/.venv/lib/python3.11/site-packages/sklearn/metrics/_classification.py:1561: UserWarning: Note that pos_label (set to 'Y') is ignored when average != 'binary' (got 'weighted'). You may use labels=[pos_label] to specify a single positive class.
  warnings.warn(

2026-03-05 14:15:51,415:INFO:Initializing create_model()
2026-03-05 14:15:51,415:INFO:create_model(self=<pycaret.classification.oop.ClassificationExperiment object at 0x16036f210>, estimator=mlp, fold=5, round=4, cross_validation=True, predict=True, fit_kwargs=None, groups=None, refit=True, probability_threshold=None, experiment_custom_tags=None, verbose=True, system=True, add_to_model_list=True, metrics=None, display=None, model_only=True, return_train_score=False, error_score=0.0, kwargs={})
2026-03-05 14:15:51,416:INFO:Checking exceptions
2026-03-05 14:15:51,416:INFO:Importing libraries
2026-03-05 14:15:51,416:INFO:Copying training dataset
2026-03-05 14:15:51,423:INFO:Defining folds
2026-03-05 14:15:51,423:INFO:Declaring metric variables
2026-03-05 14:15:51,423:INFO:Importing untrained model
2026-03-05 14:15:51,423:INFO:MLP Classifier Imported successfully
2026-03-05 14:15:51,423:INFO:Starting cross validation
2026-03-05 14:15:51,425:INFO:Cross validating with StratifiedKFold(n_splits=5, random_state=None, shuffle=False), n_jobs=-1
2026-03-05 14:15:52,148:WARNING:/Users/xiaowang/Documents/Github/DataMind/backend/.venv/lib/python3.11/site-packages/sklearn/metrics/_classification.py:1561: UserWarning: Note that pos_label (set to 'Y') is ignored when average != 'binary' (got 'weighted'). You may use labels=[pos_label] to specify a single positive class.
  warnings.warn(

2026-03-05 14:15:52,150:WARNING:/Users/xiaowang/Documents/Github/DataMind/backend/.venv/lib/python3.11/site-packages/sklearn/metrics/_classification.py:1561: UserWarning: Note that pos_label (set to 'Y') is ignored when average != 'binary' (got 'weighted'). You may use labels=[pos_label] to specify a single positive class.
  warnings.warn(

2026-03-05 14:15:52,151:WARNING:/Users/xiaowang/Documents/Github/DataMind/backend/.venv/lib/python3.11/site-packages/sklearn/metrics/_classification.py:1561: UserWarning: Note that pos_label (set to 'Y') is ignored when average != 'binary' (got 'weighted'). You may use labels=[pos_label] to specify a single positive class.
  warnings.warn(

2026-03-05 14:15:52,201:WARNING:/Users/xiaowang/Documents/Github/DataMind/backend/.venv/lib/python3.11/site-packages/sklearn/metrics/_classification.py:1561: UserWarning: Note that pos_label (set to 'Y') is ignored when average != 'binary' (got 'weighted'). You may use labels=[pos_label] to specify a single positive class.
  warnings.warn(

2026-03-05 14:15:52,202:WARNING:/Users/xiaowang/Documents/Github/DataMind/backend/.venv/lib/python3.11/site-packages/sklearn/metrics/_classification.py:1561: UserWarning: Note that pos_label (set to 'Y') is ignored when average != 'binary' (got 'weighted'). You may use labels=[pos_label] to specify a single positive class.
  warnings.warn(

2026-03-05 14:15:52,203:WARNING:/Users/xiaowang/Documents/Github/DataMind/backend/.venv/lib/python3.11/site-packages/sklearn/metrics/_classification.py:1561: UserWarning: Note that pos_label (set to 'Y') is ignored when average != 'binary' (got 'weighted'). You may use labels=[pos_label] to specify a single positive class.
  warnings.warn(

2026-03-05 14:15:52,204:WARNING:/Users/xiaowang/Documents/Github/DataMind/backend/.venv/lib/python3.11/site-packages/sklearn/metrics/_classification.py:1561: UserWarning: Note that pos_label (set to 'Y') is ignored when average != 'binary' (got 'weighted'). You may use labels=[pos_label] to specify a single positive class.
  warnings.warn(

2026-03-05 14:15:52,205:WARNING:/Users/xiaowang/Documents/Github/DataMind/backend/.venv/lib/python3.11/site-packages/sklearn/metrics/_classification.py:1561: UserWarning: Note that pos_label (set to 'Y') is ignored when average != 'binary' (got 'weighted'). You may use labels=[pos_label] to specify a single positive class.
  warnings.warn(

2026-03-05 14:15:52,205:WARNING:/Users/xiaowang/Documents/Github/DataMind/backend/.venv/lib/python3.11/site-packages/sklearn/metrics/_classification.py:1561: UserWarning: Note that pos_label (set to 'Y') is ignored when average != 'binary' (got 'weighted'). You may use labels=[pos_label] to specify a single positive class.
  warnings.warn(

2026-03-05 14:15:52,206:WARNING:/Users/xiaowang/Documents/Github/DataMind/backend/.venv/lib/python3.11/site-packages/sklearn/metrics/_classification.py:1561: UserWarning: Note that pos_label (set to 'Y') is ignored when average != 'binary' (got 'weighted'). You may use labels=[pos_label] to specify a single positive class.
  warnings.warn(

2026-03-05 14:15:52,206:WARNING:/Users/xiaowang/Documents/Github/DataMind/backend/.venv/lib/python3.11/site-packages/sklearn/metrics/_classification.py:1561: UserWarning: Note that pos_label (set to 'Y') is ignored when average != 'binary' (got 'weighted'). You may use labels=[pos_label] to specify a single positive class.
  warnings.warn(

2026-03-05 14:15:52,207:WARNING:/Users/xiaowang/Documents/Github/DataMind/backend/.venv/lib/python3.11/site-packages/sklearn/metrics/_classification.py:1561: UserWarning: Note that pos_label (set to 'Y') is ignored when average != 'binary' (got 'weighted'). You may use labels=[pos_label] to specify a single positive class.
  warnings.warn(

2026-03-05 14:15:52,225:WARNING:/Users/xiaowang/Documents/Github/DataMind/backend/.venv/lib/python3.11/site-packages/sklearn/metrics/_classification.py:1561: UserWarning: Note that pos_label (set to 'Y') is ignored when average != 'binary' (got 'weighted'). You may use labels=[pos_label] to specify a single positive class.
  warnings.warn(

2026-03-05 14:15:52,225:WARNING:/Users/xiaowang/Documents/Github/DataMind/backend/.venv/lib/python3.11/site-packages/sklearn/metrics/_classification.py:1561: UserWarning: Note that pos_label (set to 'Y') is ignored when average != 'binary' (got 'weighted'). You may use labels=[pos_label] to specify a single positive class.
  warnings.warn(

2026-03-05 14:15:52,226:WARNING:/Users/xiaowang/Documents/Github/DataMind/backend/.venv/lib/python3.11/site-packages/sklearn/metrics/_classification.py:1561: UserWarning: Note that pos_label (set to 'Y') is ignored when average != 'binary' (got 'weighted'). You may use labels=[pos_label] to specify a single positive class.
  warnings.warn(

2026-03-05 14:15:52,237:INFO:Calculating mean and std
2026-03-05 14:15:52,237:INFO:Creating metrics dataframe
2026-03-05 14:15:52,237:INFO:Finalizing model
2026-03-05 14:19:04,766:INFO:Uploading results into container
2026-03-05 14:19:04,767:INFO:Uploading model into container now
2026-03-05 14:19:04,769:INFO:_master_model_container: 21
2026-03-05 14:19:04,769:INFO:_display_container: 17
2026-03-05 14:19:04,769:INFO:MLPClassifier(activation='relu', alpha=0.0001, batch_size='auto', beta_1=0.9,
              beta_2=0.999, early_stopping=False, epsilon=1e-08,
              hidden_layer_sizes=(100,), learning_rate='constant',
              learning_rate_init=0.001, max_fun=15000, max_iter=500,
              momentum=0.9, n_iter_no_change=10, nesterovs_momentum=True,
              power_t=0.5, random_state=42, shuffle=True, solver='adam',
              tol=0.0001, validation_fraction=0.1, verbose=False,
              warm_start=False)
2026-03-05 14:19:04,770:INFO:create_model() successfully completed......................................
2026-03-05 14:19:04,869:INFO:Initializing predict_model()
2026-03-05 14:19:04,869:INFO:predict_model(self=<pycaret.classification.oop.ClassificationExperiment object at 0x16036f210>, estimator=MLPClassifier(activation='relu', alpha=0.0001, batch_size='auto', beta_1=0.9,
              beta_2=0.999, early_stopping=False, epsilon=1e-08,
              hidden_layer_sizes=(100,), learning_rate='constant',
              learning_rate_init=0.001, max_fun=15000, max_iter=500,
              momentum=0.9, n_iter_no_change=10, nesterovs_momentum=True,
              power_t=0.5, random_state=42, shuffle=True, solver='adam',
              tol=0.0001, validation_fraction=0.1, verbose=False,
              warm_start=False), probability_threshold=None, encoded_labels=False, raw_score=False, round=4, verbose=True, ml_usecase=None, preprocess=True, encode_labels=<function _SupervisedExperiment.predict_model.<locals>.encode_labels at 0x12c32e2a0>)
2026-03-05 14:19:04,869:INFO:Checking exceptions
2026-03-05 14:19:04,869:INFO:Preloading libraries
2026-03-05 14:19:05,008:WARNING:/Users/xiaowang/Documents/Github/DataMind/backend/.venv/lib/python3.11/site-packages/sklearn/metrics/_classification.py:1561: UserWarning: Note that pos_label (set to 'Y') is ignored when average != 'binary' (got 'weighted'). You may use labels=[pos_label] to specify a single positive class.
  warnings.warn(

2026-03-05 14:19:05,012:WARNING:/Users/xiaowang/Documents/Github/DataMind/backend/.venv/lib/python3.11/site-packages/sklearn/metrics/_classification.py:1561: UserWarning: Note that pos_label (set to 'Y') is ignored when average != 'binary' (got 'weighted'). You may use labels=[pos_label] to specify a single positive class.
  warnings.warn(

2026-03-05 14:19:05,022:WARNING:/Users/xiaowang/Documents/Github/DataMind/backend/.venv/lib/python3.11/site-packages/sklearn/metrics/_classification.py:1561: UserWarning: Note that pos_label (set to 'Y') is ignored when average != 'binary' (got 'weighted'). You may use labels=[pos_label] to specify a single positive class.
  warnings.warn(

2026-03-05 14:19:05,141:INFO:Initializing create_model()
2026-03-05 14:19:05,141:INFO:create_model(self=<pycaret.classification.oop.ClassificationExperiment object at 0x16036f210>, estimator=ridge, fold=5, round=4, cross_validation=True, predict=True, fit_kwargs=None, groups=None, refit=True, probability_threshold=None, experiment_custom_tags=None, verbose=True, system=True, add_to_model_list=True, metrics=None, display=None, model_only=True, return_train_score=False, error_score=0.0, kwargs={})
2026-03-05 14:19:05,141:INFO:Checking exceptions
2026-03-05 14:19:05,141:INFO:Importing libraries
2026-03-05 14:19:05,150:INFO:Copying training dataset
2026-03-05 14:19:05,152:INFO:Defining folds
2026-03-05 14:19:05,152:INFO:Declaring metric variables
2026-03-05 14:19:05,152:INFO:Importing untrained model
2026-03-05 14:19:05,152:INFO:Ridge Classifier Imported successfully
2026-03-05 14:19:05,152:INFO:Starting cross validation
2026-03-05 14:19:05,153:INFO:Cross validating with StratifiedKFold(n_splits=5, random_state=None, shuffle=False), n_jobs=-1
2026-03-05 14:19:05,290:WARNING:/Users/xiaowang/Documents/Github/DataMind/backend/.venv/lib/python3.11/site-packages/sklearn/metrics/_classification.py:1561: UserWarning: Note that pos_label (set to 'Y') is ignored when average != 'binary' (got 'weighted'). You may use labels=[pos_label] to specify a single positive class.
  warnings.warn(

2026-03-05 14:19:05,291:WARNING:/Users/xiaowang/Documents/Github/DataMind/backend/.venv/lib/python3.11/site-packages/sklearn/metrics/_classification.py:1561: UserWarning: Note that pos_label (set to 'Y') is ignored when average != 'binary' (got 'weighted'). You may use labels=[pos_label] to specify a single positive class.
  warnings.warn(

2026-03-05 14:19:05,292:WARNING:/Users/xiaowang/Documents/Github/DataMind/backend/.venv/lib/python3.11/site-packages/sklearn/metrics/_classification.py:1561: UserWarning: Note that pos_label (set to 'Y') is ignored when average != 'binary' (got 'weighted'). You may use labels=[pos_label] to specify a single positive class.
  warnings.warn(

2026-03-05 14:19:05,302:WARNING:/Users/xiaowang/Documents/Github/DataMind/backend/.venv/lib/python3.11/site-packages/sklearn/metrics/_classification.py:1561: UserWarning: Note that pos_label (set to 'Y') is ignored when average != 'binary' (got 'weighted'). You may use labels=[pos_label] to specify a single positive class.
  warnings.warn(

2026-03-05 14:19:05,303:WARNING:/Users/xiaowang/Documents/Github/DataMind/backend/.venv/lib/python3.11/site-packages/sklearn/metrics/_classification.py:1561: UserWarning: Note that pos_label (set to 'Y') is ignored when average != 'binary' (got 'weighted'). You may use labels=[pos_label] to specify a single positive class.
  warnings.warn(

2026-03-05 14:19:05,304:WARNING:/Users/xiaowang/Documents/Github/DataMind/backend/.venv/lib/python3.11/site-packages/sklearn/metrics/_classification.py:1561: UserWarning: Note that pos_label (set to 'Y') is ignored when average != 'binary' (got 'weighted'). You may use labels=[pos_label] to specify a single positive class.
  warnings.warn(

2026-03-05 14:19:05,307:WARNING:/Users/xiaowang/Documents/Github/DataMind/backend/.venv/lib/python3.11/site-packages/sklearn/metrics/_classification.py:1561: UserWarning: Note that pos_label (set to 'Y') is ignored when average != 'binary' (got 'weighted'). You may use labels=[pos_label] to specify a single positive class.
  warnings.warn(

2026-03-05 14:19:05,308:WARNING:/Users/xiaowang/Documents/Github/DataMind/backend/.venv/lib/python3.11/site-packages/sklearn/metrics/_classification.py:1561: UserWarning: Note that pos_label (set to 'Y') is ignored when average != 'binary' (got 'weighted'). You may use labels=[pos_label] to specify a single positive class.
  warnings.warn(

2026-03-05 14:19:05,309:WARNING:/Users/xiaowang/Documents/Github/DataMind/backend/.venv/lib/python3.11/site-packages/sklearn/metrics/_classification.py:1561: UserWarning: Note that pos_label (set to 'Y') is ignored when average != 'binary' (got 'weighted'). You may use labels=[pos_label] to specify a single positive class.
  warnings.warn(

2026-03-05 14:19:05,316:WARNING:/Users/xiaowang/Documents/Github/DataMind/backend/.venv/lib/python3.11/site-packages/sklearn/metrics/_classification.py:1561: UserWarning: Note that pos_label (set to 'Y') is ignored when average != 'binary' (got 'weighted'). You may use labels=[pos_label] to specify a single positive class.
  warnings.warn(

2026-03-05 14:19:05,316:WARNING:/Users/xiaowang/Documents/Github/DataMind/backend/.venv/lib/python3.11/site-packages/sklearn/metrics/_classification.py:1561: UserWarning: Note that pos_label (set to 'Y') is ignored when average != 'binary' (got 'weighted'). You may use labels=[pos_label] to specify a single positive class.
  warnings.warn(

2026-03-05 14:19:05,317:WARNING:/Users/xiaowang/Documents/Github/DataMind/backend/.venv/lib/python3.11/site-packages/sklearn/metrics/_classification.py:1561: UserWarning: Note that pos_label (set to 'Y') is ignored when average != 'binary' (got 'weighted'). You may use labels=[pos_label] to specify a single positive class.
  warnings.warn(

2026-03-05 14:19:05,320:WARNING:/Users/xiaowang/Documents/Github/DataMind/backend/.venv/lib/python3.11/site-packages/sklearn/metrics/_classification.py:1561: UserWarning: Note that pos_label (set to 'Y') is ignored when average != 'binary' (got 'weighted'). You may use labels=[pos_label] to specify a single positive class.
  warnings.warn(

2026-03-05 14:19:05,321:WARNING:/Users/xiaowang/Documents/Github/DataMind/backend/.venv/lib/python3.11/site-packages/sklearn/metrics/_classification.py:1561: UserWarning: Note that pos_label (set to 'Y') is ignored when average != 'binary' (got 'weighted'). You may use labels=[pos_label] to specify a single positive class.
  warnings.warn(

2026-03-05 14:19:05,322:WARNING:/Users/xiaowang/Documents/Github/DataMind/backend/.venv/lib/python3.11/site-packages/sklearn/metrics/_classification.py:1561: UserWarning: Note that pos_label (set to 'Y') is ignored when average != 'binary' (got 'weighted'). You may use labels=[pos_label] to specify a single positive class.
  warnings.warn(

2026-03-05 14:19:05,332:INFO:Calculating mean and std
2026-03-05 14:19:05,332:INFO:Creating metrics dataframe
2026-03-05 14:19:05,333:INFO:Finalizing model
2026-03-05 14:19:05,416:INFO:Uploading results into container
2026-03-05 14:19:05,416:INFO:Uploading model into container now
2026-03-05 14:19:05,421:INFO:_master_model_container: 22
2026-03-05 14:19:05,421:INFO:_display_container: 19
2026-03-05 14:19:05,421:INFO:RidgeClassifier(alpha=1.0, class_weight=None, copy_X=True, fit_intercept=True,
                max_iter=None, positive=False, random_state=42, solver='auto',
                tol=0.0001)
2026-03-05 14:19:05,421:INFO:create_model() successfully completed......................................
2026-03-05 14:19:05,520:INFO:Initializing predict_model()
2026-03-05 14:19:05,520:INFO:predict_model(self=<pycaret.classification.oop.ClassificationExperiment object at 0x16036f210>, estimator=RidgeClassifier(alpha=1.0, class_weight=None, copy_X=True, fit_intercept=True,
                max_iter=None, positive=False, random_state=42, solver='auto',
                tol=0.0001), probability_threshold=None, encoded_labels=False, raw_score=False, round=4, verbose=True, ml_usecase=None, preprocess=True, encode_labels=<function _SupervisedExperiment.predict_model.<locals>.encode_labels at 0x160758a40>)
2026-03-05 14:19:05,520:INFO:Checking exceptions
2026-03-05 14:19:05,520:INFO:Preloading libraries
2026-03-05 14:19:05,602:WARNING:/Users/xiaowang/Documents/Github/DataMind/backend/.venv/lib/python3.11/site-packages/pycaret/utils/generic.py:585: UserWarning: Traceback (most recent call last):
  File "/Users/xiaowang/Documents/Github/DataMind/backend/.venv/lib/python3.11/site-packages/pycaret/utils/generic.py", line 580, in _calculate_metric
    calculated_metric = score_func(y_test, target, sample_weight=weights, **kwargs)
                        ^^^^^^^^^^^^^^^^^^^^^^^^^^^^^^^^^^^^^^^^^^^^^^^^^^^^^^^^^^^
  File "/Users/xiaowang/Documents/Github/DataMind/backend/.venv/lib/python3.11/site-packages/pycaret/internal/metrics.py", line 144, in __call__
    return self.score_func(y_true, y_pred, **kwargs)
           ^^^^^^^^^^^^^^^^^^^^^^^^^^^^^^^^^^^^^^^^^
  File "/Users/xiaowang/Documents/Github/DataMind/backend/.venv/lib/python3.11/site-packages/sklearn/utils/_param_validation.py", line 213, in wrapper
    return func(*args, **kwargs)
           ^^^^^^^^^^^^^^^^^^^^^
  File "/Users/xiaowang/Documents/Github/DataMind/backend/.venv/lib/python3.11/site-packages/sklearn/metrics/_ranking.py", line 619, in roc_auc_score
    y_score = check_array(y_score, ensure_2d=False)
              ^^^^^^^^^^^^^^^^^^^^^^^^^^^^^^^^^^^^^
  File "/Users/xiaowang/Documents/Github/DataMind/backend/.venv/lib/python3.11/site-packages/sklearn/utils/validation.py", line 997, in check_array
    array = _asarray_with_order(array, order=order, dtype=dtype, xp=xp)
            ^^^^^^^^^^^^^^^^^^^^^^^^^^^^^^^^^^^^^^^^^^^^^^^^^^^^^^^^^^^
  File "/Users/xiaowang/Documents/Github/DataMind/backend/.venv/lib/python3.11/site-packages/sklearn/utils/_array_api.py", line 521, in _asarray_with_order
    array = numpy.asarray(array, order=order, dtype=dtype)
            ^^^^^^^^^^^^^^^^^^^^^^^^^^^^^^^^^^^^^^^^^^^^^^
ValueError: could not convert string to float: 'Y'

During handling of the above exception, another exception occurred:

Traceback (most recent call last):
  File "/Users/xiaowang/Documents/Github/DataMind/backend/.venv/lib/python3.11/site-packages/pycaret/utils/generic.py", line 583, in _calculate_metric
    calculated_metric = score_func(y_test, target, **kwargs)
                        ^^^^^^^^^^^^^^^^^^^^^^^^^^^^^^^^^^^^
  File "/Users/xiaowang/Documents/Github/DataMind/backend/.venv/lib/python3.11/site-packages/pycaret/internal/metrics.py", line 144, in __call__
    return self.score_func(y_true, y_pred, **kwargs)
           ^^^^^^^^^^^^^^^^^^^^^^^^^^^^^^^^^^^^^^^^^
  File "/Users/xiaowang/Documents/Github/DataMind/backend/.venv/lib/python3.11/site-packages/sklearn/utils/_param_validation.py", line 213, in wrapper
    return func(*args, **kwargs)
           ^^^^^^^^^^^^^^^^^^^^^
  File "/Users/xiaowang/Documents/Github/DataMind/backend/.venv/lib/python3.11/site-packages/sklearn/metrics/_ranking.py", line 619, in roc_auc_score
    y_score = check_array(y_score, ensure_2d=False)
              ^^^^^^^^^^^^^^^^^^^^^^^^^^^^^^^^^^^^^
  File "/Users/xiaowang/Documents/Github/DataMind/backend/.venv/lib/python3.11/site-packages/sklearn/utils/validation.py", line 997, in check_array
    array = _asarray_with_order(array, order=order, dtype=dtype, xp=xp)
            ^^^^^^^^^^^^^^^^^^^^^^^^^^^^^^^^^^^^^^^^^^^^^^^^^^^^^^^^^^^
  File "/Users/xiaowang/Documents/Github/DataMind/backend/.venv/lib/python3.11/site-packages/sklearn/utils/_array_api.py", line 521, in _asarray_with_order
    array = numpy.asarray(array, order=order, dtype=dtype)
            ^^^^^^^^^^^^^^^^^^^^^^^^^^^^^^^^^^^^^^^^^^^^^^
ValueError: could not convert string to float: 'Y'

  warnings.warn(traceback.format_exc())

2026-03-05 14:19:05,604:WARNING:/Users/xiaowang/Documents/Github/DataMind/backend/.venv/lib/python3.11/site-packages/sklearn/metrics/_classification.py:1561: UserWarning: Note that pos_label (set to 'Y') is ignored when average != 'binary' (got 'weighted'). You may use labels=[pos_label] to specify a single positive class.
  warnings.warn(

2026-03-05 14:19:05,606:WARNING:/Users/xiaowang/Documents/Github/DataMind/backend/.venv/lib/python3.11/site-packages/sklearn/metrics/_classification.py:1561: UserWarning: Note that pos_label (set to 'Y') is ignored when average != 'binary' (got 'weighted'). You may use labels=[pos_label] to specify a single positive class.
  warnings.warn(

2026-03-05 14:19:05,607:WARNING:/Users/xiaowang/Documents/Github/DataMind/backend/.venv/lib/python3.11/site-packages/sklearn/metrics/_classification.py:1561: UserWarning: Note that pos_label (set to 'Y') is ignored when average != 'binary' (got 'weighted'). You may use labels=[pos_label] to specify a single positive class.
  warnings.warn(

2026-03-05 14:19:05,691:INFO:Initializing create_model()
2026-03-05 14:19:05,691:INFO:create_model(self=<pycaret.classification.oop.ClassificationExperiment object at 0x16036f210>, estimator=rf, fold=5, round=4, cross_validation=True, predict=True, fit_kwargs=None, groups=None, refit=True, probability_threshold=None, experiment_custom_tags=None, verbose=True, system=True, add_to_model_list=True, metrics=None, display=None, model_only=True, return_train_score=False, error_score=0.0, kwargs={})
2026-03-05 14:19:05,691:INFO:Checking exceptions
2026-03-05 14:19:05,692:INFO:Importing libraries
2026-03-05 14:19:05,692:INFO:Copying training dataset
2026-03-05 14:19:05,693:INFO:Defining folds
2026-03-05 14:19:05,693:INFO:Declaring metric variables
2026-03-05 14:19:05,693:INFO:Importing untrained model
2026-03-05 14:19:05,693:INFO:Random Forest Classifier Imported successfully
2026-03-05 14:19:05,693:INFO:Starting cross validation
2026-03-05 14:19:05,694:INFO:Cross validating with StratifiedKFold(n_splits=5, random_state=None, shuffle=False), n_jobs=-1
2026-03-05 14:19:05,989:WARNING:/Users/xiaowang/Documents/Github/DataMind/backend/.venv/lib/python3.11/site-packages/sklearn/metrics/_classification.py:1561: UserWarning: Note that pos_label (set to 'Y') is ignored when average != 'binary' (got 'weighted'). You may use labels=[pos_label] to specify a single positive class.
  warnings.warn(

2026-03-05 14:19:05,990:WARNING:/Users/xiaowang/Documents/Github/DataMind/backend/.venv/lib/python3.11/site-packages/sklearn/metrics/_classification.py:1561: UserWarning: Note that pos_label (set to 'Y') is ignored when average != 'binary' (got 'weighted'). You may use labels=[pos_label] to specify a single positive class.
  warnings.warn(

2026-03-05 14:19:05,991:WARNING:/Users/xiaowang/Documents/Github/DataMind/backend/.venv/lib/python3.11/site-packages/sklearn/metrics/_classification.py:1561: UserWarning: Note that pos_label (set to 'Y') is ignored when average != 'binary' (got 'weighted'). You may use labels=[pos_label] to specify a single positive class.
  warnings.warn(

2026-03-05 14:19:05,998:WARNING:/Users/xiaowang/Documents/Github/DataMind/backend/.venv/lib/python3.11/site-packages/sklearn/metrics/_classification.py:1561: UserWarning: Note that pos_label (set to 'Y') is ignored when average != 'binary' (got 'weighted'). You may use labels=[pos_label] to specify a single positive class.
  warnings.warn(

2026-03-05 14:19:06,000:WARNING:/Users/xiaowang/Documents/Github/DataMind/backend/.venv/lib/python3.11/site-packages/sklearn/metrics/_classification.py:1561: UserWarning: Note that pos_label (set to 'Y') is ignored when average != 'binary' (got 'weighted'). You may use labels=[pos_label] to specify a single positive class.
  warnings.warn(

2026-03-05 14:19:06,001:WARNING:/Users/xiaowang/Documents/Github/DataMind/backend/.venv/lib/python3.11/site-packages/sklearn/metrics/_classification.py:1561: UserWarning: Note that pos_label (set to 'Y') is ignored when average != 'binary' (got 'weighted'). You may use labels=[pos_label] to specify a single positive class.
  warnings.warn(

2026-03-05 14:19:06,007:WARNING:/Users/xiaowang/Documents/Github/DataMind/backend/.venv/lib/python3.11/site-packages/sklearn/metrics/_classification.py:1561: UserWarning: Note that pos_label (set to 'Y') is ignored when average != 'binary' (got 'weighted'). You may use labels=[pos_label] to specify a single positive class.
  warnings.warn(

2026-03-05 14:19:06,008:WARNING:/Users/xiaowang/Documents/Github/DataMind/backend/.venv/lib/python3.11/site-packages/sklearn/metrics/_classification.py:1561: UserWarning: Note that pos_label (set to 'Y') is ignored when average != 'binary' (got 'weighted'). You may use labels=[pos_label] to specify a single positive class.
  warnings.warn(

2026-03-05 14:19:06,009:WARNING:/Users/xiaowang/Documents/Github/DataMind/backend/.venv/lib/python3.11/site-packages/sklearn/metrics/_classification.py:1561: UserWarning: Note that pos_label (set to 'Y') is ignored when average != 'binary' (got 'weighted'). You may use labels=[pos_label] to specify a single positive class.
  warnings.warn(

2026-03-05 14:19:06,013:WARNING:/Users/xiaowang/Documents/Github/DataMind/backend/.venv/lib/python3.11/site-packages/sklearn/metrics/_classification.py:1561: UserWarning: Note that pos_label (set to 'Y') is ignored when average != 'binary' (got 'weighted'). You may use labels=[pos_label] to specify a single positive class.
  warnings.warn(

2026-03-05 14:19:06,013:WARNING:/Users/xiaowang/Documents/Github/DataMind/backend/.venv/lib/python3.11/site-packages/sklearn/metrics/_classification.py:1561: UserWarning: Note that pos_label (set to 'Y') is ignored when average != 'binary' (got 'weighted'). You may use labels=[pos_label] to specify a single positive class.
  warnings.warn(

2026-03-05 14:19:06,014:WARNING:/Users/xiaowang/Documents/Github/DataMind/backend/.venv/lib/python3.11/site-packages/sklearn/metrics/_classification.py:1561: UserWarning: Note that pos_label (set to 'Y') is ignored when average != 'binary' (got 'weighted'). You may use labels=[pos_label] to specify a single positive class.
  warnings.warn(

2026-03-05 14:19:06,014:WARNING:/Users/xiaowang/Documents/Github/DataMind/backend/.venv/lib/python3.11/site-packages/sklearn/metrics/_classification.py:1561: UserWarning: Note that pos_label (set to 'Y') is ignored when average != 'binary' (got 'weighted'). You may use labels=[pos_label] to specify a single positive class.
  warnings.warn(

2026-03-05 14:19:06,015:WARNING:/Users/xiaowang/Documents/Github/DataMind/backend/.venv/lib/python3.11/site-packages/sklearn/metrics/_classification.py:1561: UserWarning: Note that pos_label (set to 'Y') is ignored when average != 'binary' (got 'weighted'). You may use labels=[pos_label] to specify a single positive class.
  warnings.warn(

2026-03-05 14:19:06,015:WARNING:/Users/xiaowang/Documents/Github/DataMind/backend/.venv/lib/python3.11/site-packages/sklearn/metrics/_classification.py:1561: UserWarning: Note that pos_label (set to 'Y') is ignored when average != 'binary' (got 'weighted'). You may use labels=[pos_label] to specify a single positive class.
  warnings.warn(

2026-03-05 14:19:06,020:INFO:Calculating mean and std
2026-03-05 14:19:06,021:INFO:Creating metrics dataframe
2026-03-05 14:19:06,021:INFO:Finalizing model
2026-03-05 14:19:06,154:INFO:Uploading results into container
2026-03-05 14:19:06,155:INFO:Uploading model into container now
2026-03-05 14:19:06,157:INFO:_master_model_container: 23
2026-03-05 14:19:06,157:INFO:_display_container: 21
2026-03-05 14:19:06,157:INFO:RandomForestClassifier(bootstrap=True, ccp_alpha=0.0, class_weight=None,
                       criterion='gini', max_depth=None, max_features='sqrt',
                       max_leaf_nodes=None, max_samples=None,
                       min_impurity_decrease=0.0, min_samples_leaf=1,
                       min_samples_split=2, min_weight_fraction_leaf=0.0,
                       monotonic_cst=None, n_estimators=100, n_jobs=-1,
                       oob_score=False, random_state=42, verbose=0,
                       warm_start=False)
2026-03-05 14:19:06,157:INFO:create_model() successfully completed......................................
2026-03-05 14:19:06,214:INFO:Initializing predict_model()
2026-03-05 14:19:06,214:INFO:predict_model(self=<pycaret.classification.oop.ClassificationExperiment object at 0x16036f210>, estimator=RandomForestClassifier(bootstrap=True, ccp_alpha=0.0, class_weight=None,
                       criterion='gini', max_depth=None, max_features='sqrt',
                       max_leaf_nodes=None, max_samples=None,
                       min_impurity_decrease=0.0, min_samples_leaf=1,
                       min_samples_split=2, min_weight_fraction_leaf=0.0,
                       monotonic_cst=None, n_estimators=100, n_jobs=-1,
                       oob_score=False, random_state=42, verbose=0,
                       warm_start=False), probability_threshold=None, encoded_labels=False, raw_score=False, round=4, verbose=True, ml_usecase=None, preprocess=True, encode_labels=<function _SupervisedExperiment.predict_model.<locals>.encode_labels at 0x160501c60>)
2026-03-05 14:19:06,214:INFO:Checking exceptions
2026-03-05 14:19:06,214:INFO:Preloading libraries
2026-03-05 14:19:06,279:WARNING:/Users/xiaowang/Documents/Github/DataMind/backend/.venv/lib/python3.11/site-packages/sklearn/metrics/_classification.py:1561: UserWarning: Note that pos_label (set to 'Y') is ignored when average != 'binary' (got 'weighted'). You may use labels=[pos_label] to specify a single positive class.
  warnings.warn(

2026-03-05 14:19:06,281:WARNING:/Users/xiaowang/Documents/Github/DataMind/backend/.venv/lib/python3.11/site-packages/sklearn/metrics/_classification.py:1561: UserWarning: Note that pos_label (set to 'Y') is ignored when average != 'binary' (got 'weighted'). You may use labels=[pos_label] to specify a single positive class.
  warnings.warn(

2026-03-05 14:19:06,282:WARNING:/Users/xiaowang/Documents/Github/DataMind/backend/.venv/lib/python3.11/site-packages/sklearn/metrics/_classification.py:1561: UserWarning: Note that pos_label (set to 'Y') is ignored when average != 'binary' (got 'weighted'). You may use labels=[pos_label] to specify a single positive class.
  warnings.warn(

2026-03-05 14:19:06,343:INFO:Initializing create_model()
2026-03-05 14:19:06,343:INFO:create_model(self=<pycaret.classification.oop.ClassificationExperiment object at 0x16036f210>, estimator=qda, fold=5, round=4, cross_validation=True, predict=True, fit_kwargs=None, groups=None, refit=True, probability_threshold=None, experiment_custom_tags=None, verbose=True, system=True, add_to_model_list=True, metrics=None, display=None, model_only=True, return_train_score=False, error_score=0.0, kwargs={})
2026-03-05 14:19:06,343:INFO:Checking exceptions
2026-03-05 14:19:06,343:INFO:Importing libraries
2026-03-05 14:19:06,343:INFO:Copying training dataset
2026-03-05 14:19:06,345:INFO:Defining folds
2026-03-05 14:19:06,345:INFO:Declaring metric variables
2026-03-05 14:19:06,345:INFO:Importing untrained model
2026-03-05 14:19:06,346:INFO:Quadratic Discriminant Analysis Imported successfully
2026-03-05 14:19:06,346:INFO:Starting cross validation
2026-03-05 14:19:06,346:INFO:Cross validating with StratifiedKFold(n_splits=5, random_state=None, shuffle=False), n_jobs=-1
2026-03-05 14:19:06,414:WARNING:/Users/xiaowang/Documents/Github/DataMind/backend/.venv/lib/python3.11/site-packages/sklearn/discriminant_analysis.py:935: UserWarning: Variables are collinear
  warnings.warn("Variables are collinear")

2026-03-05 14:19:06,417:WARNING:/Users/xiaowang/Documents/Github/DataMind/backend/.venv/lib/python3.11/site-packages/sklearn/discriminant_analysis.py:935: UserWarning: Variables are collinear
  warnings.warn("Variables are collinear")

2026-03-05 14:19:06,419:WARNING:/Users/xiaowang/Documents/Github/DataMind/backend/.venv/lib/python3.11/site-packages/sklearn/discriminant_analysis.py:935: UserWarning: Variables are collinear
  warnings.warn("Variables are collinear")

2026-03-05 14:19:06,423:WARNING:/Users/xiaowang/Documents/Github/DataMind/backend/.venv/lib/python3.11/site-packages/sklearn/discriminant_analysis.py:935: UserWarning: Variables are collinear
  warnings.warn("Variables are collinear")

2026-03-05 14:19:06,424:WARNING:/Users/xiaowang/Documents/Github/DataMind/backend/.venv/lib/python3.11/site-packages/sklearn/discriminant_analysis.py:935: UserWarning: Variables are collinear
  warnings.warn("Variables are collinear")

2026-03-05 14:19:06,437:WARNING:/Users/xiaowang/Documents/Github/DataMind/backend/.venv/lib/python3.11/site-packages/sklearn/metrics/_classification.py:1561: UserWarning: Note that pos_label (set to 'Y') is ignored when average != 'binary' (got 'weighted'). You may use labels=[pos_label] to specify a single positive class.
  warnings.warn(

2026-03-05 14:19:06,438:WARNING:/Users/xiaowang/Documents/Github/DataMind/backend/.venv/lib/python3.11/site-packages/sklearn/metrics/_classification.py:1561: UserWarning: Note that pos_label (set to 'Y') is ignored when average != 'binary' (got 'weighted'). You may use labels=[pos_label] to specify a single positive class.
  warnings.warn(

2026-03-05 14:19:06,439:WARNING:/Users/xiaowang/Documents/Github/DataMind/backend/.venv/lib/python3.11/site-packages/sklearn/metrics/_classification.py:1561: UserWarning: Note that pos_label (set to 'Y') is ignored when average != 'binary' (got 'weighted'). You may use labels=[pos_label] to specify a single positive class.
  warnings.warn(

2026-03-05 14:19:06,442:WARNING:/Users/xiaowang/Documents/Github/DataMind/backend/.venv/lib/python3.11/site-packages/sklearn/metrics/_classification.py:1561: UserWarning: Note that pos_label (set to 'Y') is ignored when average != 'binary' (got 'weighted'). You may use labels=[pos_label] to specify a single positive class.
  warnings.warn(

2026-03-05 14:19:06,443:WARNING:/Users/xiaowang/Documents/Github/DataMind/backend/.venv/lib/python3.11/site-packages/sklearn/metrics/_classification.py:1561: UserWarning: Note that pos_label (set to 'Y') is ignored when average != 'binary' (got 'weighted'). You may use labels=[pos_label] to specify a single positive class.
  warnings.warn(

2026-03-05 14:19:06,443:WARNING:/Users/xiaowang/Documents/Github/DataMind/backend/.venv/lib/python3.11/site-packages/sklearn/metrics/_classification.py:1561: UserWarning: Note that pos_label (set to 'Y') is ignored when average != 'binary' (got 'weighted'). You may use labels=[pos_label] to specify a single positive class.
  warnings.warn(

2026-03-05 14:19:06,444:WARNING:/Users/xiaowang/Documents/Github/DataMind/backend/.venv/lib/python3.11/site-packages/sklearn/metrics/_classification.py:1561: UserWarning: Note that pos_label (set to 'Y') is ignored when average != 'binary' (got 'weighted'). You may use labels=[pos_label] to specify a single positive class.
  warnings.warn(

2026-03-05 14:19:06,444:WARNING:/Users/xiaowang/Documents/Github/DataMind/backend/.venv/lib/python3.11/site-packages/sklearn/metrics/_classification.py:1561: UserWarning: Note that pos_label (set to 'Y') is ignored when average != 'binary' (got 'weighted'). You may use labels=[pos_label] to specify a single positive class.
  warnings.warn(

2026-03-05 14:19:06,444:WARNING:/Users/xiaowang/Documents/Github/DataMind/backend/.venv/lib/python3.11/site-packages/sklearn/metrics/_classification.py:1561: UserWarning: Note that pos_label (set to 'Y') is ignored when average != 'binary' (got 'weighted'). You may use labels=[pos_label] to specify a single positive class.
  warnings.warn(

2026-03-05 14:19:06,445:WARNING:/Users/xiaowang/Documents/Github/DataMind/backend/.venv/lib/python3.11/site-packages/sklearn/metrics/_classification.py:1561: UserWarning: Note that pos_label (set to 'Y') is ignored when average != 'binary' (got 'weighted'). You may use labels=[pos_label] to specify a single positive class.
  warnings.warn(

2026-03-05 14:19:06,446:WARNING:/Users/xiaowang/Documents/Github/DataMind/backend/.venv/lib/python3.11/site-packages/sklearn/metrics/_classification.py:1561: UserWarning: Note that pos_label (set to 'Y') is ignored when average != 'binary' (got 'weighted'). You may use labels=[pos_label] to specify a single positive class.
  warnings.warn(

2026-03-05 14:19:06,447:WARNING:/Users/xiaowang/Documents/Github/DataMind/backend/.venv/lib/python3.11/site-packages/sklearn/metrics/_classification.py:1561: UserWarning: Note that pos_label (set to 'Y') is ignored when average != 'binary' (got 'weighted'). You may use labels=[pos_label] to specify a single positive class.
  warnings.warn(

2026-03-05 14:19:06,447:WARNING:/Users/xiaowang/Documents/Github/DataMind/backend/.venv/lib/python3.11/site-packages/sklearn/metrics/_classification.py:1561: UserWarning: Note that pos_label (set to 'Y') is ignored when average != 'binary' (got 'weighted'). You may use labels=[pos_label] to specify a single positive class.
  warnings.warn(

2026-03-05 14:19:06,448:WARNING:/Users/xiaowang/Documents/Github/DataMind/backend/.venv/lib/python3.11/site-packages/sklearn/metrics/_classification.py:1561: UserWarning: Note that pos_label (set to 'Y') is ignored when average != 'binary' (got 'weighted'). You may use labels=[pos_label] to specify a single positive class.
  warnings.warn(

2026-03-05 14:19:06,449:WARNING:/Users/xiaowang/Documents/Github/DataMind/backend/.venv/lib/python3.11/site-packages/sklearn/metrics/_classification.py:1561: UserWarning: Note that pos_label (set to 'Y') is ignored when average != 'binary' (got 'weighted'). You may use labels=[pos_label] to specify a single positive class.
  warnings.warn(

2026-03-05 14:19:06,451:INFO:Calculating mean and std
2026-03-05 14:19:06,451:INFO:Creating metrics dataframe
2026-03-05 14:19:06,452:INFO:Finalizing model
2026-03-05 14:19:06,595:WARNING:/Users/xiaowang/Documents/Github/DataMind/backend/.venv/lib/python3.11/site-packages/sklearn/discriminant_analysis.py:935: UserWarning: Variables are collinear
  warnings.warn("Variables are collinear")

2026-03-05 14:19:06,897:INFO:Uploading results into container
2026-03-05 14:19:06,897:INFO:Uploading model into container now
2026-03-05 14:19:06,899:INFO:_master_model_container: 24
2026-03-05 14:19:06,899:INFO:_display_container: 23
2026-03-05 14:19:06,899:INFO:QuadraticDiscriminantAnalysis(priors=None, reg_param=0.0,
                              store_covariance=False, tol=0.0001)
2026-03-05 14:19:06,899:INFO:create_model() successfully completed......................................
2026-03-05 14:19:06,991:INFO:Initializing predict_model()
2026-03-05 14:19:06,991:INFO:predict_model(self=<pycaret.classification.oop.ClassificationExperiment object at 0x16036f210>, estimator=QuadraticDiscriminantAnalysis(priors=None, reg_param=0.0,
                              store_covariance=False, tol=0.0001), probability_threshold=None, encoded_labels=False, raw_score=False, round=4, verbose=True, ml_usecase=None, preprocess=True, encode_labels=<function _SupervisedExperiment.predict_model.<locals>.encode_labels at 0x160501c60>)
2026-03-05 14:19:06,991:INFO:Checking exceptions
2026-03-05 14:19:06,991:INFO:Preloading libraries
2026-03-05 14:19:07,209:WARNING:/Users/xiaowang/Documents/Github/DataMind/backend/.venv/lib/python3.11/site-packages/sklearn/metrics/_classification.py:1561: UserWarning: Note that pos_label (set to 'Y') is ignored when average != 'binary' (got 'weighted'). You may use labels=[pos_label] to specify a single positive class.
  warnings.warn(

2026-03-05 14:19:07,210:WARNING:/Users/xiaowang/Documents/Github/DataMind/backend/.venv/lib/python3.11/site-packages/sklearn/metrics/_classification.py:1561: UserWarning: Note that pos_label (set to 'Y') is ignored when average != 'binary' (got 'weighted'). You may use labels=[pos_label] to specify a single positive class.
  warnings.warn(

2026-03-05 14:19:07,211:WARNING:/Users/xiaowang/Documents/Github/DataMind/backend/.venv/lib/python3.11/site-packages/sklearn/metrics/_classification.py:1561: UserWarning: Note that pos_label (set to 'Y') is ignored when average != 'binary' (got 'weighted'). You may use labels=[pos_label] to specify a single positive class.
  warnings.warn(

2026-03-05 14:19:07,344:INFO:Initializing create_model()
2026-03-05 14:19:07,345:INFO:create_model(self=<pycaret.classification.oop.ClassificationExperiment object at 0x16036f210>, estimator=ada, fold=5, round=4, cross_validation=True, predict=True, fit_kwargs=None, groups=None, refit=True, probability_threshold=None, experiment_custom_tags=None, verbose=True, system=True, add_to_model_list=True, metrics=None, display=None, model_only=True, return_train_score=False, error_score=0.0, kwargs={})
2026-03-05 14:19:07,345:INFO:Checking exceptions
2026-03-05 14:19:07,345:INFO:Importing libraries
2026-03-05 14:19:07,345:INFO:Copying training dataset
2026-03-05 14:19:07,350:INFO:Defining folds
2026-03-05 14:19:07,350:INFO:Declaring metric variables
2026-03-05 14:19:07,350:INFO:Importing untrained model
2026-03-05 14:19:07,350:INFO:Ada Boost Classifier Imported successfully
2026-03-05 14:19:07,350:INFO:Starting cross validation
2026-03-05 14:19:07,353:INFO:Cross validating with StratifiedKFold(n_splits=5, random_state=None, shuffle=False), n_jobs=-1
2026-03-05 14:19:07,453:WARNING:/Users/xiaowang/Documents/Github/DataMind/backend/.venv/lib/python3.11/site-packages/sklearn/ensemble/_weight_boosting.py:519: FutureWarning: The SAMME.R algorithm (the default) is deprecated and will be removed in 1.6. Use the SAMME algorithm to circumvent this warning.
  warnings.warn(

2026-03-05 14:19:07,456:WARNING:/Users/xiaowang/Documents/Github/DataMind/backend/.venv/lib/python3.11/site-packages/sklearn/ensemble/_weight_boosting.py:519: FutureWarning: The SAMME.R algorithm (the default) is deprecated and will be removed in 1.6. Use the SAMME algorithm to circumvent this warning.
  warnings.warn(

2026-03-05 14:19:07,464:WARNING:/Users/xiaowang/Documents/Github/DataMind/backend/.venv/lib/python3.11/site-packages/sklearn/ensemble/_weight_boosting.py:519: FutureWarning: The SAMME.R algorithm (the default) is deprecated and will be removed in 1.6. Use the SAMME algorithm to circumvent this warning.
  warnings.warn(

2026-03-05 14:19:07,466:WARNING:/Users/xiaowang/Documents/Github/DataMind/backend/.venv/lib/python3.11/site-packages/sklearn/ensemble/_weight_boosting.py:519: FutureWarning: The SAMME.R algorithm (the default) is deprecated and will be removed in 1.6. Use the SAMME algorithm to circumvent this warning.
  warnings.warn(

2026-03-05 14:19:07,477:WARNING:/Users/xiaowang/Documents/Github/DataMind/backend/.venv/lib/python3.11/site-packages/sklearn/ensemble/_weight_boosting.py:519: FutureWarning: The SAMME.R algorithm (the default) is deprecated and will be removed in 1.6. Use the SAMME algorithm to circumvent this warning.
  warnings.warn(

2026-03-05 14:19:07,522:WARNING:/Users/xiaowang/Documents/Github/DataMind/backend/.venv/lib/python3.11/site-packages/sklearn/metrics/_classification.py:1561: UserWarning: Note that pos_label (set to 'Y') is ignored when average != 'binary' (got 'weighted'). You may use labels=[pos_label] to specify a single positive class.
  warnings.warn(

2026-03-05 14:19:07,523:WARNING:/Users/xiaowang/Documents/Github/DataMind/backend/.venv/lib/python3.11/site-packages/sklearn/metrics/_classification.py:1561: UserWarning: Note that pos_label (set to 'Y') is ignored when average != 'binary' (got 'weighted'). You may use labels=[pos_label] to specify a single positive class.
  warnings.warn(

2026-03-05 14:19:07,524:WARNING:/Users/xiaowang/Documents/Github/DataMind/backend/.venv/lib/python3.11/site-packages/sklearn/metrics/_classification.py:1561: UserWarning: Note that pos_label (set to 'Y') is ignored when average != 'binary' (got 'weighted'). You may use labels=[pos_label] to specify a single positive class.
  warnings.warn(

2026-03-05 14:19:07,524:WARNING:/Users/xiaowang/Documents/Github/DataMind/backend/.venv/lib/python3.11/site-packages/sklearn/metrics/_classification.py:1561: UserWarning: Note that pos_label (set to 'Y') is ignored when average != 'binary' (got 'weighted'). You may use labels=[pos_label] to specify a single positive class.
  warnings.warn(

2026-03-05 14:19:07,525:WARNING:/Users/xiaowang/Documents/Github/DataMind/backend/.venv/lib/python3.11/site-packages/sklearn/metrics/_classification.py:1561: UserWarning: Note that pos_label (set to 'Y') is ignored when average != 'binary' (got 'weighted'). You may use labels=[pos_label] to specify a single positive class.
  warnings.warn(

2026-03-05 14:19:07,526:WARNING:/Users/xiaowang/Documents/Github/DataMind/backend/.venv/lib/python3.11/site-packages/sklearn/metrics/_classification.py:1561: UserWarning: Note that pos_label (set to 'Y') is ignored when average != 'binary' (got 'weighted'). You may use labels=[pos_label] to specify a single positive class.
  warnings.warn(

2026-03-05 14:19:07,532:WARNING:/Users/xiaowang/Documents/Github/DataMind/backend/.venv/lib/python3.11/site-packages/sklearn/metrics/_classification.py:1561: UserWarning: Note that pos_label (set to 'Y') is ignored when average != 'binary' (got 'weighted'). You may use labels=[pos_label] to specify a single positive class.
  warnings.warn(

2026-03-05 14:19:07,533:WARNING:/Users/xiaowang/Documents/Github/DataMind/backend/.venv/lib/python3.11/site-packages/sklearn/metrics/_classification.py:1561: UserWarning: Note that pos_label (set to 'Y') is ignored when average != 'binary' (got 'weighted'). You may use labels=[pos_label] to specify a single positive class.
  warnings.warn(

2026-03-05 14:19:07,533:WARNING:/Users/xiaowang/Documents/Github/DataMind/backend/.venv/lib/python3.11/site-packages/sklearn/metrics/_classification.py:1561: UserWarning: Note that pos_label (set to 'Y') is ignored when average != 'binary' (got 'weighted'). You may use labels=[pos_label] to specify a single positive class.
  warnings.warn(

2026-03-05 14:19:07,534:WARNING:/Users/xiaowang/Documents/Github/DataMind/backend/.venv/lib/python3.11/site-packages/sklearn/metrics/_classification.py:1561: UserWarning: Note that pos_label (set to 'Y') is ignored when average != 'binary' (got 'weighted'). You may use labels=[pos_label] to specify a single positive class.
  warnings.warn(

2026-03-05 14:19:07,534:WARNING:/Users/xiaowang/Documents/Github/DataMind/backend/.venv/lib/python3.11/site-packages/sklearn/metrics/_classification.py:1561: UserWarning: Note that pos_label (set to 'Y') is ignored when average != 'binary' (got 'weighted'). You may use labels=[pos_label] to specify a single positive class.
  warnings.warn(

2026-03-05 14:19:07,535:WARNING:/Users/xiaowang/Documents/Github/DataMind/backend/.venv/lib/python3.11/site-packages/sklearn/metrics/_classification.py:1561: UserWarning: Note that pos_label (set to 'Y') is ignored when average != 'binary' (got 'weighted'). You may use labels=[pos_label] to specify a single positive class.
  warnings.warn(

2026-03-05 14:19:07,543:WARNING:/Users/xiaowang/Documents/Github/DataMind/backend/.venv/lib/python3.11/site-packages/sklearn/metrics/_classification.py:1561: UserWarning: Note that pos_label (set to 'Y') is ignored when average != 'binary' (got 'weighted'). You may use labels=[pos_label] to specify a single positive class.
  warnings.warn(

2026-03-05 14:19:07,544:WARNING:/Users/xiaowang/Documents/Github/DataMind/backend/.venv/lib/python3.11/site-packages/sklearn/metrics/_classification.py:1561: UserWarning: Note that pos_label (set to 'Y') is ignored when average != 'binary' (got 'weighted'). You may use labels=[pos_label] to specify a single positive class.
  warnings.warn(

2026-03-05 14:19:07,545:WARNING:/Users/xiaowang/Documents/Github/DataMind/backend/.venv/lib/python3.11/site-packages/sklearn/metrics/_classification.py:1561: UserWarning: Note that pos_label (set to 'Y') is ignored when average != 'binary' (got 'weighted'). You may use labels=[pos_label] to specify a single positive class.
  warnings.warn(

2026-03-05 14:19:07,557:INFO:Calculating mean and std
2026-03-05 14:19:07,558:INFO:Creating metrics dataframe
2026-03-05 14:19:07,558:INFO:Finalizing model
2026-03-05 14:19:07,615:WARNING:/Users/xiaowang/Documents/Github/DataMind/backend/.venv/lib/python3.11/site-packages/sklearn/ensemble/_weight_boosting.py:519: FutureWarning: The SAMME.R algorithm (the default) is deprecated and will be removed in 1.6. Use the SAMME algorithm to circumvent this warning.
  warnings.warn(

2026-03-05 14:19:07,660:INFO:Uploading results into container
2026-03-05 14:19:07,660:INFO:Uploading model into container now
2026-03-05 14:19:07,662:INFO:_master_model_container: 25
2026-03-05 14:19:07,662:INFO:_display_container: 25
2026-03-05 14:19:07,662:INFO:AdaBoostClassifier(algorithm='SAMME.R', estimator=None, learning_rate=1.0,
                   n_estimators=50, random_state=42)
2026-03-05 14:19:07,662:INFO:create_model() successfully completed......................................
2026-03-05 14:19:07,719:INFO:Initializing predict_model()
2026-03-05 14:19:07,719:INFO:predict_model(self=<pycaret.classification.oop.ClassificationExperiment object at 0x16036f210>, estimator=AdaBoostClassifier(algorithm='SAMME.R', estimator=None, learning_rate=1.0,
                   n_estimators=50, random_state=42), probability_threshold=None, encoded_labels=False, raw_score=False, round=4, verbose=True, ml_usecase=None, preprocess=True, encode_labels=<function _SupervisedExperiment.predict_model.<locals>.encode_labels at 0x1605af9c0>)
2026-03-05 14:19:07,719:INFO:Checking exceptions
2026-03-05 14:19:07,719:INFO:Preloading libraries
2026-03-05 14:19:07,753:WARNING:/Users/xiaowang/Documents/Github/DataMind/backend/.venv/lib/python3.11/site-packages/sklearn/metrics/_classification.py:1561: UserWarning: Note that pos_label (set to 'Y') is ignored when average != 'binary' (got 'weighted'). You may use labels=[pos_label] to specify a single positive class.
  warnings.warn(

2026-03-05 14:19:07,754:WARNING:/Users/xiaowang/Documents/Github/DataMind/backend/.venv/lib/python3.11/site-packages/sklearn/metrics/_classification.py:1561: UserWarning: Note that pos_label (set to 'Y') is ignored when average != 'binary' (got 'weighted'). You may use labels=[pos_label] to specify a single positive class.
  warnings.warn(

2026-03-05 14:19:07,755:WARNING:/Users/xiaowang/Documents/Github/DataMind/backend/.venv/lib/python3.11/site-packages/sklearn/metrics/_classification.py:1561: UserWarning: Note that pos_label (set to 'Y') is ignored when average != 'binary' (got 'weighted'). You may use labels=[pos_label] to specify a single positive class.
  warnings.warn(

2026-03-05 14:19:07,817:INFO:Initializing create_model()
2026-03-05 14:19:07,817:INFO:create_model(self=<pycaret.classification.oop.ClassificationExperiment object at 0x16036f210>, estimator=gbc, fold=5, round=4, cross_validation=True, predict=True, fit_kwargs=None, groups=None, refit=True, probability_threshold=None, experiment_custom_tags=None, verbose=True, system=True, add_to_model_list=True, metrics=None, display=None, model_only=True, return_train_score=False, error_score=0.0, kwargs={})
2026-03-05 14:19:07,817:INFO:Checking exceptions
2026-03-05 14:19:07,817:INFO:Importing libraries
2026-03-05 14:19:07,817:INFO:Copying training dataset
2026-03-05 14:19:07,819:INFO:Defining folds
2026-03-05 14:19:07,819:INFO:Declaring metric variables
2026-03-05 14:19:07,819:INFO:Importing untrained model
2026-03-05 14:19:07,819:INFO:Gradient Boosting Classifier Imported successfully
2026-03-05 14:19:07,819:INFO:Starting cross validation
2026-03-05 14:19:07,820:INFO:Cross validating with StratifiedKFold(n_splits=5, random_state=None, shuffle=False), n_jobs=-1
2026-03-05 14:19:08,023:WARNING:/Users/xiaowang/Documents/Github/DataMind/backend/.venv/lib/python3.11/site-packages/sklearn/metrics/_classification.py:1561: UserWarning: Note that pos_label (set to 'Y') is ignored when average != 'binary' (got 'weighted'). You may use labels=[pos_label] to specify a single positive class.
  warnings.warn(

2026-03-05 14:19:08,024:WARNING:/Users/xiaowang/Documents/Github/DataMind/backend/.venv/lib/python3.11/site-packages/sklearn/metrics/_classification.py:1561: UserWarning: Note that pos_label (set to 'Y') is ignored when average != 'binary' (got 'weighted'). You may use labels=[pos_label] to specify a single positive class.
  warnings.warn(

2026-03-05 14:19:08,025:WARNING:/Users/xiaowang/Documents/Github/DataMind/backend/.venv/lib/python3.11/site-packages/sklearn/metrics/_classification.py:1561: UserWarning: Note that pos_label (set to 'Y') is ignored when average != 'binary' (got 'weighted'). You may use labels=[pos_label] to specify a single positive class.
  warnings.warn(

2026-03-05 14:19:08,026:WARNING:/Users/xiaowang/Documents/Github/DataMind/backend/.venv/lib/python3.11/site-packages/sklearn/metrics/_classification.py:1561: UserWarning: Note that pos_label (set to 'Y') is ignored when average != 'binary' (got 'weighted'). You may use labels=[pos_label] to specify a single positive class.
  warnings.warn(

2026-03-05 14:19:08,027:WARNING:/Users/xiaowang/Documents/Github/DataMind/backend/.venv/lib/python3.11/site-packages/sklearn/metrics/_classification.py:1561: UserWarning: Note that pos_label (set to 'Y') is ignored when average != 'binary' (got 'weighted'). You may use labels=[pos_label] to specify a single positive class.
  warnings.warn(

2026-03-05 14:19:08,027:WARNING:/Users/xiaowang/Documents/Github/DataMind/backend/.venv/lib/python3.11/site-packages/sklearn/metrics/_classification.py:1561: UserWarning: Note that pos_label (set to 'Y') is ignored when average != 'binary' (got 'weighted'). You may use labels=[pos_label] to specify a single positive class.
  warnings.warn(

2026-03-05 14:19:08,028:WARNING:/Users/xiaowang/Documents/Github/DataMind/backend/.venv/lib/python3.11/site-packages/sklearn/metrics/_classification.py:1561: UserWarning: Note that pos_label (set to 'Y') is ignored when average != 'binary' (got 'weighted'). You may use labels=[pos_label] to specify a single positive class.
  warnings.warn(

2026-03-05 14:19:08,028:WARNING:/Users/xiaowang/Documents/Github/DataMind/backend/.venv/lib/python3.11/site-packages/sklearn/metrics/_classification.py:1561: UserWarning: Note that pos_label (set to 'Y') is ignored when average != 'binary' (got 'weighted'). You may use labels=[pos_label] to specify a single positive class.
  warnings.warn(

2026-03-05 14:19:08,029:WARNING:/Users/xiaowang/Documents/Github/DataMind/backend/.venv/lib/python3.11/site-packages/sklearn/metrics/_classification.py:1561: UserWarning: Note that pos_label (set to 'Y') is ignored when average != 'binary' (got 'weighted'). You may use labels=[pos_label] to specify a single positive class.
  warnings.warn(

2026-03-05 14:19:08,033:WARNING:/Users/xiaowang/Documents/Github/DataMind/backend/.venv/lib/python3.11/site-packages/sklearn/metrics/_classification.py:1561: UserWarning: Note that pos_label (set to 'Y') is ignored when average != 'binary' (got 'weighted'). You may use labels=[pos_label] to specify a single positive class.
  warnings.warn(

2026-03-05 14:19:08,034:WARNING:/Users/xiaowang/Documents/Github/DataMind/backend/.venv/lib/python3.11/site-packages/sklearn/metrics/_classification.py:1561: UserWarning: Note that pos_label (set to 'Y') is ignored when average != 'binary' (got 'weighted'). You may use labels=[pos_label] to specify a single positive class.
  warnings.warn(

2026-03-05 14:19:08,034:WARNING:/Users/xiaowang/Documents/Github/DataMind/backend/.venv/lib/python3.11/site-packages/sklearn/metrics/_classification.py:1561: UserWarning: Note that pos_label (set to 'Y') is ignored when average != 'binary' (got 'weighted'). You may use labels=[pos_label] to specify a single positive class.
  warnings.warn(

2026-03-05 14:19:08,037:WARNING:/Users/xiaowang/Documents/Github/DataMind/backend/.venv/lib/python3.11/site-packages/sklearn/metrics/_classification.py:1561: UserWarning: Note that pos_label (set to 'Y') is ignored when average != 'binary' (got 'weighted'). You may use labels=[pos_label] to specify a single positive class.
  warnings.warn(

2026-03-05 14:19:08,038:WARNING:/Users/xiaowang/Documents/Github/DataMind/backend/.venv/lib/python3.11/site-packages/sklearn/metrics/_classification.py:1561: UserWarning: Note that pos_label (set to 'Y') is ignored when average != 'binary' (got 'weighted'). You may use labels=[pos_label] to specify a single positive class.
  warnings.warn(

2026-03-05 14:19:08,039:WARNING:/Users/xiaowang/Documents/Github/DataMind/backend/.venv/lib/python3.11/site-packages/sklearn/metrics/_classification.py:1561: UserWarning: Note that pos_label (set to 'Y') is ignored when average != 'binary' (got 'weighted'). You may use labels=[pos_label] to specify a single positive class.
  warnings.warn(

2026-03-05 14:19:08,044:INFO:Calculating mean and std
2026-03-05 14:19:08,044:INFO:Creating metrics dataframe
2026-03-05 14:19:08,045:INFO:Finalizing model
2026-03-05 14:19:08,237:INFO:Uploading results into container
2026-03-05 14:19:08,237:INFO:Uploading model into container now
2026-03-05 14:19:08,239:INFO:_master_model_container: 26
2026-03-05 14:19:08,239:INFO:_display_container: 27
2026-03-05 14:19:08,239:INFO:GradientBoostingClassifier(ccp_alpha=0.0, criterion='friedman_mse', init=None,
                           learning_rate=0.1, loss='log_loss', max_depth=3,
                           max_features=None, max_leaf_nodes=None,
                           min_impurity_decrease=0.0, min_samples_leaf=1,
                           min_samples_split=2, min_weight_fraction_leaf=0.0,
                           n_estimators=100, n_iter_no_change=None,
                           random_state=42, subsample=1.0, tol=0.0001,
                           validation_fraction=0.1, verbose=0,
                           warm_start=False)
2026-03-05 14:19:08,239:INFO:create_model() successfully completed......................................
2026-03-05 14:19:08,297:INFO:Initializing predict_model()
2026-03-05 14:19:08,297:INFO:predict_model(self=<pycaret.classification.oop.ClassificationExperiment object at 0x16036f210>, estimator=GradientBoostingClassifier(ccp_alpha=0.0, criterion='friedman_mse', init=None,
                           learning_rate=0.1, loss='log_loss', max_depth=3,
                           max_features=None, max_leaf_nodes=None,
                           min_impurity_decrease=0.0, min_samples_leaf=1,
                           min_samples_split=2, min_weight_fraction_leaf=0.0,
                           n_estimators=100, n_iter_no_change=None,
                           random_state=42, subsample=1.0, tol=0.0001,
                           validation_fraction=0.1, verbose=0,
                           warm_start=False), probability_threshold=None, encoded_labels=False, raw_score=False, round=4, verbose=True, ml_usecase=None, preprocess=True, encode_labels=<function _SupervisedExperiment.predict_model.<locals>.encode_labels at 0x1605af9c0>)
2026-03-05 14:19:08,297:INFO:Checking exceptions
2026-03-05 14:19:08,297:INFO:Preloading libraries
2026-03-05 14:19:08,328:WARNING:/Users/xiaowang/Documents/Github/DataMind/backend/.venv/lib/python3.11/site-packages/sklearn/metrics/_classification.py:1561: UserWarning: Note that pos_label (set to 'Y') is ignored when average != 'binary' (got 'weighted'). You may use labels=[pos_label] to specify a single positive class.
  warnings.warn(

2026-03-05 14:19:08,329:WARNING:/Users/xiaowang/Documents/Github/DataMind/backend/.venv/lib/python3.11/site-packages/sklearn/metrics/_classification.py:1561: UserWarning: Note that pos_label (set to 'Y') is ignored when average != 'binary' (got 'weighted'). You may use labels=[pos_label] to specify a single positive class.
  warnings.warn(

2026-03-05 14:19:08,330:WARNING:/Users/xiaowang/Documents/Github/DataMind/backend/.venv/lib/python3.11/site-packages/sklearn/metrics/_classification.py:1561: UserWarning: Note that pos_label (set to 'Y') is ignored when average != 'binary' (got 'weighted'). You may use labels=[pos_label] to specify a single positive class.
  warnings.warn(

2026-03-05 14:19:08,393:INFO:Initializing create_model()
2026-03-05 14:19:08,393:INFO:create_model(self=<pycaret.classification.oop.ClassificationExperiment object at 0x16036f210>, estimator=lda, fold=5, round=4, cross_validation=True, predict=True, fit_kwargs=None, groups=None, refit=True, probability_threshold=None, experiment_custom_tags=None, verbose=True, system=True, add_to_model_list=True, metrics=None, display=None, model_only=True, return_train_score=False, error_score=0.0, kwargs={})
2026-03-05 14:19:08,393:INFO:Checking exceptions
2026-03-05 14:19:08,393:INFO:Importing libraries
2026-03-05 14:19:08,393:INFO:Copying training dataset
2026-03-05 14:19:08,395:INFO:Defining folds
2026-03-05 14:19:08,395:INFO:Declaring metric variables
2026-03-05 14:19:08,395:INFO:Importing untrained model
2026-03-05 14:19:08,395:INFO:Linear Discriminant Analysis Imported successfully
2026-03-05 14:19:08,395:INFO:Starting cross validation
2026-03-05 14:19:08,396:INFO:Cross validating with StratifiedKFold(n_splits=5, random_state=None, shuffle=False), n_jobs=-1
2026-03-05 14:19:08,489:WARNING:/Users/xiaowang/Documents/Github/DataMind/backend/.venv/lib/python3.11/site-packages/sklearn/metrics/_classification.py:1561: UserWarning: Note that pos_label (set to 'Y') is ignored when average != 'binary' (got 'weighted'). You may use labels=[pos_label] to specify a single positive class.
  warnings.warn(

2026-03-05 14:19:08,490:WARNING:/Users/xiaowang/Documents/Github/DataMind/backend/.venv/lib/python3.11/site-packages/sklearn/metrics/_classification.py:1561: UserWarning: Note that pos_label (set to 'Y') is ignored when average != 'binary' (got 'weighted'). You may use labels=[pos_label] to specify a single positive class.
  warnings.warn(

2026-03-05 14:19:08,491:WARNING:/Users/xiaowang/Documents/Github/DataMind/backend/.venv/lib/python3.11/site-packages/sklearn/metrics/_classification.py:1561: UserWarning: Note that pos_label (set to 'Y') is ignored when average != 'binary' (got 'weighted'). You may use labels=[pos_label] to specify a single positive class.
  warnings.warn(

2026-03-05 14:19:08,493:WARNING:/Users/xiaowang/Documents/Github/DataMind/backend/.venv/lib/python3.11/site-packages/sklearn/metrics/_classification.py:1561: UserWarning: Note that pos_label (set to 'Y') is ignored when average != 'binary' (got 'weighted'). You may use labels=[pos_label] to specify a single positive class.
  warnings.warn(

2026-03-05 14:19:08,494:WARNING:/Users/xiaowang/Documents/Github/DataMind/backend/.venv/lib/python3.11/site-packages/sklearn/metrics/_classification.py:1561: UserWarning: Note that pos_label (set to 'Y') is ignored when average != 'binary' (got 'weighted'). You may use labels=[pos_label] to specify a single positive class.
  warnings.warn(

2026-03-05 14:19:08,495:WARNING:/Users/xiaowang/Documents/Github/DataMind/backend/.venv/lib/python3.11/site-packages/sklearn/metrics/_classification.py:1561: UserWarning: Note that pos_label (set to 'Y') is ignored when average != 'binary' (got 'weighted'). You may use labels=[pos_label] to specify a single positive class.
  warnings.warn(

2026-03-05 14:19:08,496:WARNING:/Users/xiaowang/Documents/Github/DataMind/backend/.venv/lib/python3.11/site-packages/sklearn/metrics/_classification.py:1561: UserWarning: Note that pos_label (set to 'Y') is ignored when average != 'binary' (got 'weighted'). You may use labels=[pos_label] to specify a single positive class.
  warnings.warn(

2026-03-05 14:19:08,497:WARNING:/Users/xiaowang/Documents/Github/DataMind/backend/.venv/lib/python3.11/site-packages/sklearn/metrics/_classification.py:1561: UserWarning: Note that pos_label (set to 'Y') is ignored when average != 'binary' (got 'weighted'). You may use labels=[pos_label] to specify a single positive class.
  warnings.warn(

2026-03-05 14:19:08,497:WARNING:/Users/xiaowang/Documents/Github/DataMind/backend/.venv/lib/python3.11/site-packages/sklearn/metrics/_classification.py:1561: UserWarning: Note that pos_label (set to 'Y') is ignored when average != 'binary' (got 'weighted'). You may use labels=[pos_label] to specify a single positive class.
  warnings.warn(

2026-03-05 14:19:08,498:WARNING:/Users/xiaowang/Documents/Github/DataMind/backend/.venv/lib/python3.11/site-packages/sklearn/metrics/_classification.py:1561: UserWarning: Note that pos_label (set to 'Y') is ignored when average != 'binary' (got 'weighted'). You may use labels=[pos_label] to specify a single positive class.
  warnings.warn(

2026-03-05 14:19:08,498:WARNING:/Users/xiaowang/Documents/Github/DataMind/backend/.venv/lib/python3.11/site-packages/sklearn/metrics/_classification.py:1561: UserWarning: Note that pos_label (set to 'Y') is ignored when average != 'binary' (got 'weighted'). You may use labels=[pos_label] to specify a single positive class.
  warnings.warn(

2026-03-05 14:19:08,498:WARNING:/Users/xiaowang/Documents/Github/DataMind/backend/.venv/lib/python3.11/site-packages/sklearn/metrics/_classification.py:1561: UserWarning: Note that pos_label (set to 'Y') is ignored when average != 'binary' (got 'weighted'). You may use labels=[pos_label] to specify a single positive class.
  warnings.warn(

2026-03-05 14:19:08,498:WARNING:/Users/xiaowang/Documents/Github/DataMind/backend/.venv/lib/python3.11/site-packages/sklearn/metrics/_classification.py:1561: UserWarning: Note that pos_label (set to 'Y') is ignored when average != 'binary' (got 'weighted'). You may use labels=[pos_label] to specify a single positive class.
  warnings.warn(

2026-03-05 14:19:08,499:WARNING:/Users/xiaowang/Documents/Github/DataMind/backend/.venv/lib/python3.11/site-packages/sklearn/metrics/_classification.py:1561: UserWarning: Note that pos_label (set to 'Y') is ignored when average != 'binary' (got 'weighted'). You may use labels=[pos_label] to specify a single positive class.
  warnings.warn(

2026-03-05 14:19:08,499:WARNING:/Users/xiaowang/Documents/Github/DataMind/backend/.venv/lib/python3.11/site-packages/sklearn/metrics/_classification.py:1561: UserWarning: Note that pos_label (set to 'Y') is ignored when average != 'binary' (got 'weighted'). You may use labels=[pos_label] to specify a single positive class.
  warnings.warn(

2026-03-05 14:19:08,506:INFO:Calculating mean and std
2026-03-05 14:19:08,507:INFO:Creating metrics dataframe
2026-03-05 14:19:08,507:INFO:Finalizing model
2026-03-05 14:19:08,604:INFO:Uploading results into container
2026-03-05 14:19:08,605:INFO:Uploading model into container now
2026-03-05 14:19:08,607:INFO:_master_model_container: 27
2026-03-05 14:19:08,607:INFO:_display_container: 29
2026-03-05 14:19:08,607:INFO:LinearDiscriminantAnalysis(covariance_estimator=None, n_components=None,
                           priors=None, shrinkage=None, solver='svd',
                           store_covariance=False, tol=0.0001)
2026-03-05 14:19:08,607:INFO:create_model() successfully completed......................................
2026-03-05 14:19:08,699:INFO:Initializing predict_model()
2026-03-05 14:19:08,699:INFO:predict_model(self=<pycaret.classification.oop.ClassificationExperiment object at 0x16036f210>, estimator=LinearDiscriminantAnalysis(covariance_estimator=None, n_components=None,
                           priors=None, shrinkage=None, solver='svd',
                           store_covariance=False, tol=0.0001), probability_threshold=None, encoded_labels=False, raw_score=False, round=4, verbose=True, ml_usecase=None, preprocess=True, encode_labels=<function _SupervisedExperiment.predict_model.<locals>.encode_labels at 0x160758a40>)
2026-03-05 14:19:08,699:INFO:Checking exceptions
2026-03-05 14:19:08,699:INFO:Preloading libraries
2026-03-05 14:19:08,853:WARNING:/Users/xiaowang/Documents/Github/DataMind/backend/.venv/lib/python3.11/site-packages/sklearn/metrics/_classification.py:1561: UserWarning: Note that pos_label (set to 'Y') is ignored when average != 'binary' (got 'weighted'). You may use labels=[pos_label] to specify a single positive class.
  warnings.warn(

2026-03-05 14:19:08,856:WARNING:/Users/xiaowang/Documents/Github/DataMind/backend/.venv/lib/python3.11/site-packages/sklearn/metrics/_classification.py:1561: UserWarning: Note that pos_label (set to 'Y') is ignored when average != 'binary' (got 'weighted'). You may use labels=[pos_label] to specify a single positive class.
  warnings.warn(

2026-03-05 14:19:08,857:WARNING:/Users/xiaowang/Documents/Github/DataMind/backend/.venv/lib/python3.11/site-packages/sklearn/metrics/_classification.py:1561: UserWarning: Note that pos_label (set to 'Y') is ignored when average != 'binary' (got 'weighted'). You may use labels=[pos_label] to specify a single positive class.
  warnings.warn(

2026-03-05 14:19:08,989:INFO:Initializing create_model()
2026-03-05 14:19:08,989:INFO:create_model(self=<pycaret.classification.oop.ClassificationExperiment object at 0x16036f210>, estimator=et, fold=5, round=4, cross_validation=True, predict=True, fit_kwargs=None, groups=None, refit=True, probability_threshold=None, experiment_custom_tags=None, verbose=True, system=True, add_to_model_list=True, metrics=None, display=None, model_only=True, return_train_score=False, error_score=0.0, kwargs={})
2026-03-05 14:19:08,989:INFO:Checking exceptions
2026-03-05 14:19:08,996:INFO:Importing libraries
2026-03-05 14:19:08,996:INFO:Copying training dataset
2026-03-05 14:19:08,998:INFO:Defining folds
2026-03-05 14:19:08,998:INFO:Declaring metric variables
2026-03-05 14:19:08,998:INFO:Importing untrained model
2026-03-05 14:19:08,998:INFO:Extra Trees Classifier Imported successfully
2026-03-05 14:19:08,998:INFO:Starting cross validation
2026-03-05 14:19:08,999:INFO:Cross validating with StratifiedKFold(n_splits=5, random_state=None, shuffle=False), n_jobs=-1
2026-03-05 14:19:09,204:WARNING:/Users/xiaowang/Documents/Github/DataMind/backend/.venv/lib/python3.11/site-packages/sklearn/metrics/_classification.py:1561: UserWarning: Note that pos_label (set to 'Y') is ignored when average != 'binary' (got 'weighted'). You may use labels=[pos_label] to specify a single positive class.
  warnings.warn(

2026-03-05 14:19:09,205:WARNING:/Users/xiaowang/Documents/Github/DataMind/backend/.venv/lib/python3.11/site-packages/sklearn/metrics/_classification.py:1561: UserWarning: Note that pos_label (set to 'Y') is ignored when average != 'binary' (got 'weighted'). You may use labels=[pos_label] to specify a single positive class.
  warnings.warn(

2026-03-05 14:19:09,206:WARNING:/Users/xiaowang/Documents/Github/DataMind/backend/.venv/lib/python3.11/site-packages/sklearn/metrics/_classification.py:1561: UserWarning: Note that pos_label (set to 'Y') is ignored when average != 'binary' (got 'weighted'). You may use labels=[pos_label] to specify a single positive class.
  warnings.warn(

2026-03-05 14:19:09,208:WARNING:/Users/xiaowang/Documents/Github/DataMind/backend/.venv/lib/python3.11/site-packages/sklearn/metrics/_classification.py:1561: UserWarning: Note that pos_label (set to 'Y') is ignored when average != 'binary' (got 'weighted'). You may use labels=[pos_label] to specify a single positive class.
  warnings.warn(

2026-03-05 14:19:09,209:WARNING:/Users/xiaowang/Documents/Github/DataMind/backend/.venv/lib/python3.11/site-packages/sklearn/metrics/_classification.py:1561: UserWarning: Note that pos_label (set to 'Y') is ignored when average != 'binary' (got 'weighted'). You may use labels=[pos_label] to specify a single positive class.
  warnings.warn(

2026-03-05 14:19:09,210:WARNING:/Users/xiaowang/Documents/Github/DataMind/backend/.venv/lib/python3.11/site-packages/sklearn/metrics/_classification.py:1561: UserWarning: Note that pos_label (set to 'Y') is ignored when average != 'binary' (got 'weighted'). You may use labels=[pos_label] to specify a single positive class.
  warnings.warn(

2026-03-05 14:19:09,214:WARNING:/Users/xiaowang/Documents/Github/DataMind/backend/.venv/lib/python3.11/site-packages/sklearn/metrics/_classification.py:1561: UserWarning: Note that pos_label (set to 'Y') is ignored when average != 'binary' (got 'weighted'). You may use labels=[pos_label] to specify a single positive class.
  warnings.warn(

2026-03-05 14:19:09,215:WARNING:/Users/xiaowang/Documents/Github/DataMind/backend/.venv/lib/python3.11/site-packages/sklearn/metrics/_classification.py:1561: UserWarning: Note that pos_label (set to 'Y') is ignored when average != 'binary' (got 'weighted'). You may use labels=[pos_label] to specify a single positive class.
  warnings.warn(

2026-03-05 14:19:09,216:WARNING:/Users/xiaowang/Documents/Github/DataMind/backend/.venv/lib/python3.11/site-packages/sklearn/metrics/_classification.py:1561: UserWarning: Note that pos_label (set to 'Y') is ignored when average != 'binary' (got 'weighted'). You may use labels=[pos_label] to specify a single positive class.
  warnings.warn(

2026-03-05 14:19:09,218:WARNING:/Users/xiaowang/Documents/Github/DataMind/backend/.venv/lib/python3.11/site-packages/sklearn/metrics/_classification.py:1561: UserWarning: Note that pos_label (set to 'Y') is ignored when average != 'binary' (got 'weighted'). You may use labels=[pos_label] to specify a single positive class.
  warnings.warn(

2026-03-05 14:19:09,218:WARNING:/Users/xiaowang/Documents/Github/DataMind/backend/.venv/lib/python3.11/site-packages/sklearn/metrics/_classification.py:1561: UserWarning: Note that pos_label (set to 'Y') is ignored when average != 'binary' (got 'weighted'). You may use labels=[pos_label] to specify a single positive class.
  warnings.warn(

2026-03-05 14:19:09,219:WARNING:/Users/xiaowang/Documents/Github/DataMind/backend/.venv/lib/python3.11/site-packages/sklearn/metrics/_classification.py:1561: UserWarning: Note that pos_label (set to 'Y') is ignored when average != 'binary' (got 'weighted'). You may use labels=[pos_label] to specify a single positive class.
  warnings.warn(

2026-03-05 14:19:09,226:WARNING:/Users/xiaowang/Documents/Github/DataMind/backend/.venv/lib/python3.11/site-packages/sklearn/metrics/_classification.py:1561: UserWarning: Note that pos_label (set to 'Y') is ignored when average != 'binary' (got 'weighted'). You may use labels=[pos_label] to specify a single positive class.
  warnings.warn(

2026-03-05 14:19:09,227:WARNING:/Users/xiaowang/Documents/Github/DataMind/backend/.venv/lib/python3.11/site-packages/sklearn/metrics/_classification.py:1561: UserWarning: Note that pos_label (set to 'Y') is ignored when average != 'binary' (got 'weighted'). You may use labels=[pos_label] to specify a single positive class.
  warnings.warn(

2026-03-05 14:19:09,228:WARNING:/Users/xiaowang/Documents/Github/DataMind/backend/.venv/lib/python3.11/site-packages/sklearn/metrics/_classification.py:1561: UserWarning: Note that pos_label (set to 'Y') is ignored when average != 'binary' (got 'weighted'). You may use labels=[pos_label] to specify a single positive class.
  warnings.warn(

2026-03-05 14:19:09,238:INFO:Calculating mean and std
2026-03-05 14:19:09,239:INFO:Creating metrics dataframe
2026-03-05 14:19:09,239:INFO:Finalizing model
2026-03-05 14:19:09,351:INFO:Uploading results into container
2026-03-05 14:19:09,352:INFO:Uploading model into container now
2026-03-05 14:19:09,354:INFO:_master_model_container: 28
2026-03-05 14:19:09,354:INFO:_display_container: 31
2026-03-05 14:19:09,354:INFO:ExtraTreesClassifier(bootstrap=False, ccp_alpha=0.0, class_weight=None,
                     criterion='gini', max_depth=None, max_features='sqrt',
                     max_leaf_nodes=None, max_samples=None,
                     min_impurity_decrease=0.0, min_samples_leaf=1,
                     min_samples_split=2, min_weight_fraction_leaf=0.0,
                     monotonic_cst=None, n_estimators=100, n_jobs=-1,
                     oob_score=False, random_state=42, verbose=0,
                     warm_start=False)
2026-03-05 14:19:09,354:INFO:create_model() successfully completed......................................
2026-03-05 14:19:09,409:INFO:Initializing predict_model()
2026-03-05 14:19:09,409:INFO:predict_model(self=<pycaret.classification.oop.ClassificationExperiment object at 0x16036f210>, estimator=ExtraTreesClassifier(bootstrap=False, ccp_alpha=0.0, class_weight=None,
                     criterion='gini', max_depth=None, max_features='sqrt',
                     max_leaf_nodes=None, max_samples=None,
                     min_impurity_decrease=0.0, min_samples_leaf=1,
                     min_samples_split=2, min_weight_fraction_leaf=0.0,
                     monotonic_cst=None, n_estimators=100, n_jobs=-1,
                     oob_score=False, random_state=42, verbose=0,
                     warm_start=False), probability_threshold=None, encoded_labels=False, raw_score=False, round=4, verbose=True, ml_usecase=None, preprocess=True, encode_labels=<function _SupervisedExperiment.predict_model.<locals>.encode_labels at 0x12c32e2a0>)
2026-03-05 14:19:09,409:INFO:Checking exceptions
2026-03-05 14:19:09,409:INFO:Preloading libraries
2026-03-05 14:19:09,464:WARNING:/Users/xiaowang/Documents/Github/DataMind/backend/.venv/lib/python3.11/site-packages/sklearn/metrics/_classification.py:1561: UserWarning: Note that pos_label (set to 'Y') is ignored when average != 'binary' (got 'weighted'). You may use labels=[pos_label] to specify a single positive class.
  warnings.warn(

2026-03-05 14:19:09,466:WARNING:/Users/xiaowang/Documents/Github/DataMind/backend/.venv/lib/python3.11/site-packages/sklearn/metrics/_classification.py:1561: UserWarning: Note that pos_label (set to 'Y') is ignored when average != 'binary' (got 'weighted'). You may use labels=[pos_label] to specify a single positive class.
  warnings.warn(

2026-03-05 14:19:09,467:WARNING:/Users/xiaowang/Documents/Github/DataMind/backend/.venv/lib/python3.11/site-packages/sklearn/metrics/_classification.py:1561: UserWarning: Note that pos_label (set to 'Y') is ignored when average != 'binary' (got 'weighted'). You may use labels=[pos_label] to specify a single positive class.
  warnings.warn(

2026-03-05 14:19:09,529:INFO:Initializing create_model()
2026-03-05 14:19:09,529:INFO:create_model(self=<pycaret.classification.oop.ClassificationExperiment object at 0x16036f210>, estimator=dummy, fold=5, round=4, cross_validation=True, predict=True, fit_kwargs=None, groups=None, refit=True, probability_threshold=None, experiment_custom_tags=None, verbose=True, system=True, add_to_model_list=True, metrics=None, display=None, model_only=True, return_train_score=False, error_score=0.0, kwargs={})
2026-03-05 14:19:09,529:INFO:Checking exceptions
2026-03-05 14:19:09,529:INFO:Importing libraries
2026-03-05 14:19:09,529:INFO:Copying training dataset
2026-03-05 14:19:09,532:INFO:Defining folds
2026-03-05 14:19:09,532:INFO:Declaring metric variables
2026-03-05 14:19:09,532:INFO:Importing untrained model
2026-03-05 14:19:09,532:INFO:Dummy Classifier Imported successfully
2026-03-05 14:19:09,532:INFO:Starting cross validation
2026-03-05 14:19:09,533:INFO:Cross validating with StratifiedKFold(n_splits=5, random_state=None, shuffle=False), n_jobs=-1
2026-03-05 14:19:09,619:WARNING:/Users/xiaowang/Documents/Github/DataMind/backend/.venv/lib/python3.11/site-packages/sklearn/metrics/_classification.py:1561: UserWarning: Note that pos_label (set to 'Y') is ignored when average != 'binary' (got 'weighted'). You may use labels=[pos_label] to specify a single positive class.
  warnings.warn(

2026-03-05 14:19:09,621:WARNING:/Users/xiaowang/Documents/Github/DataMind/backend/.venv/lib/python3.11/site-packages/sklearn/metrics/_classification.py:1561: UserWarning: Note that pos_label (set to 'Y') is ignored when average != 'binary' (got 'weighted'). You may use labels=[pos_label] to specify a single positive class.
  warnings.warn(

2026-03-05 14:19:09,621:WARNING:/Users/xiaowang/Documents/Github/DataMind/backend/.venv/lib/python3.11/site-packages/sklearn/metrics/_classification.py:1509: UndefinedMetricWarning: Precision is ill-defined and being set to 0.0 in labels with no predicted samples. Use `zero_division` parameter to control this behavior.
  _warn_prf(average, modifier, f"{metric.capitalize()} is", len(result))

2026-03-05 14:19:09,622:WARNING:/Users/xiaowang/Documents/Github/DataMind/backend/.venv/lib/python3.11/site-packages/sklearn/metrics/_classification.py:1561: UserWarning: Note that pos_label (set to 'Y') is ignored when average != 'binary' (got 'weighted'). You may use labels=[pos_label] to specify a single positive class.
  warnings.warn(

2026-03-05 14:19:09,622:WARNING:/Users/xiaowang/Documents/Github/DataMind/backend/.venv/lib/python3.11/site-packages/sklearn/metrics/_classification.py:1561: UserWarning: Note that pos_label (set to 'Y') is ignored when average != 'binary' (got 'weighted'). You may use labels=[pos_label] to specify a single positive class.
  warnings.warn(

2026-03-05 14:19:09,623:WARNING:/Users/xiaowang/Documents/Github/DataMind/backend/.venv/lib/python3.11/site-packages/sklearn/metrics/_classification.py:1561: UserWarning: Note that pos_label (set to 'Y') is ignored when average != 'binary' (got 'weighted'). You may use labels=[pos_label] to specify a single positive class.
  warnings.warn(

2026-03-05 14:19:09,624:WARNING:/Users/xiaowang/Documents/Github/DataMind/backend/.venv/lib/python3.11/site-packages/sklearn/metrics/_classification.py:1509: UndefinedMetricWarning: Precision is ill-defined and being set to 0.0 in labels with no predicted samples. Use `zero_division` parameter to control this behavior.
  _warn_prf(average, modifier, f"{metric.capitalize()} is", len(result))

2026-03-05 14:19:09,624:WARNING:/Users/xiaowang/Documents/Github/DataMind/backend/.venv/lib/python3.11/site-packages/sklearn/metrics/_classification.py:1561: UserWarning: Note that pos_label (set to 'Y') is ignored when average != 'binary' (got 'weighted'). You may use labels=[pos_label] to specify a single positive class.
  warnings.warn(

2026-03-05 14:19:09,624:WARNING:/Users/xiaowang/Documents/Github/DataMind/backend/.venv/lib/python3.11/site-packages/sklearn/metrics/_classification.py:1561: UserWarning: Note that pos_label (set to 'Y') is ignored when average != 'binary' (got 'weighted'). You may use labels=[pos_label] to specify a single positive class.
  warnings.warn(

2026-03-05 14:19:09,625:WARNING:/Users/xiaowang/Documents/Github/DataMind/backend/.venv/lib/python3.11/site-packages/sklearn/metrics/_classification.py:1561: UserWarning: Note that pos_label (set to 'Y') is ignored when average != 'binary' (got 'weighted'). You may use labels=[pos_label] to specify a single positive class.
  warnings.warn(

2026-03-05 14:19:09,625:WARNING:/Users/xiaowang/Documents/Github/DataMind/backend/.venv/lib/python3.11/site-packages/sklearn/metrics/_classification.py:1509: UndefinedMetricWarning: Precision is ill-defined and being set to 0.0 in labels with no predicted samples. Use `zero_division` parameter to control this behavior.
  _warn_prf(average, modifier, f"{metric.capitalize()} is", len(result))

2026-03-05 14:19:09,625:WARNING:/Users/xiaowang/Documents/Github/DataMind/backend/.venv/lib/python3.11/site-packages/sklearn/metrics/_classification.py:1561: UserWarning: Note that pos_label (set to 'Y') is ignored when average != 'binary' (got 'weighted'). You may use labels=[pos_label] to specify a single positive class.
  warnings.warn(

2026-03-05 14:19:09,633:WARNING:/Users/xiaowang/Documents/Github/DataMind/backend/.venv/lib/python3.11/site-packages/sklearn/metrics/_classification.py:1561: UserWarning: Note that pos_label (set to 'Y') is ignored when average != 'binary' (got 'weighted'). You may use labels=[pos_label] to specify a single positive class.
  warnings.warn(

2026-03-05 14:19:09,634:WARNING:/Users/xiaowang/Documents/Github/DataMind/backend/.venv/lib/python3.11/site-packages/sklearn/metrics/_classification.py:1561: UserWarning: Note that pos_label (set to 'Y') is ignored when average != 'binary' (got 'weighted'). You may use labels=[pos_label] to specify a single positive class.
  warnings.warn(

2026-03-05 14:19:09,634:WARNING:/Users/xiaowang/Documents/Github/DataMind/backend/.venv/lib/python3.11/site-packages/sklearn/metrics/_classification.py:1561: UserWarning: Note that pos_label (set to 'Y') is ignored when average != 'binary' (got 'weighted'). You may use labels=[pos_label] to specify a single positive class.
  warnings.warn(

2026-03-05 14:19:09,634:WARNING:/Users/xiaowang/Documents/Github/DataMind/backend/.venv/lib/python3.11/site-packages/sklearn/metrics/_classification.py:1509: UndefinedMetricWarning: Precision is ill-defined and being set to 0.0 in labels with no predicted samples. Use `zero_division` parameter to control this behavior.
  _warn_prf(average, modifier, f"{metric.capitalize()} is", len(result))

2026-03-05 14:19:09,635:WARNING:/Users/xiaowang/Documents/Github/DataMind/backend/.venv/lib/python3.11/site-packages/sklearn/metrics/_classification.py:1561: UserWarning: Note that pos_label (set to 'Y') is ignored when average != 'binary' (got 'weighted'). You may use labels=[pos_label] to specify a single positive class.
  warnings.warn(

2026-03-05 14:19:09,635:WARNING:/Users/xiaowang/Documents/Github/DataMind/backend/.venv/lib/python3.11/site-packages/sklearn/metrics/_classification.py:1561: UserWarning: Note that pos_label (set to 'Y') is ignored when average != 'binary' (got 'weighted'). You may use labels=[pos_label] to specify a single positive class.
  warnings.warn(

2026-03-05 14:19:09,635:WARNING:/Users/xiaowang/Documents/Github/DataMind/backend/.venv/lib/python3.11/site-packages/sklearn/metrics/_classification.py:1509: UndefinedMetricWarning: Precision is ill-defined and being set to 0.0 in labels with no predicted samples. Use `zero_division` parameter to control this behavior.
  _warn_prf(average, modifier, f"{metric.capitalize()} is", len(result))

2026-03-05 14:19:09,636:WARNING:/Users/xiaowang/Documents/Github/DataMind/backend/.venv/lib/python3.11/site-packages/sklearn/metrics/_classification.py:1561: UserWarning: Note that pos_label (set to 'Y') is ignored when average != 'binary' (got 'weighted'). You may use labels=[pos_label] to specify a single positive class.
  warnings.warn(

2026-03-05 14:19:09,649:INFO:Calculating mean and std
2026-03-05 14:19:09,650:INFO:Creating metrics dataframe
2026-03-05 14:19:09,650:INFO:Finalizing model
2026-03-05 14:19:09,706:INFO:Uploading results into container
2026-03-05 14:19:09,706:INFO:Uploading model into container now
2026-03-05 14:19:09,708:INFO:_master_model_container: 29
2026-03-05 14:19:09,708:INFO:_display_container: 33
2026-03-05 14:19:09,708:INFO:DummyClassifier(constant=None, random_state=42, strategy='prior')
2026-03-05 14:19:09,708:INFO:create_model() successfully completed......................................
2026-03-05 14:19:09,765:INFO:Initializing predict_model()
2026-03-05 14:19:09,765:INFO:predict_model(self=<pycaret.classification.oop.ClassificationExperiment object at 0x16036f210>, estimator=DummyClassifier(constant=None, random_state=42, strategy='prior'), probability_threshold=None, encoded_labels=False, raw_score=False, round=4, verbose=True, ml_usecase=None, preprocess=True, encode_labels=<function _SupervisedExperiment.predict_model.<locals>.encode_labels at 0x15ce8a840>)
2026-03-05 14:19:09,765:INFO:Checking exceptions
2026-03-05 14:19:09,765:INFO:Preloading libraries
2026-03-05 14:19:09,795:WARNING:/Users/xiaowang/Documents/Github/DataMind/backend/.venv/lib/python3.11/site-packages/sklearn/metrics/_classification.py:1561: UserWarning: Note that pos_label (set to 'Y') is ignored when average != 'binary' (got 'weighted'). You may use labels=[pos_label] to specify a single positive class.
  warnings.warn(

2026-03-05 14:19:09,796:WARNING:/Users/xiaowang/Documents/Github/DataMind/backend/.venv/lib/python3.11/site-packages/sklearn/metrics/_classification.py:1561: UserWarning: Note that pos_label (set to 'Y') is ignored when average != 'binary' (got 'weighted'). You may use labels=[pos_label] to specify a single positive class.
  warnings.warn(

2026-03-05 14:19:09,797:WARNING:/Users/xiaowang/Documents/Github/DataMind/backend/.venv/lib/python3.11/site-packages/sklearn/metrics/_classification.py:1509: UndefinedMetricWarning: Precision is ill-defined and being set to 0.0 in labels with no predicted samples. Use `zero_division` parameter to control this behavior.
  _warn_prf(average, modifier, f"{metric.capitalize()} is", len(result))

2026-03-05 14:19:09,798:WARNING:/Users/xiaowang/Documents/Github/DataMind/backend/.venv/lib/python3.11/site-packages/sklearn/metrics/_classification.py:1561: UserWarning: Note that pos_label (set to 'Y') is ignored when average != 'binary' (got 'weighted'). You may use labels=[pos_label] to specify a single positive class.
  warnings.warn(

2026-03-05 14:19:09,861:INFO:Initializing finalize_model()
2026-03-05 14:19:09,861:INFO:finalize_model(self=<pycaret.classification.oop.ClassificationExperiment object at 0x16036f210>, estimator=RandomForestClassifier(bootstrap=True, ccp_alpha=0.0, class_weight=None,
                       criterion='gini', max_depth=None, max_features='sqrt',
                       max_leaf_nodes=None, max_samples=None,
                       min_impurity_decrease=0.0, min_samples_leaf=1,
                       min_samples_split=2, min_weight_fraction_leaf=0.0,
                       monotonic_cst=None, n_estimators=100, n_jobs=-1,
                       oob_score=False, random_state=42, verbose=0,
                       warm_start=False), fit_kwargs=None, groups=None, model_only=False, experiment_custom_tags=None)
2026-03-05 14:19:09,861:INFO:Finalizing RandomForestClassifier(bootstrap=True, ccp_alpha=0.0, class_weight=None,
                       criterion='gini', max_depth=None, max_features='sqrt',
                       max_leaf_nodes=None, max_samples=None,
                       min_impurity_decrease=0.0, min_samples_leaf=1,
                       min_samples_split=2, min_weight_fraction_leaf=0.0,
                       monotonic_cst=None, n_estimators=100, n_jobs=-1,
                       oob_score=False, random_state=42, verbose=0,
                       warm_start=False)
2026-03-05 14:19:09,862:INFO:Initializing create_model()
2026-03-05 14:19:09,862:INFO:create_model(self=<pycaret.classification.oop.ClassificationExperiment object at 0x16036f210>, estimator=RandomForestClassifier(bootstrap=True, ccp_alpha=0.0, class_weight=None,
                       criterion='gini', max_depth=None, max_features='sqrt',
                       max_leaf_nodes=None, max_samples=None,
                       min_impurity_decrease=0.0, min_samples_leaf=1,
                       min_samples_split=2, min_weight_fraction_leaf=0.0,
                       monotonic_cst=None, n_estimators=100, n_jobs=-1,
                       oob_score=False, random_state=42, verbose=0,
                       warm_start=False), fold=None, round=4, cross_validation=False, predict=False, fit_kwargs={}, groups=None, refit=True, probability_threshold=None, experiment_custom_tags=None, verbose=False, system=False, add_to_model_list=False, metrics=None, display=None, model_only=False, return_train_score=False, error_score=0.0, kwargs={})
2026-03-05 14:19:09,862:INFO:Checking exceptions
2026-03-05 14:19:09,862:INFO:Importing libraries
2026-03-05 14:19:09,862:INFO:Copying training dataset
2026-03-05 14:19:09,863:INFO:Defining folds
2026-03-05 14:19:09,863:INFO:Declaring metric variables
2026-03-05 14:19:09,863:INFO:Importing untrained model
2026-03-05 14:19:09,863:INFO:Declaring custom model
2026-03-05 14:19:09,863:INFO:Random Forest Classifier Imported successfully
2026-03-05 14:19:09,864:INFO:Cross validation set to False
2026-03-05 14:19:09,864:INFO:Fitting Model
2026-03-05 14:19:10,043:INFO:Pipeline(memory=Memory(location=None),
         steps=[('label_encoding',
                 TransformerWrapperWithInverse(exclude=None, include=None,
                                               transformer=LabelEncoder())),
                ('numerical_imputer',
                 TransformerWrapper(exclude=None,
                                    include=['age', '意識狀態', '精神狀態', '下肢肌力',
                                             'K氏量表', '巴氏量表'],
                                    transformer=SimpleImputer(add_indicator=False,
                                                              copy=True,
                                                              fill_value=None,
                                                              keep_empty_features=False,...
                 RandomForestClassifier(bootstrap=True, ccp_alpha=0.0,
                                        class_weight=None, criterion='gini',
                                        max_depth=None, max_features='sqrt',
                                        max_leaf_nodes=None, max_samples=None,
                                        min_impurity_decrease=0.0,
                                        min_samples_leaf=1, min_samples_split=2,
                                        min_weight_fraction_leaf=0.0,
                                        monotonic_cst=None, n_estimators=100,
                                        n_jobs=-1, oob_score=False,
                                        random_state=42, verbose=0,
                                        warm_start=False))],
         verbose=False)
2026-03-05 14:19:10,043:INFO:create_model() successfully completed......................................
2026-03-05 14:19:10,097:INFO:_master_model_container: 29
2026-03-05 14:19:10,097:INFO:_display_container: 34
2026-03-05 14:19:10,144:INFO:Pipeline(memory=Memory(location=None),
         steps=[('label_encoding',
                 TransformerWrapperWithInverse(exclude=None, include=None,
                                               transformer=LabelEncoder())),
                ('numerical_imputer',
                 TransformerWrapper(exclude=None,
                                    include=['age', '意識狀態', '精神狀態', '下肢肌力',
                                             'K氏量表', '巴氏量表'],
                                    transformer=SimpleImputer(add_indicator=False,
                                                              copy=True,
                                                              fill_value=None,
                                                              keep_empty_features=False,...
                 RandomForestClassifier(bootstrap=True, ccp_alpha=0.0,
                                        class_weight=None, criterion='gini',
                                        max_depth=None, max_features='sqrt',
                                        max_leaf_nodes=None, max_samples=None,
                                        min_impurity_decrease=0.0,
                                        min_samples_leaf=1, min_samples_split=2,
                                        min_weight_fraction_leaf=0.0,
                                        monotonic_cst=None, n_estimators=100,
                                        n_jobs=-1, oob_score=False,
                                        random_state=42, verbose=0,
                                        warm_start=False))],
         verbose=False)
2026-03-05 14:19:10,144:INFO:finalize_model() successfully completed......................................
2026-03-05 14:19:10,291:INFO:Initializing save_model()
2026-03-05 14:19:10,291:INFO:save_model(model=Pipeline(memory=Memory(location=None),
         steps=[('label_encoding',
                 TransformerWrapperWithInverse(exclude=None, include=None,
                                               transformer=LabelEncoder())),
                ('numerical_imputer',
                 TransformerWrapper(exclude=None,
                                    include=['age', '意識狀態', '精神狀態', '下肢肌力',
                                             'K氏量表', '巴氏量表'],
                                    transformer=SimpleImputer(add_indicator=False,
                                                              copy=True,
                                                              fill_value=None,
                                                              keep_empty_features=False,...
                 RandomForestClassifier(bootstrap=True, ccp_alpha=0.0,
                                        class_weight=None, criterion='gini',
                                        max_depth=None, max_features='sqrt',
                                        max_leaf_nodes=None, max_samples=None,
                                        min_impurity_decrease=0.0,
                                        min_samples_leaf=1, min_samples_split=2,
                                        min_weight_fraction_leaf=0.0,
                                        monotonic_cst=None, n_estimators=100,
                                        n_jobs=-1, oob_score=False,
                                        random_state=42, verbose=0,
                                        warm_start=False))],
         verbose=False), model_name=​artifacts/pycaret/fall_model, prep_pipe_=Pipeline(memory=FastMemory(location=/var/folders/qr/v7zsrctd3rj_brd6d8n5cq7c0000gn/T/joblib),
         steps=[('label_encoding',
                 TransformerWrapperWithInverse(exclude=None, include=None,
                                               transformer=LabelEncoder())),
                ('numerical_imputer',
                 TransformerWrapper(exclude=None,
                                    include=['age', '意識狀態', '精神狀態', '下肢肌力',
                                             'K氏量表', '巴氏量表'],
                                    transformer=SimpleImputer(add_indicator=Fal...
                                    transformer=FixImbalancer(estimator=SMOTE(k_neighbors=5,
                                                                              random_state=42,
                                                                              sampling_strategy='auto')))),
                ('normalize',
                 TransformerWrapper(exclude=None, include=None,
                                    transformer=StandardScaler(copy=True,
                                                               with_mean=True,
                                                               with_std=True))),
                ('clean_column_names',
                 TransformerWrapper(exclude=None, include=None,
                                    transformer=CleanColumnNames(match='[\\]\\[\\,\\{\\}\\"\\:]+')))],
         verbose=False), verbose=True, use_case=MLUsecase.CLASSIFICATION, kwargs={})
2026-03-05 14:19:10,291:INFO:Adding model into prep_pipe
2026-03-05 14:19:10,291:WARNING:Only Model saved as it was a pipeline.
2026-03-05 14:19:10,309:INFO:​artifacts/pycaret/fall_model.pkl saved in current working directory
2026-03-05 14:19:10,355:INFO:Pipeline(memory=Memory(location=None),
         steps=[('label_encoding',
                 TransformerWrapperWithInverse(exclude=None, include=None,
                                               transformer=LabelEncoder())),
                ('numerical_imputer',
                 TransformerWrapper(exclude=None,
                                    include=['age', '意識狀態', '精神狀態', '下肢肌力',
                                             'K氏量表', '巴氏量表'],
                                    transformer=SimpleImputer(add_indicator=False,
                                                              copy=True,
                                                              fill_value=None,
                                                              keep_empty_features=False,...
                 RandomForestClassifier(bootstrap=True, ccp_alpha=0.0,
                                        class_weight=None, criterion='gini',
                                        max_depth=None, max_features='sqrt',
                                        max_leaf_nodes=None, max_samples=None,
                                        min_impurity_decrease=0.0,
                                        min_samples_leaf=1, min_samples_split=2,
                                        min_weight_fraction_leaf=0.0,
                                        monotonic_cst=None, n_estimators=100,
                                        n_jobs=-1, oob_score=False,
                                        random_state=42, verbose=0,
                                        warm_start=False))],
         verbose=False)
2026-03-05 14:19:10,355:INFO:save_model() successfully completed......................................
2026-03-10 01:43:27,615:WARNING:
'cuml' is a soft dependency and not included in the pycaret installation. Please run: `pip install cuml` to install.
2026-03-10 01:43:27,615:WARNING:
'cuml' is a soft dependency and not included in the pycaret installation. Please run: `pip install cuml` to install.
2026-03-10 01:43:27,615:WARNING:
'cuml' is a soft dependency and not included in the pycaret installation. Please run: `pip install cuml` to install.
2026-03-10 01:43:27,615:WARNING:
'cuml' is a soft dependency and not included in the pycaret installation. Please run: `pip install cuml` to install.
2026-03-10 01:43:28,375:INFO:PyCaret ClassificationExperiment
2026-03-10 01:43:28,375:INFO:Logging name: clf-default-name
2026-03-10 01:43:28,375:INFO:ML Usecase: MLUsecase.CLASSIFICATION
2026-03-10 01:43:28,375:INFO:version 3.3.2
2026-03-10 01:43:28,375:INFO:Initializing setup()
2026-03-10 01:43:28,375:INFO:self.USI: 9cc4
2026-03-10 01:43:28,375:INFO:self._variable_keys: {'gpu_n_jobs_param', '_ml_usecase', 'data', 'memory', 'is_multiclass', 'y_train', 'y_test', 'log_plots_param', 'gpu_param', 'pipeline', 'n_jobs_param', '_available_plots', 'USI', 'logging_param', 'fold_groups_param', 'fix_imbalance', 'exp_name_log', 'fold_generator', 'fold_shuffle_param', 'idx', 'exp_id', 'X_test', 'X_train', 'X', 'html_param', 'y', 'seed', 'target_param'}
2026-03-10 01:43:28,375:INFO:Checking environment
2026-03-10 01:43:28,375:INFO:python_version: 3.11.14
2026-03-10 01:43:28,375:INFO:python_build: ('main', 'Jan 14 2026 21:09:41')
2026-03-10 01:43:28,375:INFO:machine: arm64
2026-03-10 01:43:28,403:INFO:platform: macOS-26.2-arm64-arm-64bit
2026-03-10 01:43:28,403:INFO:Memory: svmem(total=25769803776, available=7748354048, percent=69.9, used=11285954560, free=66600960, active=7694860288, inactive=7608238080, wired=3591094272)
2026-03-10 01:43:28,403:INFO:Physical Core: 12
2026-03-10 01:43:28,403:INFO:Logical Core: 12
2026-03-10 01:43:28,403:INFO:Checking libraries
2026-03-10 01:43:28,403:INFO:System:
2026-03-10 01:43:28,403:INFO:    python: 3.11.14 (main, Jan 14 2026, 21:09:41) [Clang 21.1.4 ]
2026-03-10 01:43:28,403:INFO:executable: /Users/xiaowang/Documents/Github/DataMind/backend/.venv/bin/python
2026-03-10 01:43:28,403:INFO:   machine: macOS-26.2-arm64-arm-64bit
2026-03-10 01:43:28,403:INFO:PyCaret required dependencies:
2026-03-10 01:43:28,404:WARNING:/Users/xiaowang/Documents/Github/DataMind/backend/.venv/lib/python3.11/site-packages/_distutils_hack/__init__.py:30: UserWarning: Setuptools is replacing distutils. Support for replacing an already imported distutils is deprecated. In the future, this condition will fail. Register concerns at https://github.com/pypa/setuptools/issues/new?template=distutils-deprecation.yml
  warnings.warn(

2026-03-10 01:43:28,430:INFO:                 pip: Not installed
2026-03-10 01:43:28,430:INFO:          setuptools: 82.0.0
2026-03-10 01:43:28,430:INFO:             pycaret: 3.3.2
2026-03-10 01:43:28,430:INFO:             IPython: 9.10.0
2026-03-10 01:43:28,430:INFO:          ipywidgets: 8.1.8
2026-03-10 01:43:28,430:INFO:                tqdm: 4.67.3
2026-03-10 01:43:28,430:INFO:               numpy: 1.26.4
2026-03-10 01:43:28,430:INFO:              pandas: 2.1.4
2026-03-10 01:43:28,430:INFO:              jinja2: 3.1.6
2026-03-10 01:43:28,430:INFO:               scipy: 1.11.4
2026-03-10 01:43:28,430:INFO:              joblib: 1.3.2
2026-03-10 01:43:28,430:INFO:             sklearn: 1.4.2
2026-03-10 01:43:28,430:INFO:                pyod: 2.0.7
2026-03-10 01:43:28,430:INFO:            imblearn: 0.14.1
2026-03-10 01:43:28,430:INFO:   category_encoders: 2.7.0
2026-03-10 01:43:28,430:INFO:            lightgbm: 4.6.0
2026-03-10 01:43:28,430:INFO:               numba: 0.64.0
2026-03-10 01:43:28,430:INFO:            requests: 2.32.5
2026-03-10 01:43:28,430:INFO:          matplotlib: 3.7.5
2026-03-10 01:43:28,430:INFO:          scikitplot: 0.3.7
2026-03-10 01:43:28,430:INFO:         yellowbrick: 1.5
2026-03-10 01:43:28,430:INFO:              plotly: 5.24.1
2026-03-10 01:43:28,430:INFO:    plotly-resampler: Not installed
2026-03-10 01:43:28,430:INFO:             kaleido: 1.2.0
2026-03-10 01:43:28,430:INFO:           schemdraw: 0.15
2026-03-10 01:43:28,430:INFO:         statsmodels: 0.14.6
2026-03-10 01:43:28,430:INFO:              sktime: 0.26.0
2026-03-10 01:43:28,430:INFO:               tbats: 1.1.3
2026-03-10 01:43:28,430:INFO:            pmdarima: 2.0.4
2026-03-10 01:43:28,430:INFO:              psutil: 7.2.2
2026-03-10 01:43:28,430:INFO:          markupsafe: 3.0.3
2026-03-10 01:43:28,430:INFO:             pickle5: Not installed
2026-03-10 01:43:28,430:INFO:         cloudpickle: 3.1.2
2026-03-10 01:43:28,430:INFO:         deprecation: 2.1.0
2026-03-10 01:43:28,430:INFO:              xxhash: 3.6.0
2026-03-10 01:43:28,430:INFO:           wurlitzer: 3.1.1
2026-03-10 01:43:28,430:INFO:PyCaret optional dependencies:
2026-03-10 01:43:28,435:INFO:                shap: Not installed
2026-03-10 01:43:28,435:INFO:           interpret: Not installed
2026-03-10 01:43:28,435:INFO:                umap: Not installed
2026-03-10 01:43:28,435:INFO:     ydata_profiling: Not installed
2026-03-10 01:43:28,435:INFO:  explainerdashboard: Not installed
2026-03-10 01:43:28,435:INFO:             autoviz: Not installed
2026-03-10 01:43:28,435:INFO:           fairlearn: Not installed
2026-03-10 01:43:28,435:INFO:          deepchecks: Not installed
2026-03-10 01:43:28,435:INFO:             xgboost: Not installed
2026-03-10 01:43:28,435:INFO:            catboost: Not installed
2026-03-10 01:43:28,435:INFO:              kmodes: Not installed
2026-03-10 01:43:28,435:INFO:             mlxtend: Not installed
2026-03-10 01:43:28,435:INFO:       statsforecast: Not installed
2026-03-10 01:43:28,435:INFO:        tune_sklearn: Not installed
2026-03-10 01:43:28,435:INFO:                 ray: Not installed
2026-03-10 01:43:28,435:INFO:            hyperopt: Not installed
2026-03-10 01:43:28,435:INFO:              optuna: Not installed
2026-03-10 01:43:28,435:INFO:               skopt: Not installed
2026-03-10 01:43:28,435:INFO:              mlflow: Not installed
2026-03-10 01:43:28,435:INFO:              gradio: Not installed
2026-03-10 01:43:28,435:INFO:             fastapi: Not installed
2026-03-10 01:43:28,435:INFO:             uvicorn: Not installed
2026-03-10 01:43:28,435:INFO:              m2cgen: Not installed
2026-03-10 01:43:28,435:INFO:           evidently: Not installed
2026-03-10 01:43:28,435:INFO:               fugue: Not installed
2026-03-10 01:43:28,435:INFO:           streamlit: Not installed
2026-03-10 01:43:28,436:INFO:             prophet: Not installed
2026-03-10 01:43:28,436:INFO:None
2026-03-10 01:43:28,436:INFO:Set up data.
2026-03-10 01:43:48,005:INFO:PyCaret ClassificationExperiment
2026-03-10 01:43:48,005:INFO:Logging name: clf-default-name
2026-03-10 01:43:48,005:INFO:ML Usecase: MLUsecase.CLASSIFICATION
2026-03-10 01:43:48,005:INFO:version 3.3.2
2026-03-10 01:43:48,005:INFO:Initializing setup()
2026-03-10 01:43:48,005:INFO:self.USI: 4822
2026-03-10 01:43:48,005:INFO:self._variable_keys: {'gpu_n_jobs_param', '_ml_usecase', 'data', 'memory', 'is_multiclass', 'y_train', 'y_test', 'log_plots_param', 'gpu_param', 'pipeline', 'n_jobs_param', '_available_plots', 'USI', 'logging_param', 'fold_groups_param', 'fix_imbalance', 'exp_name_log', 'fold_generator', 'fold_shuffle_param', 'idx', 'exp_id', 'X_test', 'X_train', 'X', 'html_param', 'y', 'seed', 'target_param'}
2026-03-10 01:43:48,005:INFO:Checking environment
2026-03-10 01:43:48,005:INFO:python_version: 3.11.14
2026-03-10 01:43:48,005:INFO:python_build: ('main', 'Jan 14 2026 21:09:41')
2026-03-10 01:43:48,005:INFO:machine: arm64
2026-03-10 01:43:48,005:INFO:platform: macOS-26.2-arm64-arm-64bit
2026-03-10 01:43:48,006:INFO:Memory: svmem(total=25769803776, available=8040710144, percent=68.8, used=10913005568, free=270303232, active=7768408064, inactive=7699578880, wired=3144597504)
2026-03-10 01:43:48,006:INFO:Physical Core: 12
2026-03-10 01:43:48,006:INFO:Logical Core: 12
2026-03-10 01:43:48,006:INFO:Checking libraries
2026-03-10 01:43:48,006:INFO:System:
2026-03-10 01:43:48,006:INFO:    python: 3.11.14 (main, Jan 14 2026, 21:09:41) [Clang 21.1.4 ]
2026-03-10 01:43:48,006:INFO:executable: /Users/xiaowang/Documents/Github/DataMind/backend/.venv/bin/python
2026-03-10 01:43:48,006:INFO:   machine: macOS-26.2-arm64-arm-64bit
2026-03-10 01:43:48,006:INFO:PyCaret required dependencies:
2026-03-10 01:43:48,006:INFO:                 pip: Not installed
2026-03-10 01:43:48,006:INFO:          setuptools: 82.0.0
2026-03-10 01:43:48,006:INFO:             pycaret: 3.3.2
2026-03-10 01:43:48,006:INFO:             IPython: 9.10.0
2026-03-10 01:43:48,006:INFO:          ipywidgets: 8.1.8
2026-03-10 01:43:48,006:INFO:                tqdm: 4.67.3
2026-03-10 01:43:48,006:INFO:               numpy: 1.26.4
2026-03-10 01:43:48,006:INFO:              pandas: 2.1.4
2026-03-10 01:43:48,006:INFO:              jinja2: 3.1.6
2026-03-10 01:43:48,006:INFO:               scipy: 1.11.4
2026-03-10 01:43:48,006:INFO:              joblib: 1.3.2
2026-03-10 01:43:48,006:INFO:             sklearn: 1.4.2
2026-03-10 01:43:48,006:INFO:                pyod: 2.0.7
2026-03-10 01:43:48,006:INFO:            imblearn: 0.14.1
2026-03-10 01:43:48,006:INFO:   category_encoders: 2.7.0
2026-03-10 01:43:48,006:INFO:            lightgbm: 4.6.0
2026-03-10 01:43:48,006:INFO:               numba: 0.64.0
2026-03-10 01:43:48,006:INFO:            requests: 2.32.5
2026-03-10 01:43:48,006:INFO:          matplotlib: 3.7.5
2026-03-10 01:43:48,006:INFO:          scikitplot: 0.3.7
2026-03-10 01:43:48,006:INFO:         yellowbrick: 1.5
2026-03-10 01:43:48,006:INFO:              plotly: 5.24.1
2026-03-10 01:43:48,006:INFO:    plotly-resampler: Not installed
2026-03-10 01:43:48,006:INFO:             kaleido: 1.2.0
2026-03-10 01:43:48,006:INFO:           schemdraw: 0.15
2026-03-10 01:43:48,006:INFO:         statsmodels: 0.14.6
2026-03-10 01:43:48,006:INFO:              sktime: 0.26.0
2026-03-10 01:43:48,006:INFO:               tbats: 1.1.3
2026-03-10 01:43:48,006:INFO:            pmdarima: 2.0.4
2026-03-10 01:43:48,006:INFO:              psutil: 7.2.2
2026-03-10 01:43:48,006:INFO:          markupsafe: 3.0.3
2026-03-10 01:43:48,006:INFO:             pickle5: Not installed
2026-03-10 01:43:48,006:INFO:         cloudpickle: 3.1.2
2026-03-10 01:43:48,006:INFO:         deprecation: 2.1.0
2026-03-10 01:43:48,006:INFO:              xxhash: 3.6.0
2026-03-10 01:43:48,006:INFO:           wurlitzer: 3.1.1
2026-03-10 01:43:48,006:INFO:PyCaret optional dependencies:
2026-03-10 01:43:48,006:INFO:                shap: Not installed
2026-03-10 01:43:48,006:INFO:           interpret: Not installed
2026-03-10 01:43:48,006:INFO:                umap: Not installed
2026-03-10 01:43:48,006:INFO:     ydata_profiling: Not installed
2026-03-10 01:43:48,006:INFO:  explainerdashboard: Not installed
2026-03-10 01:43:48,006:INFO:             autoviz: Not installed
2026-03-10 01:43:48,006:INFO:           fairlearn: Not installed
2026-03-10 01:43:48,006:INFO:          deepchecks: Not installed
2026-03-10 01:43:48,006:INFO:             xgboost: Not installed
2026-03-10 01:43:48,006:INFO:            catboost: Not installed
2026-03-10 01:43:48,006:INFO:              kmodes: Not installed
2026-03-10 01:43:48,006:INFO:             mlxtend: Not installed
2026-03-10 01:43:48,006:INFO:       statsforecast: Not installed
2026-03-10 01:43:48,006:INFO:        tune_sklearn: Not installed
2026-03-10 01:43:48,006:INFO:                 ray: Not installed
2026-03-10 01:43:48,006:INFO:            hyperopt: Not installed
2026-03-10 01:43:48,006:INFO:              optuna: Not installed
2026-03-10 01:43:48,006:INFO:               skopt: Not installed
2026-03-10 01:43:48,006:INFO:              mlflow: Not installed
2026-03-10 01:43:48,006:INFO:              gradio: Not installed
2026-03-10 01:43:48,006:INFO:             fastapi: Not installed
2026-03-10 01:43:48,006:INFO:             uvicorn: Not installed
2026-03-10 01:43:48,006:INFO:              m2cgen: Not installed
2026-03-10 01:43:48,006:INFO:           evidently: Not installed
2026-03-10 01:43:48,006:INFO:               fugue: Not installed
2026-03-10 01:43:48,006:INFO:           streamlit: Not installed
2026-03-10 01:43:48,006:INFO:             prophet: Not installed
2026-03-10 01:43:48,006:INFO:None
2026-03-10 01:43:48,006:INFO:Set up data.
2026-03-10 01:43:48,013:INFO:Set up folding strategy.
2026-03-10 01:43:48,013:INFO:Set up train/test split.
2026-03-10 01:43:48,027:INFO:Set up index.
2026-03-10 01:43:48,027:INFO:Assigning column types.
2026-03-10 01:43:48,029:INFO:Engine successfully changes for model 'lr' to 'sklearn'.
2026-03-10 01:43:48,041:INFO:Engine for model 'knn' has not been set explicitly, hence returning None.
2026-03-10 01:43:48,043:INFO:Engine for model 'rbfsvm' has not been set explicitly, hence returning None.
2026-03-10 01:43:48,053:WARNING:
'xgboost' is a soft dependency and not included in the pycaret installation. Please run: `pip install xgboost` to install.
Alternately, you can install this by running `pip install pycaret[models]`
2026-03-10 01:43:48,053:WARNING:
'catboost' is a soft dependency and not included in the pycaret installation. Please run: `pip install catboost` to install.
Alternately, you can install this by running `pip install pycaret[models]`
2026-03-10 01:43:48,065:INFO:Engine for model 'knn' has not been set explicitly, hence returning None.
2026-03-10 01:43:48,065:INFO:Engine for model 'rbfsvm' has not been set explicitly, hence returning None.
2026-03-10 01:43:48,073:WARNING:
'xgboost' is a soft dependency and not included in the pycaret installation. Please run: `pip install xgboost` to install.
Alternately, you can install this by running `pip install pycaret[models]`
2026-03-10 01:43:48,073:WARNING:
'catboost' is a soft dependency and not included in the pycaret installation. Please run: `pip install catboost` to install.
Alternately, you can install this by running `pip install pycaret[models]`
2026-03-10 01:43:48,073:INFO:Engine successfully changes for model 'knn' to 'sklearn'.
2026-03-10 01:43:48,086:INFO:Engine for model 'rbfsvm' has not been set explicitly, hence returning None.
2026-03-10 01:43:48,093:WARNING:
'xgboost' is a soft dependency and not included in the pycaret installation. Please run: `pip install xgboost` to install.
Alternately, you can install this by running `pip install pycaret[models]`
2026-03-10 01:43:48,093:WARNING:
'catboost' is a soft dependency and not included in the pycaret installation. Please run: `pip install catboost` to install.
Alternately, you can install this by running `pip install pycaret[models]`
2026-03-10 01:43:48,106:INFO:Engine for model 'rbfsvm' has not been set explicitly, hence returning None.
2026-03-10 01:43:48,113:WARNING:
'xgboost' is a soft dependency and not included in the pycaret installation. Please run: `pip install xgboost` to install.
Alternately, you can install this by running `pip install pycaret[models]`
2026-03-10 01:43:48,113:WARNING:
'catboost' is a soft dependency and not included in the pycaret installation. Please run: `pip install catboost` to install.
Alternately, you can install this by running `pip install pycaret[models]`
2026-03-10 01:43:48,113:INFO:Engine successfully changes for model 'rbfsvm' to 'sklearn'.
2026-03-10 01:43:48,133:WARNING:
'xgboost' is a soft dependency and not included in the pycaret installation. Please run: `pip install xgboost` to install.
Alternately, you can install this by running `pip install pycaret[models]`
2026-03-10 01:43:48,133:WARNING:
'catboost' is a soft dependency and not included in the pycaret installation. Please run: `pip install catboost` to install.
Alternately, you can install this by running `pip install pycaret[models]`
2026-03-10 01:43:48,154:WARNING:
'xgboost' is a soft dependency and not included in the pycaret installation. Please run: `pip install xgboost` to install.
Alternately, you can install this by running `pip install pycaret[models]`
2026-03-10 01:43:48,154:WARNING:
'catboost' is a soft dependency and not included in the pycaret installation. Please run: `pip install catboost` to install.
Alternately, you can install this by running `pip install pycaret[models]`
2026-03-10 01:43:48,155:INFO:Preparing preprocessing pipeline...
2026-03-10 01:43:48,156:INFO:Set up label encoding.
2026-03-10 01:43:48,156:INFO:Set up simple imputation.
2026-03-10 01:43:48,159:INFO:Set up encoding of ordinal features.
2026-03-10 01:43:48,170:INFO:Set up encoding of categorical features.
2026-03-10 01:43:48,170:INFO:Set up imbalanced handling.
2026-03-10 01:43:48,170:INFO:Set up feature normalization.
2026-03-10 01:43:48,170:INFO:Set up column name cleaning.
2026-03-10 01:43:48,574:INFO:Finished creating preprocessing pipeline.
2026-03-10 01:43:48,620:INFO:Pipeline: Pipeline(memory=FastMemory(location=/var/folders/qr/v7zsrctd3rj_brd6d8n5cq7c0000gn/T/joblib),
         steps=[('label_encoding',
                 TransformerWrapperWithInverse(exclude=None, include=None,
                                               transformer=LabelEncoder())),
                ('numerical_imputer',
                 TransformerWrapper(exclude=None,
                                    include=['age', '意識狀態', '精神狀態', '下肢肌力',
                                             'K氏量表', '巴氏量表'],
                                    transformer=SimpleImputer(add_indicator=Fal...
                                    transformer=FixImbalancer(estimator=SMOTE(k_neighbors=5,
                                                                              random_state=42,
                                                                              sampling_strategy='auto')))),
                ('normalize',
                 TransformerWrapper(exclude=None, include=None,
                                    transformer=StandardScaler(copy=True,
                                                               with_mean=True,
                                                               with_std=True))),
                ('clean_column_names',
                 TransformerWrapper(exclude=None, include=None,
                                    transformer=CleanColumnNames(match='[\\]\\[\\,\\{\\}\\"\\:]+')))],
         verbose=False)
2026-03-10 01:43:48,620:INFO:Creating final display dataframe.
2026-03-10 01:43:48,842:INFO:Setup _display_container:                     Description             Value
0                    Session id                42
1                        Target               Sex
2                   Target type            Binary
3                Target mapping        F: 0, M: 1
4           Original data shape        (1182, 40)
5        Transformed data shape        (1271, 40)
6   Transformed train set shape         (916, 40)
7    Transformed test set shape         (355, 40)
8              Numeric features                 6
9          Categorical features                33
10                   Preprocess              True
11              Imputation type            simple
12           Numeric imputation              mean
13       Categorical imputation              mode
14     Maximum one-hot encoding                25
15              Encoding method              None
16                Fix imbalance              True
17         Fix imbalance method             SMOTE
18                    Normalize              True
19             Normalize method            zscore
20               Fold Generator   StratifiedKFold
21                  Fold Number                 5
22                     CPU Jobs                -1
23                      Use GPU             False
24               Log Experiment             False
25              Experiment Name  clf-default-name
26                          USI              4822
2026-03-10 01:43:48,863:WARNING:
'xgboost' is a soft dependency and not included in the pycaret installation. Please run: `pip install xgboost` to install.
Alternately, you can install this by running `pip install pycaret[models]`
2026-03-10 01:43:48,863:WARNING:
'catboost' is a soft dependency and not included in the pycaret installation. Please run: `pip install catboost` to install.
Alternately, you can install this by running `pip install pycaret[models]`
2026-03-10 01:43:48,883:WARNING:
'xgboost' is a soft dependency and not included in the pycaret installation. Please run: `pip install xgboost` to install.
Alternately, you can install this by running `pip install pycaret[models]`
2026-03-10 01:43:48,883:WARNING:
'catboost' is a soft dependency and not included in the pycaret installation. Please run: `pip install catboost` to install.
Alternately, you can install this by running `pip install pycaret[models]`
2026-03-10 01:43:48,884:INFO:setup() successfully completed in 0.88s...............
2026-03-10 01:43:48,884:INFO:Initializing compare_models()
2026-03-10 01:43:48,884:INFO:compare_models(self=<pycaret.classification.oop.ClassificationExperiment object at 0x15d1f0610>, include=None, exclude=['lightgbm'], fold=None, round=4, cross_validation=True, sort=Accuracy, n_select=1, budget_time=None, turbo=True, errors=ignore, fit_kwargs=None, groups=None, experiment_custom_tags=None, probability_threshold=None, verbose=True, parallel=None, caller_params={'self': <pycaret.classification.oop.ClassificationExperiment object at 0x15d1f0610>, 'include': None, 'exclude': ['lightgbm'], 'fold': None, 'round': 4, 'cross_validation': True, 'sort': 'Accuracy', 'n_select': 1, 'budget_time': None, 'turbo': True, 'errors': 'ignore', 'fit_kwargs': None, 'groups': None, 'experiment_custom_tags': None, 'probability_threshold': None, 'engine': None, 'verbose': True, 'parallel': None, '__class__': <class 'pycaret.classification.oop.ClassificationExperiment'>})
2026-03-10 01:43:48,884:INFO:Checking exceptions
2026-03-10 01:43:48,885:INFO:Preparing display monitor
2026-03-10 01:43:48,886:INFO:Initializing Logistic Regression
2026-03-10 01:43:48,886:INFO:Total runtime is 5.960464477539062e-07 minutes
2026-03-10 01:43:48,886:INFO:SubProcess create_model() called ==================================
2026-03-10 01:43:48,886:INFO:Initializing create_model()
2026-03-10 01:43:48,886:INFO:create_model(self=<pycaret.classification.oop.ClassificationExperiment object at 0x15d1f0610>, estimator=lr, fold=StratifiedKFold(n_splits=5, random_state=None, shuffle=False), round=4, cross_validation=True, predict=True, fit_kwargs={}, groups=None, refit=False, probability_threshold=None, experiment_custom_tags=None, verbose=False, system=False, add_to_model_list=True, metrics=None, display=<pycaret.internal.display.display.CommonDisplay object at 0x15d5ef590>, model_only=True, return_train_score=False, error_score=0.0, kwargs={})
2026-03-10 01:43:48,886:INFO:Checking exceptions
2026-03-10 01:43:48,886:INFO:Importing libraries
2026-03-10 01:43:48,886:INFO:Copying training dataset
2026-03-10 01:43:48,888:INFO:Defining folds
2026-03-10 01:43:48,888:INFO:Declaring metric variables
2026-03-10 01:43:48,888:INFO:Importing untrained model
2026-03-10 01:43:48,888:INFO:Logistic Regression Imported successfully
2026-03-10 01:43:48,888:INFO:Starting cross validation
2026-03-10 01:43:48,889:INFO:Cross validating with StratifiedKFold(n_splits=5, random_state=None, shuffle=False), n_jobs=-1
2026-03-10 01:43:50,901:WARNING:/Users/xiaowang/Documents/Github/DataMind/backend/.venv/lib/python3.11/site-packages/_distutils_hack/__init__.py:30: UserWarning: Setuptools is replacing distutils. Support for replacing an already imported distutils is deprecated. In the future, this condition will fail. Register concerns at https://github.com/pypa/setuptools/issues/new?template=distutils-deprecation.yml
  warnings.warn(

2026-03-10 01:43:50,901:WARNING:/Users/xiaowang/Documents/Github/DataMind/backend/.venv/lib/python3.11/site-packages/_distutils_hack/__init__.py:30: UserWarning: Setuptools is replacing distutils. Support for replacing an already imported distutils is deprecated. In the future, this condition will fail. Register concerns at https://github.com/pypa/setuptools/issues/new?template=distutils-deprecation.yml
  warnings.warn(

2026-03-10 01:43:50,901:WARNING:/Users/xiaowang/Documents/Github/DataMind/backend/.venv/lib/python3.11/site-packages/_distutils_hack/__init__.py:30: UserWarning: Setuptools is replacing distutils. Support for replacing an already imported distutils is deprecated. In the future, this condition will fail. Register concerns at https://github.com/pypa/setuptools/issues/new?template=distutils-deprecation.yml
  warnings.warn(

2026-03-10 01:43:50,901:WARNING:/Users/xiaowang/Documents/Github/DataMind/backend/.venv/lib/python3.11/site-packages/_distutils_hack/__init__.py:30: UserWarning: Setuptools is replacing distutils. Support for replacing an already imported distutils is deprecated. In the future, this condition will fail. Register concerns at https://github.com/pypa/setuptools/issues/new?template=distutils-deprecation.yml
  warnings.warn(

2026-03-10 01:43:50,901:WARNING:/Users/xiaowang/Documents/Github/DataMind/backend/.venv/lib/python3.11/site-packages/_distutils_hack/__init__.py:30: UserWarning: Setuptools is replacing distutils. Support for replacing an already imported distutils is deprecated. In the future, this condition will fail. Register concerns at https://github.com/pypa/setuptools/issues/new?template=distutils-deprecation.yml
  warnings.warn(

2026-03-10 01:43:51,009:WARNING:/Users/xiaowang/Documents/Github/DataMind/backend/.venv/lib/python3.11/site-packages/sklearn/metrics/_classification.py:1561: UserWarning: Note that pos_label (set to 'M') is ignored when average != 'binary' (got 'weighted'). You may use labels=[pos_label] to specify a single positive class.
  warnings.warn(

2026-03-10 01:43:51,009:WARNING:/Users/xiaowang/Documents/Github/DataMind/backend/.venv/lib/python3.11/site-packages/sklearn/metrics/_classification.py:1561: UserWarning: Note that pos_label (set to 'M') is ignored when average != 'binary' (got 'weighted'). You may use labels=[pos_label] to specify a single positive class.
  warnings.warn(

2026-03-10 01:43:51,009:WARNING:/Users/xiaowang/Documents/Github/DataMind/backend/.venv/lib/python3.11/site-packages/sklearn/metrics/_classification.py:1561: UserWarning: Note that pos_label (set to 'M') is ignored when average != 'binary' (got 'weighted'). You may use labels=[pos_label] to specify a single positive class.
  warnings.warn(

2026-03-10 01:43:51,009:WARNING:/Users/xiaowang/Documents/Github/DataMind/backend/.venv/lib/python3.11/site-packages/sklearn/metrics/_classification.py:1561: UserWarning: Note that pos_label (set to 'M') is ignored when average != 'binary' (got 'weighted'). You may use labels=[pos_label] to specify a single positive class.
  warnings.warn(

2026-03-10 01:43:51,009:WARNING:/Users/xiaowang/Documents/Github/DataMind/backend/.venv/lib/python3.11/site-packages/sklearn/metrics/_classification.py:1561: UserWarning: Note that pos_label (set to 'M') is ignored when average != 'binary' (got 'weighted'). You may use labels=[pos_label] to specify a single positive class.
  warnings.warn(

2026-03-10 01:43:51,011:WARNING:/Users/xiaowang/Documents/Github/DataMind/backend/.venv/lib/python3.11/site-packages/sklearn/metrics/_classification.py:1561: UserWarning: Note that pos_label (set to 'M') is ignored when average != 'binary' (got 'weighted'). You may use labels=[pos_label] to specify a single positive class.
  warnings.warn(

2026-03-10 01:43:51,011:WARNING:/Users/xiaowang/Documents/Github/DataMind/backend/.venv/lib/python3.11/site-packages/sklearn/metrics/_classification.py:1561: UserWarning: Note that pos_label (set to 'M') is ignored when average != 'binary' (got 'weighted'). You may use labels=[pos_label] to specify a single positive class.
  warnings.warn(

2026-03-10 01:43:51,011:WARNING:/Users/xiaowang/Documents/Github/DataMind/backend/.venv/lib/python3.11/site-packages/sklearn/metrics/_classification.py:1561: UserWarning: Note that pos_label (set to 'M') is ignored when average != 'binary' (got 'weighted'). You may use labels=[pos_label] to specify a single positive class.
  warnings.warn(

2026-03-10 01:43:51,011:WARNING:/Users/xiaowang/Documents/Github/DataMind/backend/.venv/lib/python3.11/site-packages/sklearn/metrics/_classification.py:1561: UserWarning: Note that pos_label (set to 'M') is ignored when average != 'binary' (got 'weighted'). You may use labels=[pos_label] to specify a single positive class.
  warnings.warn(

2026-03-10 01:43:51,011:WARNING:/Users/xiaowang/Documents/Github/DataMind/backend/.venv/lib/python3.11/site-packages/sklearn/metrics/_classification.py:1561: UserWarning: Note that pos_label (set to 'M') is ignored when average != 'binary' (got 'weighted'). You may use labels=[pos_label] to specify a single positive class.
  warnings.warn(

2026-03-10 01:43:51,011:WARNING:/Users/xiaowang/Documents/Github/DataMind/backend/.venv/lib/python3.11/site-packages/sklearn/metrics/_classification.py:1561: UserWarning: Note that pos_label (set to 'M') is ignored when average != 'binary' (got 'weighted'). You may use labels=[pos_label] to specify a single positive class.
  warnings.warn(

2026-03-10 01:43:51,011:WARNING:/Users/xiaowang/Documents/Github/DataMind/backend/.venv/lib/python3.11/site-packages/sklearn/metrics/_classification.py:1561: UserWarning: Note that pos_label (set to 'M') is ignored when average != 'binary' (got 'weighted'). You may use labels=[pos_label] to specify a single positive class.
  warnings.warn(

2026-03-10 01:43:51,012:WARNING:/Users/xiaowang/Documents/Github/DataMind/backend/.venv/lib/python3.11/site-packages/sklearn/metrics/_classification.py:1561: UserWarning: Note that pos_label (set to 'M') is ignored when average != 'binary' (got 'weighted'). You may use labels=[pos_label] to specify a single positive class.
  warnings.warn(

2026-03-10 01:43:51,012:WARNING:/Users/xiaowang/Documents/Github/DataMind/backend/.venv/lib/python3.11/site-packages/sklearn/metrics/_classification.py:1561: UserWarning: Note that pos_label (set to 'M') is ignored when average != 'binary' (got 'weighted'). You may use labels=[pos_label] to specify a single positive class.
  warnings.warn(

2026-03-10 01:43:51,012:WARNING:/Users/xiaowang/Documents/Github/DataMind/backend/.venv/lib/python3.11/site-packages/sklearn/metrics/_classification.py:1561: UserWarning: Note that pos_label (set to 'M') is ignored when average != 'binary' (got 'weighted'). You may use labels=[pos_label] to specify a single positive class.
  warnings.warn(

2026-03-10 01:43:51,026:INFO:Calculating mean and std
2026-03-10 01:43:51,026:INFO:Creating metrics dataframe
2026-03-10 01:43:51,027:INFO:Uploading results into container
2026-03-10 01:43:51,027:INFO:Uploading model into container now
2026-03-10 01:43:51,028:INFO:_master_model_container: 1
2026-03-10 01:43:51,028:INFO:_display_container: 2
2026-03-10 01:43:51,028:INFO:LogisticRegression(C=1.0, class_weight=None, dual=False, fit_intercept=True,
                   intercept_scaling=1, l1_ratio=None, max_iter=1000,
                   multi_class='auto', n_jobs=None, penalty='l2',
                   random_state=42, solver='lbfgs', tol=0.0001, verbose=0,
                   warm_start=False)
2026-03-10 01:43:51,028:INFO:create_model() successfully completed......................................
2026-03-10 01:43:51,090:INFO:SubProcess create_model() end ==================================
2026-03-10 01:43:51,090:INFO:Creating metrics dataframe
2026-03-10 01:43:51,091:INFO:Initializing K Neighbors Classifier
2026-03-10 01:43:51,091:INFO:Total runtime is 0.03674904902776082 minutes
2026-03-10 01:43:51,091:INFO:SubProcess create_model() called ==================================
2026-03-10 01:43:51,091:INFO:Initializing create_model()
2026-03-10 01:43:51,091:INFO:create_model(self=<pycaret.classification.oop.ClassificationExperiment object at 0x15d1f0610>, estimator=knn, fold=StratifiedKFold(n_splits=5, random_state=None, shuffle=False), round=4, cross_validation=True, predict=True, fit_kwargs={}, groups=None, refit=False, probability_threshold=None, experiment_custom_tags=None, verbose=False, system=False, add_to_model_list=True, metrics=None, display=<pycaret.internal.display.display.CommonDisplay object at 0x15d5ef590>, model_only=True, return_train_score=False, error_score=0.0, kwargs={})
2026-03-10 01:43:51,091:INFO:Checking exceptions
2026-03-10 01:43:51,091:INFO:Importing libraries
2026-03-10 01:43:51,091:INFO:Copying training dataset
2026-03-10 01:43:51,093:INFO:Defining folds
2026-03-10 01:43:51,093:INFO:Declaring metric variables
2026-03-10 01:43:51,093:INFO:Importing untrained model
2026-03-10 01:43:51,093:INFO:K Neighbors Classifier Imported successfully
2026-03-10 01:43:51,093:INFO:Starting cross validation
2026-03-10 01:43:51,094:INFO:Cross validating with StratifiedKFold(n_splits=5, random_state=None, shuffle=False), n_jobs=-1
2026-03-10 01:43:51,188:WARNING:/Users/xiaowang/Documents/Github/DataMind/backend/.venv/lib/python3.11/site-packages/sklearn/metrics/_classification.py:1561: UserWarning: Note that pos_label (set to 'M') is ignored when average != 'binary' (got 'weighted'). You may use labels=[pos_label] to specify a single positive class.
  warnings.warn(

2026-03-10 01:43:51,189:WARNING:/Users/xiaowang/Documents/Github/DataMind/backend/.venv/lib/python3.11/site-packages/sklearn/metrics/_classification.py:1561: UserWarning: Note that pos_label (set to 'M') is ignored when average != 'binary' (got 'weighted'). You may use labels=[pos_label] to specify a single positive class.
  warnings.warn(

2026-03-10 01:43:51,190:WARNING:/Users/xiaowang/Documents/Github/DataMind/backend/.venv/lib/python3.11/site-packages/sklearn/metrics/_classification.py:1561: UserWarning: Note that pos_label (set to 'M') is ignored when average != 'binary' (got 'weighted'). You may use labels=[pos_label] to specify a single positive class.
  warnings.warn(

2026-03-10 01:43:51,191:WARNING:/Users/xiaowang/Documents/Github/DataMind/backend/.venv/lib/python3.11/site-packages/sklearn/metrics/_classification.py:1561: UserWarning: Note that pos_label (set to 'M') is ignored when average != 'binary' (got 'weighted'). You may use labels=[pos_label] to specify a single positive class.
  warnings.warn(

2026-03-10 01:43:51,192:WARNING:/Users/xiaowang/Documents/Github/DataMind/backend/.venv/lib/python3.11/site-packages/sklearn/metrics/_classification.py:1561: UserWarning: Note that pos_label (set to 'M') is ignored when average != 'binary' (got 'weighted'). You may use labels=[pos_label] to specify a single positive class.
  warnings.warn(

2026-03-10 01:43:51,192:WARNING:/Users/xiaowang/Documents/Github/DataMind/backend/.venv/lib/python3.11/site-packages/sklearn/metrics/_classification.py:1561: UserWarning: Note that pos_label (set to 'M') is ignored when average != 'binary' (got 'weighted'). You may use labels=[pos_label] to specify a single positive class.
  warnings.warn(

2026-03-10 01:43:51,902:WARNING:/Users/xiaowang/Documents/Github/DataMind/backend/.venv/lib/python3.11/site-packages/_distutils_hack/__init__.py:30: UserWarning: Setuptools is replacing distutils. Support for replacing an already imported distutils is deprecated. In the future, this condition will fail. Register concerns at https://github.com/pypa/setuptools/issues/new?template=distutils-deprecation.yml
  warnings.warn(

2026-03-10 01:43:51,903:WARNING:/Users/xiaowang/Documents/Github/DataMind/backend/.venv/lib/python3.11/site-packages/_distutils_hack/__init__.py:30: UserWarning: Setuptools is replacing distutils. Support for replacing an already imported distutils is deprecated. In the future, this condition will fail. Register concerns at https://github.com/pypa/setuptools/issues/new?template=distutils-deprecation.yml
  warnings.warn(

2026-03-10 01:43:51,904:WARNING:/Users/xiaowang/Documents/Github/DataMind/backend/.venv/lib/python3.11/site-packages/_distutils_hack/__init__.py:30: UserWarning: Setuptools is replacing distutils. Support for replacing an already imported distutils is deprecated. In the future, this condition will fail. Register concerns at https://github.com/pypa/setuptools/issues/new?template=distutils-deprecation.yml
  warnings.warn(

2026-03-10 01:43:51,995:WARNING:/Users/xiaowang/Documents/Github/DataMind/backend/.venv/lib/python3.11/site-packages/sklearn/metrics/_classification.py:1561: UserWarning: Note that pos_label (set to 'M') is ignored when average != 'binary' (got 'weighted'). You may use labels=[pos_label] to specify a single positive class.
  warnings.warn(

2026-03-10 01:43:51,996:WARNING:/Users/xiaowang/Documents/Github/DataMind/backend/.venv/lib/python3.11/site-packages/sklearn/metrics/_classification.py:1561: UserWarning: Note that pos_label (set to 'M') is ignored when average != 'binary' (got 'weighted'). You may use labels=[pos_label] to specify a single positive class.
  warnings.warn(

2026-03-10 01:43:51,996:WARNING:/Users/xiaowang/Documents/Github/DataMind/backend/.venv/lib/python3.11/site-packages/sklearn/metrics/_classification.py:1561: UserWarning: Note that pos_label (set to 'M') is ignored when average != 'binary' (got 'weighted'). You may use labels=[pos_label] to specify a single positive class.
  warnings.warn(

2026-03-10 01:43:51,996:WARNING:/Users/xiaowang/Documents/Github/DataMind/backend/.venv/lib/python3.11/site-packages/sklearn/metrics/_classification.py:1561: UserWarning: Note that pos_label (set to 'M') is ignored when average != 'binary' (got 'weighted'). You may use labels=[pos_label] to specify a single positive class.
  warnings.warn(

2026-03-10 01:43:51,997:WARNING:/Users/xiaowang/Documents/Github/DataMind/backend/.venv/lib/python3.11/site-packages/sklearn/metrics/_classification.py:1561: UserWarning: Note that pos_label (set to 'M') is ignored when average != 'binary' (got 'weighted'). You may use labels=[pos_label] to specify a single positive class.
  warnings.warn(

2026-03-10 01:43:51,997:WARNING:/Users/xiaowang/Documents/Github/DataMind/backend/.venv/lib/python3.11/site-packages/sklearn/metrics/_classification.py:1561: UserWarning: Note that pos_label (set to 'M') is ignored when average != 'binary' (got 'weighted'). You may use labels=[pos_label] to specify a single positive class.
  warnings.warn(

2026-03-10 01:43:51,997:WARNING:/Users/xiaowang/Documents/Github/DataMind/backend/.venv/lib/python3.11/site-packages/sklearn/metrics/_classification.py:1561: UserWarning: Note that pos_label (set to 'M') is ignored when average != 'binary' (got 'weighted'). You may use labels=[pos_label] to specify a single positive class.
  warnings.warn(

2026-03-10 01:43:51,998:WARNING:/Users/xiaowang/Documents/Github/DataMind/backend/.venv/lib/python3.11/site-packages/sklearn/metrics/_classification.py:1561: UserWarning: Note that pos_label (set to 'M') is ignored when average != 'binary' (got 'weighted'). You may use labels=[pos_label] to specify a single positive class.
  warnings.warn(

2026-03-10 01:43:51,998:WARNING:/Users/xiaowang/Documents/Github/DataMind/backend/.venv/lib/python3.11/site-packages/sklearn/metrics/_classification.py:1561: UserWarning: Note that pos_label (set to 'M') is ignored when average != 'binary' (got 'weighted'). You may use labels=[pos_label] to specify a single positive class.
  warnings.warn(

2026-03-10 01:43:52,005:INFO:Calculating mean and std
2026-03-10 01:43:52,006:INFO:Creating metrics dataframe
2026-03-10 01:43:52,006:INFO:Uploading results into container
2026-03-10 01:43:52,007:INFO:Uploading model into container now
2026-03-10 01:43:52,007:INFO:_master_model_container: 2
2026-03-10 01:43:52,007:INFO:_display_container: 2
2026-03-10 01:43:52,007:INFO:KNeighborsClassifier(algorithm='auto', leaf_size=30, metric='minkowski',
                     metric_params=None, n_jobs=-1, n_neighbors=5, p=2,
                     weights='uniform')
2026-03-10 01:43:52,007:INFO:create_model() successfully completed......................................
2026-03-10 01:43:52,062:INFO:SubProcess create_model() end ==================================
2026-03-10 01:43:52,062:INFO:Creating metrics dataframe
2026-03-10 01:43:52,063:INFO:Initializing Naive Bayes
2026-03-10 01:43:52,063:INFO:Total runtime is 0.052950584888458246 minutes
2026-03-10 01:43:52,063:INFO:SubProcess create_model() called ==================================
2026-03-10 01:43:52,063:INFO:Initializing create_model()
2026-03-10 01:43:52,063:INFO:create_model(self=<pycaret.classification.oop.ClassificationExperiment object at 0x15d1f0610>, estimator=nb, fold=StratifiedKFold(n_splits=5, random_state=None, shuffle=False), round=4, cross_validation=True, predict=True, fit_kwargs={}, groups=None, refit=False, probability_threshold=None, experiment_custom_tags=None, verbose=False, system=False, add_to_model_list=True, metrics=None, display=<pycaret.internal.display.display.CommonDisplay object at 0x15d5ef590>, model_only=True, return_train_score=False, error_score=0.0, kwargs={})
2026-03-10 01:43:52,063:INFO:Checking exceptions
2026-03-10 01:43:52,063:INFO:Importing libraries
2026-03-10 01:43:52,063:INFO:Copying training dataset
2026-03-10 01:43:52,065:INFO:Defining folds
2026-03-10 01:43:52,065:INFO:Declaring metric variables
2026-03-10 01:43:52,065:INFO:Importing untrained model
2026-03-10 01:43:52,065:INFO:Naive Bayes Imported successfully
2026-03-10 01:43:52,065:INFO:Starting cross validation
2026-03-10 01:43:52,066:INFO:Cross validating with StratifiedKFold(n_splits=5, random_state=None, shuffle=False), n_jobs=-1
2026-03-10 01:43:52,149:WARNING:/Users/xiaowang/Documents/Github/DataMind/backend/.venv/lib/python3.11/site-packages/sklearn/metrics/_classification.py:1561: UserWarning: Note that pos_label (set to 'M') is ignored when average != 'binary' (got 'weighted'). You may use labels=[pos_label] to specify a single positive class.
  warnings.warn(

2026-03-10 01:43:52,150:WARNING:/Users/xiaowang/Documents/Github/DataMind/backend/.venv/lib/python3.11/site-packages/sklearn/metrics/_classification.py:1561: UserWarning: Note that pos_label (set to 'M') is ignored when average != 'binary' (got 'weighted'). You may use labels=[pos_label] to specify a single positive class.
  warnings.warn(

2026-03-10 01:43:52,151:WARNING:/Users/xiaowang/Documents/Github/DataMind/backend/.venv/lib/python3.11/site-packages/sklearn/metrics/_classification.py:1561: UserWarning: Note that pos_label (set to 'M') is ignored when average != 'binary' (got 'weighted'). You may use labels=[pos_label] to specify a single positive class.
  warnings.warn(

2026-03-10 01:43:52,156:WARNING:/Users/xiaowang/Documents/Github/DataMind/backend/.venv/lib/python3.11/site-packages/sklearn/metrics/_classification.py:1561: UserWarning: Note that pos_label (set to 'M') is ignored when average != 'binary' (got 'weighted'). You may use labels=[pos_label] to specify a single positive class.
  warnings.warn(

2026-03-10 01:43:52,156:WARNING:/Users/xiaowang/Documents/Github/DataMind/backend/.venv/lib/python3.11/site-packages/sklearn/metrics/_classification.py:1561: UserWarning: Note that pos_label (set to 'M') is ignored when average != 'binary' (got 'weighted'). You may use labels=[pos_label] to specify a single positive class.
  warnings.warn(

2026-03-10 01:43:52,157:WARNING:/Users/xiaowang/Documents/Github/DataMind/backend/.venv/lib/python3.11/site-packages/sklearn/metrics/_classification.py:1561: UserWarning: Note that pos_label (set to 'M') is ignored when average != 'binary' (got 'weighted'). You may use labels=[pos_label] to specify a single positive class.
  warnings.warn(

2026-03-10 01:43:52,160:WARNING:/Users/xiaowang/Documents/Github/DataMind/backend/.venv/lib/python3.11/site-packages/sklearn/metrics/_classification.py:1561: UserWarning: Note that pos_label (set to 'M') is ignored when average != 'binary' (got 'weighted'). You may use labels=[pos_label] to specify a single positive class.
  warnings.warn(

2026-03-10 01:43:52,161:WARNING:/Users/xiaowang/Documents/Github/DataMind/backend/.venv/lib/python3.11/site-packages/sklearn/metrics/_classification.py:1561: UserWarning: Note that pos_label (set to 'M') is ignored when average != 'binary' (got 'weighted'). You may use labels=[pos_label] to specify a single positive class.
  warnings.warn(

2026-03-10 01:43:52,162:WARNING:/Users/xiaowang/Documents/Github/DataMind/backend/.venv/lib/python3.11/site-packages/sklearn/metrics/_classification.py:1561: UserWarning: Note that pos_label (set to 'M') is ignored when average != 'binary' (got 'weighted'). You may use labels=[pos_label] to specify a single positive class.
  warnings.warn(

2026-03-10 01:43:52,870:WARNING:/Users/xiaowang/Documents/Github/DataMind/backend/.venv/lib/python3.11/site-packages/_distutils_hack/__init__.py:30: UserWarning: Setuptools is replacing distutils. Support for replacing an already imported distutils is deprecated. In the future, this condition will fail. Register concerns at https://github.com/pypa/setuptools/issues/new?template=distutils-deprecation.yml
  warnings.warn(

2026-03-10 01:43:52,870:WARNING:/Users/xiaowang/Documents/Github/DataMind/backend/.venv/lib/python3.11/site-packages/_distutils_hack/__init__.py:30: UserWarning: Setuptools is replacing distutils. Support for replacing an already imported distutils is deprecated. In the future, this condition will fail. Register concerns at https://github.com/pypa/setuptools/issues/new?template=distutils-deprecation.yml
  warnings.warn(

2026-03-10 01:43:52,960:WARNING:/Users/xiaowang/Documents/Github/DataMind/backend/.venv/lib/python3.11/site-packages/sklearn/metrics/_classification.py:1561: UserWarning: Note that pos_label (set to 'M') is ignored when average != 'binary' (got 'weighted'). You may use labels=[pos_label] to specify a single positive class.
  warnings.warn(

2026-03-10 01:43:52,961:WARNING:/Users/xiaowang/Documents/Github/DataMind/backend/.venv/lib/python3.11/site-packages/sklearn/metrics/_classification.py:1561: UserWarning: Note that pos_label (set to 'M') is ignored when average != 'binary' (got 'weighted'). You may use labels=[pos_label] to specify a single positive class.
  warnings.warn(

2026-03-10 01:43:52,961:WARNING:/Users/xiaowang/Documents/Github/DataMind/backend/.venv/lib/python3.11/site-packages/sklearn/metrics/_classification.py:1561: UserWarning: Note that pos_label (set to 'M') is ignored when average != 'binary' (got 'weighted'). You may use labels=[pos_label] to specify a single positive class.
  warnings.warn(

2026-03-10 01:43:52,962:WARNING:/Users/xiaowang/Documents/Github/DataMind/backend/.venv/lib/python3.11/site-packages/sklearn/metrics/_classification.py:1561: UserWarning: Note that pos_label (set to 'M') is ignored when average != 'binary' (got 'weighted'). You may use labels=[pos_label] to specify a single positive class.
  warnings.warn(

2026-03-10 01:43:52,962:WARNING:/Users/xiaowang/Documents/Github/DataMind/backend/.venv/lib/python3.11/site-packages/sklearn/metrics/_classification.py:1561: UserWarning: Note that pos_label (set to 'M') is ignored when average != 'binary' (got 'weighted'). You may use labels=[pos_label] to specify a single positive class.
  warnings.warn(

2026-03-10 01:43:52,963:WARNING:/Users/xiaowang/Documents/Github/DataMind/backend/.venv/lib/python3.11/site-packages/sklearn/metrics/_classification.py:1561: UserWarning: Note that pos_label (set to 'M') is ignored when average != 'binary' (got 'weighted'). You may use labels=[pos_label] to specify a single positive class.
  warnings.warn(

2026-03-10 01:43:52,974:INFO:Calculating mean and std
2026-03-10 01:43:52,974:INFO:Creating metrics dataframe
2026-03-10 01:43:52,975:INFO:Uploading results into container
2026-03-10 01:43:52,975:INFO:Uploading model into container now
2026-03-10 01:43:52,975:INFO:_master_model_container: 3
2026-03-10 01:43:52,975:INFO:_display_container: 2
2026-03-10 01:43:52,975:INFO:GaussianNB(priors=None, var_smoothing=1e-09)
2026-03-10 01:43:52,975:INFO:create_model() successfully completed......................................
2026-03-10 01:43:53,029:INFO:SubProcess create_model() end ==================================
2026-03-10 01:43:53,030:INFO:Creating metrics dataframe
2026-03-10 01:43:53,030:INFO:Initializing Decision Tree Classifier
2026-03-10 01:43:53,030:INFO:Total runtime is 0.06907346248626708 minutes
2026-03-10 01:43:53,030:INFO:SubProcess create_model() called ==================================
2026-03-10 01:43:53,031:INFO:Initializing create_model()
2026-03-10 01:43:53,031:INFO:create_model(self=<pycaret.classification.oop.ClassificationExperiment object at 0x15d1f0610>, estimator=dt, fold=StratifiedKFold(n_splits=5, random_state=None, shuffle=False), round=4, cross_validation=True, predict=True, fit_kwargs={}, groups=None, refit=False, probability_threshold=None, experiment_custom_tags=None, verbose=False, system=False, add_to_model_list=True, metrics=None, display=<pycaret.internal.display.display.CommonDisplay object at 0x15d5ef590>, model_only=True, return_train_score=False, error_score=0.0, kwargs={})
2026-03-10 01:43:53,031:INFO:Checking exceptions
2026-03-10 01:43:53,031:INFO:Importing libraries
2026-03-10 01:43:53,031:INFO:Copying training dataset
2026-03-10 01:43:53,032:INFO:Defining folds
2026-03-10 01:43:53,032:INFO:Declaring metric variables
2026-03-10 01:43:53,032:INFO:Importing untrained model
2026-03-10 01:43:53,032:INFO:Decision Tree Classifier Imported successfully
2026-03-10 01:43:53,032:INFO:Starting cross validation
2026-03-10 01:43:53,033:INFO:Cross validating with StratifiedKFold(n_splits=5, random_state=None, shuffle=False), n_jobs=-1
2026-03-10 01:43:53,119:WARNING:/Users/xiaowang/Documents/Github/DataMind/backend/.venv/lib/python3.11/site-packages/sklearn/metrics/_classification.py:1561: UserWarning: Note that pos_label (set to 'M') is ignored when average != 'binary' (got 'weighted'). You may use labels=[pos_label] to specify a single positive class.
  warnings.warn(

2026-03-10 01:43:53,120:WARNING:/Users/xiaowang/Documents/Github/DataMind/backend/.venv/lib/python3.11/site-packages/sklearn/metrics/_classification.py:1561: UserWarning: Note that pos_label (set to 'M') is ignored when average != 'binary' (got 'weighted'). You may use labels=[pos_label] to specify a single positive class.
  warnings.warn(

2026-03-10 01:43:53,121:WARNING:/Users/xiaowang/Documents/Github/DataMind/backend/.venv/lib/python3.11/site-packages/sklearn/metrics/_classification.py:1561: UserWarning: Note that pos_label (set to 'M') is ignored when average != 'binary' (got 'weighted'). You may use labels=[pos_label] to specify a single positive class.
  warnings.warn(

2026-03-10 01:43:53,125:WARNING:/Users/xiaowang/Documents/Github/DataMind/backend/.venv/lib/python3.11/site-packages/sklearn/metrics/_classification.py:1561: UserWarning: Note that pos_label (set to 'M') is ignored when average != 'binary' (got 'weighted'). You may use labels=[pos_label] to specify a single positive class.
  warnings.warn(

2026-03-10 01:43:53,126:WARNING:/Users/xiaowang/Documents/Github/DataMind/backend/.venv/lib/python3.11/site-packages/sklearn/metrics/_classification.py:1561: UserWarning: Note that pos_label (set to 'M') is ignored when average != 'binary' (got 'weighted'). You may use labels=[pos_label] to specify a single positive class.
  warnings.warn(

2026-03-10 01:43:53,126:WARNING:/Users/xiaowang/Documents/Github/DataMind/backend/.venv/lib/python3.11/site-packages/sklearn/metrics/_classification.py:1561: UserWarning: Note that pos_label (set to 'M') is ignored when average != 'binary' (got 'weighted'). You may use labels=[pos_label] to specify a single positive class.
  warnings.warn(

2026-03-10 01:43:53,126:WARNING:/Users/xiaowang/Documents/Github/DataMind/backend/.venv/lib/python3.11/site-packages/sklearn/metrics/_classification.py:1561: UserWarning: Note that pos_label (set to 'M') is ignored when average != 'binary' (got 'weighted'). You may use labels=[pos_label] to specify a single positive class.
  warnings.warn(

2026-03-10 01:43:53,127:WARNING:/Users/xiaowang/Documents/Github/DataMind/backend/.venv/lib/python3.11/site-packages/sklearn/metrics/_classification.py:1561: UserWarning: Note that pos_label (set to 'M') is ignored when average != 'binary' (got 'weighted'). You may use labels=[pos_label] to specify a single positive class.
  warnings.warn(

2026-03-10 01:43:53,127:WARNING:/Users/xiaowang/Documents/Github/DataMind/backend/.venv/lib/python3.11/site-packages/sklearn/metrics/_classification.py:1561: UserWarning: Note that pos_label (set to 'M') is ignored when average != 'binary' (got 'weighted'). You may use labels=[pos_label] to specify a single positive class.
  warnings.warn(

2026-03-10 01:43:53,127:WARNING:/Users/xiaowang/Documents/Github/DataMind/backend/.venv/lib/python3.11/site-packages/sklearn/metrics/_classification.py:1561: UserWarning: Note that pos_label (set to 'M') is ignored when average != 'binary' (got 'weighted'). You may use labels=[pos_label] to specify a single positive class.
  warnings.warn(

2026-03-10 01:43:53,128:WARNING:/Users/xiaowang/Documents/Github/DataMind/backend/.venv/lib/python3.11/site-packages/sklearn/metrics/_classification.py:1561: UserWarning: Note that pos_label (set to 'M') is ignored when average != 'binary' (got 'weighted'). You may use labels=[pos_label] to specify a single positive class.
  warnings.warn(

2026-03-10 01:43:53,128:WARNING:/Users/xiaowang/Documents/Github/DataMind/backend/.venv/lib/python3.11/site-packages/sklearn/metrics/_classification.py:1561: UserWarning: Note that pos_label (set to 'M') is ignored when average != 'binary' (got 'weighted'). You may use labels=[pos_label] to specify a single positive class.
  warnings.warn(

2026-03-10 01:43:53,129:WARNING:/Users/xiaowang/Documents/Github/DataMind/backend/.venv/lib/python3.11/site-packages/sklearn/metrics/_classification.py:1561: UserWarning: Note that pos_label (set to 'M') is ignored when average != 'binary' (got 'weighted'). You may use labels=[pos_label] to specify a single positive class.
  warnings.warn(

2026-03-10 01:43:53,129:WARNING:/Users/xiaowang/Documents/Github/DataMind/backend/.venv/lib/python3.11/site-packages/sklearn/metrics/_classification.py:1561: UserWarning: Note that pos_label (set to 'M') is ignored when average != 'binary' (got 'weighted'). You may use labels=[pos_label] to specify a single positive class.
  warnings.warn(

2026-03-10 01:43:53,130:WARNING:/Users/xiaowang/Documents/Github/DataMind/backend/.venv/lib/python3.11/site-packages/sklearn/metrics/_classification.py:1561: UserWarning: Note that pos_label (set to 'M') is ignored when average != 'binary' (got 'weighted'). You may use labels=[pos_label] to specify a single positive class.
  warnings.warn(

2026-03-10 01:43:53,142:INFO:Calculating mean and std
2026-03-10 01:43:53,143:INFO:Creating metrics dataframe
2026-03-10 01:43:53,143:INFO:Uploading results into container
2026-03-10 01:43:53,143:INFO:Uploading model into container now
2026-03-10 01:43:53,144:INFO:_master_model_container: 4
2026-03-10 01:43:53,144:INFO:_display_container: 2
2026-03-10 01:43:53,144:INFO:DecisionTreeClassifier(ccp_alpha=0.0, class_weight=None, criterion='gini',
                       max_depth=None, max_features=None, max_leaf_nodes=None,
                       min_impurity_decrease=0.0, min_samples_leaf=1,
                       min_samples_split=2, min_weight_fraction_leaf=0.0,
                       monotonic_cst=None, random_state=42, splitter='best')
2026-03-10 01:43:53,144:INFO:create_model() successfully completed......................................
2026-03-10 01:43:53,195:INFO:SubProcess create_model() end ==================================
2026-03-10 01:43:53,195:INFO:Creating metrics dataframe
2026-03-10 01:43:53,196:INFO:Initializing SVM - Linear Kernel
2026-03-10 01:43:53,196:INFO:Total runtime is 0.07182586590449015 minutes
2026-03-10 01:43:53,196:INFO:SubProcess create_model() called ==================================
2026-03-10 01:43:53,196:INFO:Initializing create_model()
2026-03-10 01:43:53,196:INFO:create_model(self=<pycaret.classification.oop.ClassificationExperiment object at 0x15d1f0610>, estimator=svm, fold=StratifiedKFold(n_splits=5, random_state=None, shuffle=False), round=4, cross_validation=True, predict=True, fit_kwargs={}, groups=None, refit=False, probability_threshold=None, experiment_custom_tags=None, verbose=False, system=False, add_to_model_list=True, metrics=None, display=<pycaret.internal.display.display.CommonDisplay object at 0x15d5ef590>, model_only=True, return_train_score=False, error_score=0.0, kwargs={})
2026-03-10 01:43:53,196:INFO:Checking exceptions
2026-03-10 01:43:53,196:INFO:Importing libraries
2026-03-10 01:43:53,196:INFO:Copying training dataset
2026-03-10 01:43:53,197:INFO:Defining folds
2026-03-10 01:43:53,197:INFO:Declaring metric variables
2026-03-10 01:43:53,197:INFO:Importing untrained model
2026-03-10 01:43:53,197:INFO:SVM - Linear Kernel Imported successfully
2026-03-10 01:43:53,198:INFO:Starting cross validation
2026-03-10 01:43:53,198:INFO:Cross validating with StratifiedKFold(n_splits=5, random_state=None, shuffle=False), n_jobs=-1
2026-03-10 01:43:53,286:WARNING:/Users/xiaowang/Documents/Github/DataMind/backend/.venv/lib/python3.11/site-packages/sklearn/metrics/_classification.py:1561: UserWarning: Note that pos_label (set to 'M') is ignored when average != 'binary' (got 'weighted'). You may use labels=[pos_label] to specify a single positive class.
  warnings.warn(

2026-03-10 01:43:53,286:WARNING:/Users/xiaowang/Documents/Github/DataMind/backend/.venv/lib/python3.11/site-packages/sklearn/metrics/_classification.py:1561: UserWarning: Note that pos_label (set to 'M') is ignored when average != 'binary' (got 'weighted'). You may use labels=[pos_label] to specify a single positive class.
  warnings.warn(

2026-03-10 01:43:53,286:WARNING:/Users/xiaowang/Documents/Github/DataMind/backend/.venv/lib/python3.11/site-packages/sklearn/metrics/_classification.py:1561: UserWarning: Note that pos_label (set to 'M') is ignored when average != 'binary' (got 'weighted'). You may use labels=[pos_label] to specify a single positive class.
  warnings.warn(

2026-03-10 01:43:53,286:WARNING:/Users/xiaowang/Documents/Github/DataMind/backend/.venv/lib/python3.11/site-packages/sklearn/metrics/_classification.py:1561: UserWarning: Note that pos_label (set to 'M') is ignored when average != 'binary' (got 'weighted'). You may use labels=[pos_label] to specify a single positive class.
  warnings.warn(

2026-03-10 01:43:53,287:WARNING:/Users/xiaowang/Documents/Github/DataMind/backend/.venv/lib/python3.11/site-packages/sklearn/metrics/_classification.py:1561: UserWarning: Note that pos_label (set to 'M') is ignored when average != 'binary' (got 'weighted'). You may use labels=[pos_label] to specify a single positive class.
  warnings.warn(

2026-03-10 01:43:53,287:WARNING:/Users/xiaowang/Documents/Github/DataMind/backend/.venv/lib/python3.11/site-packages/sklearn/metrics/_classification.py:1561: UserWarning: Note that pos_label (set to 'M') is ignored when average != 'binary' (got 'weighted'). You may use labels=[pos_label] to specify a single positive class.
  warnings.warn(

2026-03-10 01:43:53,287:WARNING:/Users/xiaowang/Documents/Github/DataMind/backend/.venv/lib/python3.11/site-packages/sklearn/metrics/_classification.py:1561: UserWarning: Note that pos_label (set to 'M') is ignored when average != 'binary' (got 'weighted'). You may use labels=[pos_label] to specify a single positive class.
  warnings.warn(

2026-03-10 01:43:53,288:WARNING:/Users/xiaowang/Documents/Github/DataMind/backend/.venv/lib/python3.11/site-packages/sklearn/metrics/_classification.py:1561: UserWarning: Note that pos_label (set to 'M') is ignored when average != 'binary' (got 'weighted'). You may use labels=[pos_label] to specify a single positive class.
  warnings.warn(

2026-03-10 01:43:53,288:WARNING:/Users/xiaowang/Documents/Github/DataMind/backend/.venv/lib/python3.11/site-packages/sklearn/metrics/_classification.py:1561: UserWarning: Note that pos_label (set to 'M') is ignored when average != 'binary' (got 'weighted'). You may use labels=[pos_label] to specify a single positive class.
  warnings.warn(

2026-03-10 01:43:53,290:WARNING:/Users/xiaowang/Documents/Github/DataMind/backend/.venv/lib/python3.11/site-packages/sklearn/metrics/_classification.py:1561: UserWarning: Note that pos_label (set to 'M') is ignored when average != 'binary' (got 'weighted'). You may use labels=[pos_label] to specify a single positive class.
  warnings.warn(

2026-03-10 01:43:53,291:WARNING:/Users/xiaowang/Documents/Github/DataMind/backend/.venv/lib/python3.11/site-packages/sklearn/metrics/_classification.py:1561: UserWarning: Note that pos_label (set to 'M') is ignored when average != 'binary' (got 'weighted'). You may use labels=[pos_label] to specify a single positive class.
  warnings.warn(

2026-03-10 01:43:53,292:WARNING:/Users/xiaowang/Documents/Github/DataMind/backend/.venv/lib/python3.11/site-packages/sklearn/metrics/_classification.py:1561: UserWarning: Note that pos_label (set to 'M') is ignored when average != 'binary' (got 'weighted'). You may use labels=[pos_label] to specify a single positive class.
  warnings.warn(

2026-03-10 01:43:53,979:WARNING:/Users/xiaowang/Documents/Github/DataMind/backend/.venv/lib/python3.11/site-packages/_distutils_hack/__init__.py:30: UserWarning: Setuptools is replacing distutils. Support for replacing an already imported distutils is deprecated. In the future, this condition will fail. Register concerns at https://github.com/pypa/setuptools/issues/new?template=distutils-deprecation.yml
  warnings.warn(

2026-03-10 01:43:54,071:WARNING:/Users/xiaowang/Documents/Github/DataMind/backend/.venv/lib/python3.11/site-packages/sklearn/metrics/_classification.py:1561: UserWarning: Note that pos_label (set to 'M') is ignored when average != 'binary' (got 'weighted'). You may use labels=[pos_label] to specify a single positive class.
  warnings.warn(

2026-03-10 01:43:54,072:WARNING:/Users/xiaowang/Documents/Github/DataMind/backend/.venv/lib/python3.11/site-packages/sklearn/metrics/_classification.py:1561: UserWarning: Note that pos_label (set to 'M') is ignored when average != 'binary' (got 'weighted'). You may use labels=[pos_label] to specify a single positive class.
  warnings.warn(

2026-03-10 01:43:54,072:WARNING:/Users/xiaowang/Documents/Github/DataMind/backend/.venv/lib/python3.11/site-packages/sklearn/metrics/_classification.py:1561: UserWarning: Note that pos_label (set to 'M') is ignored when average != 'binary' (got 'weighted'). You may use labels=[pos_label] to specify a single positive class.
  warnings.warn(

2026-03-10 01:43:54,084:INFO:Calculating mean and std
2026-03-10 01:43:54,085:INFO:Creating metrics dataframe
2026-03-10 01:43:54,085:INFO:Uploading results into container
2026-03-10 01:43:54,086:INFO:Uploading model into container now
2026-03-10 01:43:54,086:INFO:_master_model_container: 5
2026-03-10 01:43:54,086:INFO:_display_container: 2
2026-03-10 01:43:54,086:INFO:SGDClassifier(alpha=0.0001, average=False, class_weight=None,
              early_stopping=False, epsilon=0.1, eta0=0.001, fit_intercept=True,
              l1_ratio=0.15, learning_rate='optimal', loss='hinge',
              max_iter=1000, n_iter_no_change=5, n_jobs=-1, penalty='l2',
              power_t=0.5, random_state=42, shuffle=True, tol=0.001,
              validation_fraction=0.1, verbose=0, warm_start=False)
2026-03-10 01:43:54,086:INFO:create_model() successfully completed......................................
2026-03-10 01:43:54,137:INFO:SubProcess create_model() end ==================================
2026-03-10 01:43:54,137:INFO:Creating metrics dataframe
2026-03-10 01:43:54,138:INFO:Initializing Ridge Classifier
2026-03-10 01:43:54,138:INFO:Total runtime is 0.08753324747085571 minutes
2026-03-10 01:43:54,138:INFO:SubProcess create_model() called ==================================
2026-03-10 01:43:54,138:INFO:Initializing create_model()
2026-03-10 01:43:54,138:INFO:create_model(self=<pycaret.classification.oop.ClassificationExperiment object at 0x15d1f0610>, estimator=ridge, fold=StratifiedKFold(n_splits=5, random_state=None, shuffle=False), round=4, cross_validation=True, predict=True, fit_kwargs={}, groups=None, refit=False, probability_threshold=None, experiment_custom_tags=None, verbose=False, system=False, add_to_model_list=True, metrics=None, display=<pycaret.internal.display.display.CommonDisplay object at 0x15d5ef590>, model_only=True, return_train_score=False, error_score=0.0, kwargs={})
2026-03-10 01:43:54,138:INFO:Checking exceptions
2026-03-10 01:43:54,138:INFO:Importing libraries
2026-03-10 01:43:54,138:INFO:Copying training dataset
2026-03-10 01:43:54,140:INFO:Defining folds
2026-03-10 01:43:54,140:INFO:Declaring metric variables
2026-03-10 01:43:54,140:INFO:Importing untrained model
2026-03-10 01:43:54,140:INFO:Ridge Classifier Imported successfully
2026-03-10 01:43:54,140:INFO:Starting cross validation
2026-03-10 01:43:54,141:INFO:Cross validating with StratifiedKFold(n_splits=5, random_state=None, shuffle=False), n_jobs=-1
2026-03-10 01:43:54,226:WARNING:/Users/xiaowang/Documents/Github/DataMind/backend/.venv/lib/python3.11/site-packages/sklearn/metrics/_classification.py:1561: UserWarning: Note that pos_label (set to 'M') is ignored when average != 'binary' (got 'weighted'). You may use labels=[pos_label] to specify a single positive class.
  warnings.warn(

2026-03-10 01:43:54,227:WARNING:/Users/xiaowang/Documents/Github/DataMind/backend/.venv/lib/python3.11/site-packages/sklearn/metrics/_classification.py:1561: UserWarning: Note that pos_label (set to 'M') is ignored when average != 'binary' (got 'weighted'). You may use labels=[pos_label] to specify a single positive class.
  warnings.warn(

2026-03-10 01:43:54,227:WARNING:/Users/xiaowang/Documents/Github/DataMind/backend/.venv/lib/python3.11/site-packages/sklearn/metrics/_classification.py:1561: UserWarning: Note that pos_label (set to 'M') is ignored when average != 'binary' (got 'weighted'). You may use labels=[pos_label] to specify a single positive class.
  warnings.warn(

2026-03-10 01:43:54,227:WARNING:/Users/xiaowang/Documents/Github/DataMind/backend/.venv/lib/python3.11/site-packages/sklearn/metrics/_classification.py:1561: UserWarning: Note that pos_label (set to 'M') is ignored when average != 'binary' (got 'weighted'). You may use labels=[pos_label] to specify a single positive class.
  warnings.warn(

2026-03-10 01:43:54,227:WARNING:/Users/xiaowang/Documents/Github/DataMind/backend/.venv/lib/python3.11/site-packages/sklearn/metrics/_classification.py:1561: UserWarning: Note that pos_label (set to 'M') is ignored when average != 'binary' (got 'weighted'). You may use labels=[pos_label] to specify a single positive class.
  warnings.warn(

2026-03-10 01:43:54,228:WARNING:/Users/xiaowang/Documents/Github/DataMind/backend/.venv/lib/python3.11/site-packages/sklearn/metrics/_classification.py:1561: UserWarning: Note that pos_label (set to 'M') is ignored when average != 'binary' (got 'weighted'). You may use labels=[pos_label] to specify a single positive class.
  warnings.warn(

2026-03-10 01:43:54,229:WARNING:/Users/xiaowang/Documents/Github/DataMind/backend/.venv/lib/python3.11/site-packages/sklearn/metrics/_classification.py:1561: UserWarning: Note that pos_label (set to 'M') is ignored when average != 'binary' (got 'weighted'). You may use labels=[pos_label] to specify a single positive class.
  warnings.warn(

2026-03-10 01:43:54,230:WARNING:/Users/xiaowang/Documents/Github/DataMind/backend/.venv/lib/python3.11/site-packages/sklearn/metrics/_classification.py:1561: UserWarning: Note that pos_label (set to 'M') is ignored when average != 'binary' (got 'weighted'). You may use labels=[pos_label] to specify a single positive class.
  warnings.warn(

2026-03-10 01:43:54,231:WARNING:/Users/xiaowang/Documents/Github/DataMind/backend/.venv/lib/python3.11/site-packages/sklearn/metrics/_classification.py:1561: UserWarning: Note that pos_label (set to 'M') is ignored when average != 'binary' (got 'weighted'). You may use labels=[pos_label] to specify a single positive class.
  warnings.warn(

2026-03-10 01:43:54,233:WARNING:/Users/xiaowang/Documents/Github/DataMind/backend/.venv/lib/python3.11/site-packages/sklearn/metrics/_classification.py:1561: UserWarning: Note that pos_label (set to 'M') is ignored when average != 'binary' (got 'weighted'). You may use labels=[pos_label] to specify a single positive class.
  warnings.warn(

2026-03-10 01:43:54,234:WARNING:/Users/xiaowang/Documents/Github/DataMind/backend/.venv/lib/python3.11/site-packages/sklearn/metrics/_classification.py:1561: UserWarning: Note that pos_label (set to 'M') is ignored when average != 'binary' (got 'weighted'). You may use labels=[pos_label] to specify a single positive class.
  warnings.warn(

2026-03-10 01:43:54,235:WARNING:/Users/xiaowang/Documents/Github/DataMind/backend/.venv/lib/python3.11/site-packages/sklearn/metrics/_classification.py:1561: UserWarning: Note that pos_label (set to 'M') is ignored when average != 'binary' (got 'weighted'). You may use labels=[pos_label] to specify a single positive class.
  warnings.warn(

2026-03-10 01:43:54,942:WARNING:/Users/xiaowang/Documents/Github/DataMind/backend/.venv/lib/python3.11/site-packages/_distutils_hack/__init__.py:30: UserWarning: Setuptools is replacing distutils. Support for replacing an already imported distutils is deprecated. In the future, this condition will fail. Register concerns at https://github.com/pypa/setuptools/issues/new?template=distutils-deprecation.yml
  warnings.warn(

2026-03-10 01:43:55,033:WARNING:/Users/xiaowang/Documents/Github/DataMind/backend/.venv/lib/python3.11/site-packages/sklearn/metrics/_classification.py:1561: UserWarning: Note that pos_label (set to 'M') is ignored when average != 'binary' (got 'weighted'). You may use labels=[pos_label] to specify a single positive class.
  warnings.warn(

2026-03-10 01:43:55,034:WARNING:/Users/xiaowang/Documents/Github/DataMind/backend/.venv/lib/python3.11/site-packages/sklearn/metrics/_classification.py:1561: UserWarning: Note that pos_label (set to 'M') is ignored when average != 'binary' (got 'weighted'). You may use labels=[pos_label] to specify a single positive class.
  warnings.warn(

2026-03-10 01:43:55,035:WARNING:/Users/xiaowang/Documents/Github/DataMind/backend/.venv/lib/python3.11/site-packages/sklearn/metrics/_classification.py:1561: UserWarning: Note that pos_label (set to 'M') is ignored when average != 'binary' (got 'weighted'). You may use labels=[pos_label] to specify a single positive class.
  warnings.warn(

2026-03-10 01:43:55,037:INFO:Calculating mean and std
2026-03-10 01:43:55,037:INFO:Creating metrics dataframe
2026-03-10 01:43:55,038:INFO:Uploading results into container
2026-03-10 01:43:55,038:INFO:Uploading model into container now
2026-03-10 01:43:55,038:INFO:_master_model_container: 6
2026-03-10 01:43:55,038:INFO:_display_container: 2
2026-03-10 01:43:55,038:INFO:RidgeClassifier(alpha=1.0, class_weight=None, copy_X=True, fit_intercept=True,
                max_iter=None, positive=False, random_state=42, solver='auto',
                tol=0.0001)
2026-03-10 01:43:55,038:INFO:create_model() successfully completed......................................
2026-03-10 01:43:55,091:INFO:SubProcess create_model() end ==================================
2026-03-10 01:43:55,091:INFO:Creating metrics dataframe
2026-03-10 01:43:55,092:INFO:Initializing Random Forest Classifier
2026-03-10 01:43:55,092:INFO:Total runtime is 0.1034275492032369 minutes
2026-03-10 01:43:55,092:INFO:SubProcess create_model() called ==================================
2026-03-10 01:43:55,092:INFO:Initializing create_model()
2026-03-10 01:43:55,092:INFO:create_model(self=<pycaret.classification.oop.ClassificationExperiment object at 0x15d1f0610>, estimator=rf, fold=StratifiedKFold(n_splits=5, random_state=None, shuffle=False), round=4, cross_validation=True, predict=True, fit_kwargs={}, groups=None, refit=False, probability_threshold=None, experiment_custom_tags=None, verbose=False, system=False, add_to_model_list=True, metrics=None, display=<pycaret.internal.display.display.CommonDisplay object at 0x15d5ef590>, model_only=True, return_train_score=False, error_score=0.0, kwargs={})
2026-03-10 01:43:55,092:INFO:Checking exceptions
2026-03-10 01:43:55,092:INFO:Importing libraries
2026-03-10 01:43:55,092:INFO:Copying training dataset
2026-03-10 01:43:55,094:INFO:Defining folds
2026-03-10 01:43:55,094:INFO:Declaring metric variables
2026-03-10 01:43:55,094:INFO:Importing untrained model
2026-03-10 01:43:55,094:INFO:Random Forest Classifier Imported successfully
2026-03-10 01:43:55,094:INFO:Starting cross validation
2026-03-10 01:43:55,095:INFO:Cross validating with StratifiedKFold(n_splits=5, random_state=None, shuffle=False), n_jobs=-1
2026-03-10 01:43:55,340:WARNING:/Users/xiaowang/Documents/Github/DataMind/backend/.venv/lib/python3.11/site-packages/sklearn/metrics/_classification.py:1561: UserWarning: Note that pos_label (set to 'M') is ignored when average != 'binary' (got 'weighted'). You may use labels=[pos_label] to specify a single positive class.
  warnings.warn(

2026-03-10 01:43:55,342:WARNING:/Users/xiaowang/Documents/Github/DataMind/backend/.venv/lib/python3.11/site-packages/sklearn/metrics/_classification.py:1561: UserWarning: Note that pos_label (set to 'M') is ignored when average != 'binary' (got 'weighted'). You may use labels=[pos_label] to specify a single positive class.
  warnings.warn(

2026-03-10 01:43:55,343:WARNING:/Users/xiaowang/Documents/Github/DataMind/backend/.venv/lib/python3.11/site-packages/sklearn/metrics/_classification.py:1561: UserWarning: Note that pos_label (set to 'M') is ignored when average != 'binary' (got 'weighted'). You may use labels=[pos_label] to specify a single positive class.
  warnings.warn(

2026-03-10 01:43:55,350:WARNING:/Users/xiaowang/Documents/Github/DataMind/backend/.venv/lib/python3.11/site-packages/sklearn/metrics/_classification.py:1561: UserWarning: Note that pos_label (set to 'M') is ignored when average != 'binary' (got 'weighted'). You may use labels=[pos_label] to specify a single positive class.
  warnings.warn(

2026-03-10 01:43:55,351:WARNING:/Users/xiaowang/Documents/Github/DataMind/backend/.venv/lib/python3.11/site-packages/sklearn/metrics/_classification.py:1561: UserWarning: Note that pos_label (set to 'M') is ignored when average != 'binary' (got 'weighted'). You may use labels=[pos_label] to specify a single positive class.
  warnings.warn(

2026-03-10 01:43:55,352:WARNING:/Users/xiaowang/Documents/Github/DataMind/backend/.venv/lib/python3.11/site-packages/sklearn/metrics/_classification.py:1561: UserWarning: Note that pos_label (set to 'M') is ignored when average != 'binary' (got 'weighted'). You may use labels=[pos_label] to specify a single positive class.
  warnings.warn(

2026-03-10 01:43:55,352:WARNING:/Users/xiaowang/Documents/Github/DataMind/backend/.venv/lib/python3.11/site-packages/sklearn/metrics/_classification.py:1561: UserWarning: Note that pos_label (set to 'M') is ignored when average != 'binary' (got 'weighted'). You may use labels=[pos_label] to specify a single positive class.
  warnings.warn(

2026-03-10 01:43:55,352:WARNING:/Users/xiaowang/Documents/Github/DataMind/backend/.venv/lib/python3.11/site-packages/sklearn/metrics/_classification.py:1561: UserWarning: Note that pos_label (set to 'M') is ignored when average != 'binary' (got 'weighted'). You may use labels=[pos_label] to specify a single positive class.
  warnings.warn(

2026-03-10 01:43:55,353:WARNING:/Users/xiaowang/Documents/Github/DataMind/backend/.venv/lib/python3.11/site-packages/sklearn/metrics/_classification.py:1561: UserWarning: Note that pos_label (set to 'M') is ignored when average != 'binary' (got 'weighted'). You may use labels=[pos_label] to specify a single positive class.
  warnings.warn(

2026-03-10 01:43:55,353:WARNING:/Users/xiaowang/Documents/Github/DataMind/backend/.venv/lib/python3.11/site-packages/sklearn/metrics/_classification.py:1561: UserWarning: Note that pos_label (set to 'M') is ignored when average != 'binary' (got 'weighted'). You may use labels=[pos_label] to specify a single positive class.
  warnings.warn(

2026-03-10 01:43:55,354:WARNING:/Users/xiaowang/Documents/Github/DataMind/backend/.venv/lib/python3.11/site-packages/sklearn/metrics/_classification.py:1561: UserWarning: Note that pos_label (set to 'M') is ignored when average != 'binary' (got 'weighted'). You may use labels=[pos_label] to specify a single positive class.
  warnings.warn(

2026-03-10 01:43:55,354:WARNING:/Users/xiaowang/Documents/Github/DataMind/backend/.venv/lib/python3.11/site-packages/sklearn/metrics/_classification.py:1561: UserWarning: Note that pos_label (set to 'M') is ignored when average != 'binary' (got 'weighted'). You may use labels=[pos_label] to specify a single positive class.
  warnings.warn(

2026-03-10 01:43:55,355:WARNING:/Users/xiaowang/Documents/Github/DataMind/backend/.venv/lib/python3.11/site-packages/sklearn/metrics/_classification.py:1561: UserWarning: Note that pos_label (set to 'M') is ignored when average != 'binary' (got 'weighted'). You may use labels=[pos_label] to specify a single positive class.
  warnings.warn(

2026-03-10 01:43:55,356:WARNING:/Users/xiaowang/Documents/Github/DataMind/backend/.venv/lib/python3.11/site-packages/sklearn/metrics/_classification.py:1561: UserWarning: Note that pos_label (set to 'M') is ignored when average != 'binary' (got 'weighted'). You may use labels=[pos_label] to specify a single positive class.
  warnings.warn(

2026-03-10 01:43:55,357:WARNING:/Users/xiaowang/Documents/Github/DataMind/backend/.venv/lib/python3.11/site-packages/sklearn/metrics/_classification.py:1561: UserWarning: Note that pos_label (set to 'M') is ignored when average != 'binary' (got 'weighted'). You may use labels=[pos_label] to specify a single positive class.
  warnings.warn(

2026-03-10 01:43:55,369:INFO:Calculating mean and std
2026-03-10 01:43:55,369:INFO:Creating metrics dataframe
2026-03-10 01:43:55,370:INFO:Uploading results into container
2026-03-10 01:43:55,370:INFO:Uploading model into container now
2026-03-10 01:43:55,370:INFO:_master_model_container: 7
2026-03-10 01:43:55,370:INFO:_display_container: 2
2026-03-10 01:43:55,370:INFO:RandomForestClassifier(bootstrap=True, ccp_alpha=0.0, class_weight=None,
                       criterion='gini', max_depth=None, max_features='sqrt',
                       max_leaf_nodes=None, max_samples=None,
                       min_impurity_decrease=0.0, min_samples_leaf=1,
                       min_samples_split=2, min_weight_fraction_leaf=0.0,
                       monotonic_cst=None, n_estimators=100, n_jobs=-1,
                       oob_score=False, random_state=42, verbose=0,
                       warm_start=False)
2026-03-10 01:43:55,370:INFO:create_model() successfully completed......................................
2026-03-10 01:43:55,422:INFO:SubProcess create_model() end ==================================
2026-03-10 01:43:55,422:INFO:Creating metrics dataframe
2026-03-10 01:43:55,423:INFO:Initializing Quadratic Discriminant Analysis
2026-03-10 01:43:55,423:INFO:Total runtime is 0.10894676446914672 minutes
2026-03-10 01:43:55,423:INFO:SubProcess create_model() called ==================================
2026-03-10 01:43:55,423:INFO:Initializing create_model()
2026-03-10 01:43:55,423:INFO:create_model(self=<pycaret.classification.oop.ClassificationExperiment object at 0x15d1f0610>, estimator=qda, fold=StratifiedKFold(n_splits=5, random_state=None, shuffle=False), round=4, cross_validation=True, predict=True, fit_kwargs={}, groups=None, refit=False, probability_threshold=None, experiment_custom_tags=None, verbose=False, system=False, add_to_model_list=True, metrics=None, display=<pycaret.internal.display.display.CommonDisplay object at 0x15d5ef590>, model_only=True, return_train_score=False, error_score=0.0, kwargs={})
2026-03-10 01:43:55,423:INFO:Checking exceptions
2026-03-10 01:43:55,423:INFO:Importing libraries
2026-03-10 01:43:55,423:INFO:Copying training dataset
2026-03-10 01:43:55,426:INFO:Defining folds
2026-03-10 01:43:55,426:INFO:Declaring metric variables
2026-03-10 01:43:55,426:INFO:Importing untrained model
2026-03-10 01:43:55,426:INFO:Quadratic Discriminant Analysis Imported successfully
2026-03-10 01:43:55,426:INFO:Starting cross validation
2026-03-10 01:43:55,427:INFO:Cross validating with StratifiedKFold(n_splits=5, random_state=None, shuffle=False), n_jobs=-1
2026-03-10 01:43:55,493:WARNING:/Users/xiaowang/Documents/Github/DataMind/backend/.venv/lib/python3.11/site-packages/sklearn/discriminant_analysis.py:935: UserWarning: Variables are collinear
  warnings.warn("Variables are collinear")

2026-03-10 01:43:55,493:WARNING:/Users/xiaowang/Documents/Github/DataMind/backend/.venv/lib/python3.11/site-packages/sklearn/discriminant_analysis.py:935: UserWarning: Variables are collinear
  warnings.warn("Variables are collinear")

2026-03-10 01:43:55,495:WARNING:/Users/xiaowang/Documents/Github/DataMind/backend/.venv/lib/python3.11/site-packages/sklearn/discriminant_analysis.py:935: UserWarning: Variables are collinear
  warnings.warn("Variables are collinear")

2026-03-10 01:43:55,501:WARNING:/Users/xiaowang/Documents/Github/DataMind/backend/.venv/lib/python3.11/site-packages/sklearn/discriminant_analysis.py:935: UserWarning: Variables are collinear
  warnings.warn("Variables are collinear")

2026-03-10 01:43:55,507:WARNING:/Users/xiaowang/Documents/Github/DataMind/backend/.venv/lib/python3.11/site-packages/sklearn/discriminant_analysis.py:935: UserWarning: Variables are collinear
  warnings.warn("Variables are collinear")

2026-03-10 01:43:55,513:WARNING:/Users/xiaowang/Documents/Github/DataMind/backend/.venv/lib/python3.11/site-packages/sklearn/metrics/_classification.py:1561: UserWarning: Note that pos_label (set to 'M') is ignored when average != 'binary' (got 'weighted'). You may use labels=[pos_label] to specify a single positive class.
  warnings.warn(

2026-03-10 01:43:55,514:WARNING:/Users/xiaowang/Documents/Github/DataMind/backend/.venv/lib/python3.11/site-packages/sklearn/metrics/_classification.py:1561: UserWarning: Note that pos_label (set to 'M') is ignored when average != 'binary' (got 'weighted'). You may use labels=[pos_label] to specify a single positive class.
  warnings.warn(

2026-03-10 01:43:55,515:WARNING:/Users/xiaowang/Documents/Github/DataMind/backend/.venv/lib/python3.11/site-packages/sklearn/metrics/_classification.py:1561: UserWarning: Note that pos_label (set to 'M') is ignored when average != 'binary' (got 'weighted'). You may use labels=[pos_label] to specify a single positive class.
  warnings.warn(

2026-03-10 01:43:55,516:WARNING:/Users/xiaowang/Documents/Github/DataMind/backend/.venv/lib/python3.11/site-packages/sklearn/metrics/_classification.py:1561: UserWarning: Note that pos_label (set to 'M') is ignored when average != 'binary' (got 'weighted'). You may use labels=[pos_label] to specify a single positive class.
  warnings.warn(

2026-03-10 01:43:55,517:WARNING:/Users/xiaowang/Documents/Github/DataMind/backend/.venv/lib/python3.11/site-packages/sklearn/metrics/_classification.py:1561: UserWarning: Note that pos_label (set to 'M') is ignored when average != 'binary' (got 'weighted'). You may use labels=[pos_label] to specify a single positive class.
  warnings.warn(

2026-03-10 01:43:55,518:WARNING:/Users/xiaowang/Documents/Github/DataMind/backend/.venv/lib/python3.11/site-packages/sklearn/metrics/_classification.py:1561: UserWarning: Note that pos_label (set to 'M') is ignored when average != 'binary' (got 'weighted'). You may use labels=[pos_label] to specify a single positive class.
  warnings.warn(

2026-03-10 01:43:55,518:WARNING:/Users/xiaowang/Documents/Github/DataMind/backend/.venv/lib/python3.11/site-packages/sklearn/metrics/_classification.py:1561: UserWarning: Note that pos_label (set to 'M') is ignored when average != 'binary' (got 'weighted'). You may use labels=[pos_label] to specify a single positive class.
  warnings.warn(

2026-03-10 01:43:55,519:WARNING:/Users/xiaowang/Documents/Github/DataMind/backend/.venv/lib/python3.11/site-packages/sklearn/metrics/_classification.py:1561: UserWarning: Note that pos_label (set to 'M') is ignored when average != 'binary' (got 'weighted'). You may use labels=[pos_label] to specify a single positive class.
  warnings.warn(

2026-03-10 01:43:55,520:WARNING:/Users/xiaowang/Documents/Github/DataMind/backend/.venv/lib/python3.11/site-packages/sklearn/metrics/_classification.py:1561: UserWarning: Note that pos_label (set to 'M') is ignored when average != 'binary' (got 'weighted'). You may use labels=[pos_label] to specify a single positive class.
  warnings.warn(

2026-03-10 01:43:55,523:WARNING:/Users/xiaowang/Documents/Github/DataMind/backend/.venv/lib/python3.11/site-packages/sklearn/metrics/_classification.py:1561: UserWarning: Note that pos_label (set to 'M') is ignored when average != 'binary' (got 'weighted'). You may use labels=[pos_label] to specify a single positive class.
  warnings.warn(

2026-03-10 01:43:55,524:WARNING:/Users/xiaowang/Documents/Github/DataMind/backend/.venv/lib/python3.11/site-packages/sklearn/metrics/_classification.py:1561: UserWarning: Note that pos_label (set to 'M') is ignored when average != 'binary' (got 'weighted'). You may use labels=[pos_label] to specify a single positive class.
  warnings.warn(

2026-03-10 01:43:55,525:WARNING:/Users/xiaowang/Documents/Github/DataMind/backend/.venv/lib/python3.11/site-packages/sklearn/metrics/_classification.py:1561: UserWarning: Note that pos_label (set to 'M') is ignored when average != 'binary' (got 'weighted'). You may use labels=[pos_label] to specify a single positive class.
  warnings.warn(

2026-03-10 01:43:55,529:WARNING:/Users/xiaowang/Documents/Github/DataMind/backend/.venv/lib/python3.11/site-packages/sklearn/metrics/_classification.py:1561: UserWarning: Note that pos_label (set to 'M') is ignored when average != 'binary' (got 'weighted'). You may use labels=[pos_label] to specify a single positive class.
  warnings.warn(

2026-03-10 01:43:55,530:WARNING:/Users/xiaowang/Documents/Github/DataMind/backend/.venv/lib/python3.11/site-packages/sklearn/metrics/_classification.py:1561: UserWarning: Note that pos_label (set to 'M') is ignored when average != 'binary' (got 'weighted'). You may use labels=[pos_label] to specify a single positive class.
  warnings.warn(

2026-03-10 01:43:55,530:WARNING:/Users/xiaowang/Documents/Github/DataMind/backend/.venv/lib/python3.11/site-packages/sklearn/metrics/_classification.py:1561: UserWarning: Note that pos_label (set to 'M') is ignored when average != 'binary' (got 'weighted'). You may use labels=[pos_label] to specify a single positive class.
  warnings.warn(

2026-03-10 01:43:55,535:INFO:Calculating mean and std
2026-03-10 01:43:55,535:INFO:Creating metrics dataframe
2026-03-10 01:43:55,536:INFO:Uploading results into container
2026-03-10 01:43:55,536:INFO:Uploading model into container now
2026-03-10 01:43:55,536:INFO:_master_model_container: 8
2026-03-10 01:43:55,536:INFO:_display_container: 2
2026-03-10 01:43:55,536:INFO:QuadraticDiscriminantAnalysis(priors=None, reg_param=0.0,
                              store_covariance=False, tol=0.0001)
2026-03-10 01:43:55,536:INFO:create_model() successfully completed......................................
2026-03-10 01:43:55,591:INFO:SubProcess create_model() end ==================================
2026-03-10 01:43:55,591:INFO:Creating metrics dataframe
2026-03-10 01:43:55,591:INFO:Initializing Ada Boost Classifier
2026-03-10 01:43:55,591:INFO:Total runtime is 0.1117579460144043 minutes
2026-03-10 01:43:55,592:INFO:SubProcess create_model() called ==================================
2026-03-10 01:43:55,592:INFO:Initializing create_model()
2026-03-10 01:43:55,592:INFO:create_model(self=<pycaret.classification.oop.ClassificationExperiment object at 0x15d1f0610>, estimator=ada, fold=StratifiedKFold(n_splits=5, random_state=None, shuffle=False), round=4, cross_validation=True, predict=True, fit_kwargs={}, groups=None, refit=False, probability_threshold=None, experiment_custom_tags=None, verbose=False, system=False, add_to_model_list=True, metrics=None, display=<pycaret.internal.display.display.CommonDisplay object at 0x15d5ef590>, model_only=True, return_train_score=False, error_score=0.0, kwargs={})
2026-03-10 01:43:55,592:INFO:Checking exceptions
2026-03-10 01:43:55,592:INFO:Importing libraries
2026-03-10 01:43:55,592:INFO:Copying training dataset
2026-03-10 01:43:55,594:INFO:Defining folds
2026-03-10 01:43:55,594:INFO:Declaring metric variables
2026-03-10 01:43:55,594:INFO:Importing untrained model
2026-03-10 01:43:55,594:INFO:Ada Boost Classifier Imported successfully
2026-03-10 01:43:55,594:INFO:Starting cross validation
2026-03-10 01:43:55,595:INFO:Cross validating with StratifiedKFold(n_splits=5, random_state=None, shuffle=False), n_jobs=-1
2026-03-10 01:43:55,662:WARNING:/Users/xiaowang/Documents/Github/DataMind/backend/.venv/lib/python3.11/site-packages/sklearn/ensemble/_weight_boosting.py:519: FutureWarning: The SAMME.R algorithm (the default) is deprecated and will be removed in 1.6. Use the SAMME algorithm to circumvent this warning.
  warnings.warn(

2026-03-10 01:43:55,671:WARNING:/Users/xiaowang/Documents/Github/DataMind/backend/.venv/lib/python3.11/site-packages/sklearn/ensemble/_weight_boosting.py:519: FutureWarning: The SAMME.R algorithm (the default) is deprecated and will be removed in 1.6. Use the SAMME algorithm to circumvent this warning.
  warnings.warn(

2026-03-10 01:43:55,673:WARNING:/Users/xiaowang/Documents/Github/DataMind/backend/.venv/lib/python3.11/site-packages/sklearn/ensemble/_weight_boosting.py:519: FutureWarning: The SAMME.R algorithm (the default) is deprecated and will be removed in 1.6. Use the SAMME algorithm to circumvent this warning.
  warnings.warn(

2026-03-10 01:43:55,676:WARNING:/Users/xiaowang/Documents/Github/DataMind/backend/.venv/lib/python3.11/site-packages/sklearn/ensemble/_weight_boosting.py:519: FutureWarning: The SAMME.R algorithm (the default) is deprecated and will be removed in 1.6. Use the SAMME algorithm to circumvent this warning.
  warnings.warn(

2026-03-10 01:43:55,677:WARNING:/Users/xiaowang/Documents/Github/DataMind/backend/.venv/lib/python3.11/site-packages/sklearn/ensemble/_weight_boosting.py:519: FutureWarning: The SAMME.R algorithm (the default) is deprecated and will be removed in 1.6. Use the SAMME algorithm to circumvent this warning.
  warnings.warn(

2026-03-10 01:43:55,715:WARNING:/Users/xiaowang/Documents/Github/DataMind/backend/.venv/lib/python3.11/site-packages/sklearn/metrics/_classification.py:1561: UserWarning: Note that pos_label (set to 'M') is ignored when average != 'binary' (got 'weighted'). You may use labels=[pos_label] to specify a single positive class.
  warnings.warn(

2026-03-10 01:43:55,716:WARNING:/Users/xiaowang/Documents/Github/DataMind/backend/.venv/lib/python3.11/site-packages/sklearn/metrics/_classification.py:1561: UserWarning: Note that pos_label (set to 'M') is ignored when average != 'binary' (got 'weighted'). You may use labels=[pos_label] to specify a single positive class.
  warnings.warn(

2026-03-10 01:43:55,717:WARNING:/Users/xiaowang/Documents/Github/DataMind/backend/.venv/lib/python3.11/site-packages/sklearn/metrics/_classification.py:1561: UserWarning: Note that pos_label (set to 'M') is ignored when average != 'binary' (got 'weighted'). You may use labels=[pos_label] to specify a single positive class.
  warnings.warn(

2026-03-10 01:43:55,720:WARNING:/Users/xiaowang/Documents/Github/DataMind/backend/.venv/lib/python3.11/site-packages/sklearn/metrics/_classification.py:1561: UserWarning: Note that pos_label (set to 'M') is ignored when average != 'binary' (got 'weighted'). You may use labels=[pos_label] to specify a single positive class.
  warnings.warn(

2026-03-10 01:43:55,721:WARNING:/Users/xiaowang/Documents/Github/DataMind/backend/.venv/lib/python3.11/site-packages/sklearn/metrics/_classification.py:1561: UserWarning: Note that pos_label (set to 'M') is ignored when average != 'binary' (got 'weighted'). You may use labels=[pos_label] to specify a single positive class.
  warnings.warn(

2026-03-10 01:43:55,721:WARNING:/Users/xiaowang/Documents/Github/DataMind/backend/.venv/lib/python3.11/site-packages/sklearn/metrics/_classification.py:1561: UserWarning: Note that pos_label (set to 'M') is ignored when average != 'binary' (got 'weighted'). You may use labels=[pos_label] to specify a single positive class.
  warnings.warn(

2026-03-10 01:43:55,724:WARNING:/Users/xiaowang/Documents/Github/DataMind/backend/.venv/lib/python3.11/site-packages/sklearn/metrics/_classification.py:1561: UserWarning: Note that pos_label (set to 'M') is ignored when average != 'binary' (got 'weighted'). You may use labels=[pos_label] to specify a single positive class.
  warnings.warn(

2026-03-10 01:43:55,725:WARNING:/Users/xiaowang/Documents/Github/DataMind/backend/.venv/lib/python3.11/site-packages/sklearn/metrics/_classification.py:1561: UserWarning: Note that pos_label (set to 'M') is ignored when average != 'binary' (got 'weighted'). You may use labels=[pos_label] to specify a single positive class.
  warnings.warn(

2026-03-10 01:43:55,725:WARNING:/Users/xiaowang/Documents/Github/DataMind/backend/.venv/lib/python3.11/site-packages/sklearn/metrics/_classification.py:1561: UserWarning: Note that pos_label (set to 'M') is ignored when average != 'binary' (got 'weighted'). You may use labels=[pos_label] to specify a single positive class.
  warnings.warn(

2026-03-10 01:43:55,726:WARNING:/Users/xiaowang/Documents/Github/DataMind/backend/.venv/lib/python3.11/site-packages/sklearn/metrics/_classification.py:1561: UserWarning: Note that pos_label (set to 'M') is ignored when average != 'binary' (got 'weighted'). You may use labels=[pos_label] to specify a single positive class.
  warnings.warn(

2026-03-10 01:43:55,726:WARNING:/Users/xiaowang/Documents/Github/DataMind/backend/.venv/lib/python3.11/site-packages/sklearn/metrics/_classification.py:1561: UserWarning: Note that pos_label (set to 'M') is ignored when average != 'binary' (got 'weighted'). You may use labels=[pos_label] to specify a single positive class.
  warnings.warn(

2026-03-10 01:43:55,727:WARNING:/Users/xiaowang/Documents/Github/DataMind/backend/.venv/lib/python3.11/site-packages/sklearn/metrics/_classification.py:1561: UserWarning: Note that pos_label (set to 'M') is ignored when average != 'binary' (got 'weighted'). You may use labels=[pos_label] to specify a single positive class.
  warnings.warn(

2026-03-10 01:43:55,728:WARNING:/Users/xiaowang/Documents/Github/DataMind/backend/.venv/lib/python3.11/site-packages/sklearn/metrics/_classification.py:1561: UserWarning: Note that pos_label (set to 'M') is ignored when average != 'binary' (got 'weighted'). You may use labels=[pos_label] to specify a single positive class.
  warnings.warn(

2026-03-10 01:43:55,729:WARNING:/Users/xiaowang/Documents/Github/DataMind/backend/.venv/lib/python3.11/site-packages/sklearn/metrics/_classification.py:1561: UserWarning: Note that pos_label (set to 'M') is ignored when average != 'binary' (got 'weighted'). You may use labels=[pos_label] to specify a single positive class.
  warnings.warn(

2026-03-10 01:43:55,730:WARNING:/Users/xiaowang/Documents/Github/DataMind/backend/.venv/lib/python3.11/site-packages/sklearn/metrics/_classification.py:1561: UserWarning: Note that pos_label (set to 'M') is ignored when average != 'binary' (got 'weighted'). You may use labels=[pos_label] to specify a single positive class.
  warnings.warn(

2026-03-10 01:43:55,739:INFO:Calculating mean and std
2026-03-10 01:43:55,740:INFO:Creating metrics dataframe
2026-03-10 01:43:55,740:INFO:Uploading results into container
2026-03-10 01:43:55,740:INFO:Uploading model into container now
2026-03-10 01:43:55,741:INFO:_master_model_container: 9
2026-03-10 01:43:55,741:INFO:_display_container: 2
2026-03-10 01:43:55,741:INFO:AdaBoostClassifier(algorithm='SAMME.R', estimator=None, learning_rate=1.0,
                   n_estimators=50, random_state=42)
2026-03-10 01:43:55,741:INFO:create_model() successfully completed......................................
2026-03-10 01:43:55,792:INFO:SubProcess create_model() end ==================================
2026-03-10 01:43:55,792:INFO:Creating metrics dataframe
2026-03-10 01:43:55,793:INFO:Initializing Gradient Boosting Classifier
2026-03-10 01:43:55,793:INFO:Total runtime is 0.11511051654815674 minutes
2026-03-10 01:43:55,793:INFO:SubProcess create_model() called ==================================
2026-03-10 01:43:55,793:INFO:Initializing create_model()
2026-03-10 01:43:55,793:INFO:create_model(self=<pycaret.classification.oop.ClassificationExperiment object at 0x15d1f0610>, estimator=gbc, fold=StratifiedKFold(n_splits=5, random_state=None, shuffle=False), round=4, cross_validation=True, predict=True, fit_kwargs={}, groups=None, refit=False, probability_threshold=None, experiment_custom_tags=None, verbose=False, system=False, add_to_model_list=True, metrics=None, display=<pycaret.internal.display.display.CommonDisplay object at 0x15d5ef590>, model_only=True, return_train_score=False, error_score=0.0, kwargs={})
2026-03-10 01:43:55,793:INFO:Checking exceptions
2026-03-10 01:43:55,793:INFO:Importing libraries
2026-03-10 01:43:55,793:INFO:Copying training dataset
2026-03-10 01:43:55,795:INFO:Defining folds
2026-03-10 01:43:55,795:INFO:Declaring metric variables
2026-03-10 01:43:55,795:INFO:Importing untrained model
2026-03-10 01:43:55,795:INFO:Gradient Boosting Classifier Imported successfully
2026-03-10 01:43:55,795:INFO:Starting cross validation
2026-03-10 01:43:55,796:INFO:Cross validating with StratifiedKFold(n_splits=5, random_state=None, shuffle=False), n_jobs=-1
2026-03-10 01:43:55,959:WARNING:/Users/xiaowang/Documents/Github/DataMind/backend/.venv/lib/python3.11/site-packages/sklearn/metrics/_classification.py:1561: UserWarning: Note that pos_label (set to 'M') is ignored when average != 'binary' (got 'weighted'). You may use labels=[pos_label] to specify a single positive class.
  warnings.warn(

2026-03-10 01:43:55,961:WARNING:/Users/xiaowang/Documents/Github/DataMind/backend/.venv/lib/python3.11/site-packages/sklearn/metrics/_classification.py:1561: UserWarning: Note that pos_label (set to 'M') is ignored when average != 'binary' (got 'weighted'). You may use labels=[pos_label] to specify a single positive class.
  warnings.warn(

2026-03-10 01:43:55,962:WARNING:/Users/xiaowang/Documents/Github/DataMind/backend/.venv/lib/python3.11/site-packages/sklearn/metrics/_classification.py:1561: UserWarning: Note that pos_label (set to 'M') is ignored when average != 'binary' (got 'weighted'). You may use labels=[pos_label] to specify a single positive class.
  warnings.warn(

2026-03-10 01:43:55,962:WARNING:/Users/xiaowang/Documents/Github/DataMind/backend/.venv/lib/python3.11/site-packages/sklearn/metrics/_classification.py:1561: UserWarning: Note that pos_label (set to 'M') is ignored when average != 'binary' (got 'weighted'). You may use labels=[pos_label] to specify a single positive class.
  warnings.warn(

2026-03-10 01:43:55,962:WARNING:/Users/xiaowang/Documents/Github/DataMind/backend/.venv/lib/python3.11/site-packages/sklearn/metrics/_classification.py:1561: UserWarning: Note that pos_label (set to 'M') is ignored when average != 'binary' (got 'weighted'). You may use labels=[pos_label] to specify a single positive class.
  warnings.warn(

2026-03-10 01:43:55,963:WARNING:/Users/xiaowang/Documents/Github/DataMind/backend/.venv/lib/python3.11/site-packages/sklearn/metrics/_classification.py:1561: UserWarning: Note that pos_label (set to 'M') is ignored when average != 'binary' (got 'weighted'). You may use labels=[pos_label] to specify a single positive class.
  warnings.warn(

2026-03-10 01:43:55,966:WARNING:/Users/xiaowang/Documents/Github/DataMind/backend/.venv/lib/python3.11/site-packages/sklearn/metrics/_classification.py:1561: UserWarning: Note that pos_label (set to 'M') is ignored when average != 'binary' (got 'weighted'). You may use labels=[pos_label] to specify a single positive class.
  warnings.warn(

2026-03-10 01:43:55,967:WARNING:/Users/xiaowang/Documents/Github/DataMind/backend/.venv/lib/python3.11/site-packages/sklearn/metrics/_classification.py:1561: UserWarning: Note that pos_label (set to 'M') is ignored when average != 'binary' (got 'weighted'). You may use labels=[pos_label] to specify a single positive class.
  warnings.warn(

2026-03-10 01:43:55,968:WARNING:/Users/xiaowang/Documents/Github/DataMind/backend/.venv/lib/python3.11/site-packages/sklearn/metrics/_classification.py:1561: UserWarning: Note that pos_label (set to 'M') is ignored when average != 'binary' (got 'weighted'). You may use labels=[pos_label] to specify a single positive class.
  warnings.warn(

2026-03-10 01:43:55,970:WARNING:/Users/xiaowang/Documents/Github/DataMind/backend/.venv/lib/python3.11/site-packages/sklearn/metrics/_classification.py:1561: UserWarning: Note that pos_label (set to 'M') is ignored when average != 'binary' (got 'weighted'). You may use labels=[pos_label] to specify a single positive class.
  warnings.warn(

2026-03-10 01:43:55,971:WARNING:/Users/xiaowang/Documents/Github/DataMind/backend/.venv/lib/python3.11/site-packages/sklearn/metrics/_classification.py:1561: UserWarning: Note that pos_label (set to 'M') is ignored when average != 'binary' (got 'weighted'). You may use labels=[pos_label] to specify a single positive class.
  warnings.warn(

2026-03-10 01:43:55,972:WARNING:/Users/xiaowang/Documents/Github/DataMind/backend/.venv/lib/python3.11/site-packages/sklearn/metrics/_classification.py:1561: UserWarning: Note that pos_label (set to 'M') is ignored when average != 'binary' (got 'weighted'). You may use labels=[pos_label] to specify a single positive class.
  warnings.warn(

2026-03-10 01:43:55,974:WARNING:/Users/xiaowang/Documents/Github/DataMind/backend/.venv/lib/python3.11/site-packages/sklearn/metrics/_classification.py:1561: UserWarning: Note that pos_label (set to 'M') is ignored when average != 'binary' (got 'weighted'). You may use labels=[pos_label] to specify a single positive class.
  warnings.warn(

2026-03-10 01:43:55,975:WARNING:/Users/xiaowang/Documents/Github/DataMind/backend/.venv/lib/python3.11/site-packages/sklearn/metrics/_classification.py:1561: UserWarning: Note that pos_label (set to 'M') is ignored when average != 'binary' (got 'weighted'). You may use labels=[pos_label] to specify a single positive class.
  warnings.warn(

2026-03-10 01:43:55,976:WARNING:/Users/xiaowang/Documents/Github/DataMind/backend/.venv/lib/python3.11/site-packages/sklearn/metrics/_classification.py:1561: UserWarning: Note that pos_label (set to 'M') is ignored when average != 'binary' (got 'weighted'). You may use labels=[pos_label] to specify a single positive class.
  warnings.warn(

2026-03-10 01:43:55,991:INFO:Calculating mean and std
2026-03-10 01:43:55,991:INFO:Creating metrics dataframe
2026-03-10 01:43:55,992:INFO:Uploading results into container
2026-03-10 01:43:55,992:INFO:Uploading model into container now
2026-03-10 01:43:55,992:INFO:_master_model_container: 10
2026-03-10 01:43:55,992:INFO:_display_container: 2
2026-03-10 01:43:55,992:INFO:GradientBoostingClassifier(ccp_alpha=0.0, criterion='friedman_mse', init=None,
                           learning_rate=0.1, loss='log_loss', max_depth=3,
                           max_features=None, max_leaf_nodes=None,
                           min_impurity_decrease=0.0, min_samples_leaf=1,
                           min_samples_split=2, min_weight_fraction_leaf=0.0,
                           n_estimators=100, n_iter_no_change=None,
                           random_state=42, subsample=1.0, tol=0.0001,
                           validation_fraction=0.1, verbose=0,
                           warm_start=False)
2026-03-10 01:43:55,992:INFO:create_model() successfully completed......................................
2026-03-10 01:43:56,047:INFO:SubProcess create_model() end ==================================
2026-03-10 01:43:56,047:INFO:Creating metrics dataframe
2026-03-10 01:43:56,048:INFO:Initializing Linear Discriminant Analysis
2026-03-10 01:43:56,048:INFO:Total runtime is 0.11935890118281046 minutes
2026-03-10 01:43:56,048:INFO:SubProcess create_model() called ==================================
2026-03-10 01:43:56,048:INFO:Initializing create_model()
2026-03-10 01:43:56,048:INFO:create_model(self=<pycaret.classification.oop.ClassificationExperiment object at 0x15d1f0610>, estimator=lda, fold=StratifiedKFold(n_splits=5, random_state=None, shuffle=False), round=4, cross_validation=True, predict=True, fit_kwargs={}, groups=None, refit=False, probability_threshold=None, experiment_custom_tags=None, verbose=False, system=False, add_to_model_list=True, metrics=None, display=<pycaret.internal.display.display.CommonDisplay object at 0x15d5ef590>, model_only=True, return_train_score=False, error_score=0.0, kwargs={})
2026-03-10 01:43:56,048:INFO:Checking exceptions
2026-03-10 01:43:56,048:INFO:Importing libraries
2026-03-10 01:43:56,048:INFO:Copying training dataset
2026-03-10 01:43:56,049:INFO:Defining folds
2026-03-10 01:43:56,049:INFO:Declaring metric variables
2026-03-10 01:43:56,049:INFO:Importing untrained model
2026-03-10 01:43:56,049:INFO:Linear Discriminant Analysis Imported successfully
2026-03-10 01:43:56,049:INFO:Starting cross validation
2026-03-10 01:43:56,050:INFO:Cross validating with StratifiedKFold(n_splits=5, random_state=None, shuffle=False), n_jobs=-1
2026-03-10 01:43:56,145:WARNING:/Users/xiaowang/Documents/Github/DataMind/backend/.venv/lib/python3.11/site-packages/sklearn/metrics/_classification.py:1561: UserWarning: Note that pos_label (set to 'M') is ignored when average != 'binary' (got 'weighted'). You may use labels=[pos_label] to specify a single positive class.
  warnings.warn(

2026-03-10 01:43:56,146:WARNING:/Users/xiaowang/Documents/Github/DataMind/backend/.venv/lib/python3.11/site-packages/sklearn/metrics/_classification.py:1561: UserWarning: Note that pos_label (set to 'M') is ignored when average != 'binary' (got 'weighted'). You may use labels=[pos_label] to specify a single positive class.
  warnings.warn(

2026-03-10 01:43:56,146:WARNING:/Users/xiaowang/Documents/Github/DataMind/backend/.venv/lib/python3.11/site-packages/sklearn/metrics/_classification.py:1561: UserWarning: Note that pos_label (set to 'M') is ignored when average != 'binary' (got 'weighted'). You may use labels=[pos_label] to specify a single positive class.
  warnings.warn(

2026-03-10 01:43:56,147:WARNING:/Users/xiaowang/Documents/Github/DataMind/backend/.venv/lib/python3.11/site-packages/sklearn/metrics/_classification.py:1561: UserWarning: Note that pos_label (set to 'M') is ignored when average != 'binary' (got 'weighted'). You may use labels=[pos_label] to specify a single positive class.
  warnings.warn(

2026-03-10 01:43:56,147:WARNING:/Users/xiaowang/Documents/Github/DataMind/backend/.venv/lib/python3.11/site-packages/sklearn/metrics/_classification.py:1561: UserWarning: Note that pos_label (set to 'M') is ignored when average != 'binary' (got 'weighted'). You may use labels=[pos_label] to specify a single positive class.
  warnings.warn(

2026-03-10 01:43:56,148:WARNING:/Users/xiaowang/Documents/Github/DataMind/backend/.venv/lib/python3.11/site-packages/sklearn/metrics/_classification.py:1561: UserWarning: Note that pos_label (set to 'M') is ignored when average != 'binary' (got 'weighted'). You may use labels=[pos_label] to specify a single positive class.
  warnings.warn(

2026-03-10 01:43:56,148:WARNING:/Users/xiaowang/Documents/Github/DataMind/backend/.venv/lib/python3.11/site-packages/sklearn/metrics/_classification.py:1561: UserWarning: Note that pos_label (set to 'M') is ignored when average != 'binary' (got 'weighted'). You may use labels=[pos_label] to specify a single positive class.
  warnings.warn(

2026-03-10 01:43:56,148:WARNING:/Users/xiaowang/Documents/Github/DataMind/backend/.venv/lib/python3.11/site-packages/sklearn/metrics/_classification.py:1561: UserWarning: Note that pos_label (set to 'M') is ignored when average != 'binary' (got 'weighted'). You may use labels=[pos_label] to specify a single positive class.
  warnings.warn(

2026-03-10 01:43:56,149:WARNING:/Users/xiaowang/Documents/Github/DataMind/backend/.venv/lib/python3.11/site-packages/sklearn/metrics/_classification.py:1561: UserWarning: Note that pos_label (set to 'M') is ignored when average != 'binary' (got 'weighted'). You may use labels=[pos_label] to specify a single positive class.
  warnings.warn(

2026-03-10 01:43:56,149:WARNING:/Users/xiaowang/Documents/Github/DataMind/backend/.venv/lib/python3.11/site-packages/sklearn/metrics/_classification.py:1561: UserWarning: Note that pos_label (set to 'M') is ignored when average != 'binary' (got 'weighted'). You may use labels=[pos_label] to specify a single positive class.
  warnings.warn(

2026-03-10 01:43:56,150:WARNING:/Users/xiaowang/Documents/Github/DataMind/backend/.venv/lib/python3.11/site-packages/sklearn/metrics/_classification.py:1561: UserWarning: Note that pos_label (set to 'M') is ignored when average != 'binary' (got 'weighted'). You may use labels=[pos_label] to specify a single positive class.
  warnings.warn(

2026-03-10 01:43:56,150:WARNING:/Users/xiaowang/Documents/Github/DataMind/backend/.venv/lib/python3.11/site-packages/sklearn/metrics/_classification.py:1561: UserWarning: Note that pos_label (set to 'M') is ignored when average != 'binary' (got 'weighted'). You may use labels=[pos_label] to specify a single positive class.
  warnings.warn(

2026-03-10 01:43:56,151:WARNING:/Users/xiaowang/Documents/Github/DataMind/backend/.venv/lib/python3.11/site-packages/sklearn/metrics/_classification.py:1561: UserWarning: Note that pos_label (set to 'M') is ignored when average != 'binary' (got 'weighted'). You may use labels=[pos_label] to specify a single positive class.
  warnings.warn(

2026-03-10 01:43:56,151:WARNING:/Users/xiaowang/Documents/Github/DataMind/backend/.venv/lib/python3.11/site-packages/sklearn/metrics/_classification.py:1561: UserWarning: Note that pos_label (set to 'M') is ignored when average != 'binary' (got 'weighted'). You may use labels=[pos_label] to specify a single positive class.
  warnings.warn(

2026-03-10 01:43:56,152:WARNING:/Users/xiaowang/Documents/Github/DataMind/backend/.venv/lib/python3.11/site-packages/sklearn/metrics/_classification.py:1561: UserWarning: Note that pos_label (set to 'M') is ignored when average != 'binary' (got 'weighted'). You may use labels=[pos_label] to specify a single positive class.
  warnings.warn(

2026-03-10 01:43:56,165:INFO:Calculating mean and std
2026-03-10 01:43:56,165:INFO:Creating metrics dataframe
2026-03-10 01:43:56,166:INFO:Uploading results into container
2026-03-10 01:43:56,166:INFO:Uploading model into container now
2026-03-10 01:43:56,166:INFO:_master_model_container: 11
2026-03-10 01:43:56,166:INFO:_display_container: 2
2026-03-10 01:43:56,166:INFO:LinearDiscriminantAnalysis(covariance_estimator=None, n_components=None,
                           priors=None, shrinkage=None, solver='svd',
                           store_covariance=False, tol=0.0001)
2026-03-10 01:43:56,166:INFO:create_model() successfully completed......................................
2026-03-10 01:43:56,223:INFO:SubProcess create_model() end ==================================
2026-03-10 01:43:56,223:INFO:Creating metrics dataframe
2026-03-10 01:43:56,224:INFO:Initializing Extra Trees Classifier
2026-03-10 01:43:56,224:INFO:Total runtime is 0.12229476769765218 minutes
2026-03-10 01:43:56,224:INFO:SubProcess create_model() called ==================================
2026-03-10 01:43:56,224:INFO:Initializing create_model()
2026-03-10 01:43:56,224:INFO:create_model(self=<pycaret.classification.oop.ClassificationExperiment object at 0x15d1f0610>, estimator=et, fold=StratifiedKFold(n_splits=5, random_state=None, shuffle=False), round=4, cross_validation=True, predict=True, fit_kwargs={}, groups=None, refit=False, probability_threshold=None, experiment_custom_tags=None, verbose=False, system=False, add_to_model_list=True, metrics=None, display=<pycaret.internal.display.display.CommonDisplay object at 0x15d5ef590>, model_only=True, return_train_score=False, error_score=0.0, kwargs={})
2026-03-10 01:43:56,224:INFO:Checking exceptions
2026-03-10 01:43:56,224:INFO:Importing libraries
2026-03-10 01:43:56,224:INFO:Copying training dataset
2026-03-10 01:43:56,226:INFO:Defining folds
2026-03-10 01:43:56,226:INFO:Declaring metric variables
2026-03-10 01:43:56,226:INFO:Importing untrained model
2026-03-10 01:43:56,226:INFO:Extra Trees Classifier Imported successfully
2026-03-10 01:43:56,226:INFO:Starting cross validation
2026-03-10 01:43:56,227:INFO:Cross validating with StratifiedKFold(n_splits=5, random_state=None, shuffle=False), n_jobs=-1
2026-03-10 01:43:56,425:WARNING:/Users/xiaowang/Documents/Github/DataMind/backend/.venv/lib/python3.11/site-packages/sklearn/metrics/_classification.py:1561: UserWarning: Note that pos_label (set to 'M') is ignored when average != 'binary' (got 'weighted'). You may use labels=[pos_label] to specify a single positive class.
  warnings.warn(

2026-03-10 01:43:56,427:WARNING:/Users/xiaowang/Documents/Github/DataMind/backend/.venv/lib/python3.11/site-packages/sklearn/metrics/_classification.py:1561: UserWarning: Note that pos_label (set to 'M') is ignored when average != 'binary' (got 'weighted'). You may use labels=[pos_label] to specify a single positive class.
  warnings.warn(

2026-03-10 01:43:56,428:WARNING:/Users/xiaowang/Documents/Github/DataMind/backend/.venv/lib/python3.11/site-packages/sklearn/metrics/_classification.py:1561: UserWarning: Note that pos_label (set to 'M') is ignored when average != 'binary' (got 'weighted'). You may use labels=[pos_label] to specify a single positive class.
  warnings.warn(

2026-03-10 01:43:56,428:WARNING:/Users/xiaowang/Documents/Github/DataMind/backend/.venv/lib/python3.11/site-packages/sklearn/metrics/_classification.py:1561: UserWarning: Note that pos_label (set to 'M') is ignored when average != 'binary' (got 'weighted'). You may use labels=[pos_label] to specify a single positive class.
  warnings.warn(

2026-03-10 01:43:56,430:WARNING:/Users/xiaowang/Documents/Github/DataMind/backend/.venv/lib/python3.11/site-packages/sklearn/metrics/_classification.py:1561: UserWarning: Note that pos_label (set to 'M') is ignored when average != 'binary' (got 'weighted'). You may use labels=[pos_label] to specify a single positive class.
  warnings.warn(

2026-03-10 01:43:56,431:WARNING:/Users/xiaowang/Documents/Github/DataMind/backend/.venv/lib/python3.11/site-packages/sklearn/metrics/_classification.py:1561: UserWarning: Note that pos_label (set to 'M') is ignored when average != 'binary' (got 'weighted'). You may use labels=[pos_label] to specify a single positive class.
  warnings.warn(

2026-03-10 01:43:56,431:WARNING:/Users/xiaowang/Documents/Github/DataMind/backend/.venv/lib/python3.11/site-packages/sklearn/metrics/_classification.py:1561: UserWarning: Note that pos_label (set to 'M') is ignored when average != 'binary' (got 'weighted'). You may use labels=[pos_label] to specify a single positive class.
  warnings.warn(

2026-03-10 01:43:56,432:WARNING:/Users/xiaowang/Documents/Github/DataMind/backend/.venv/lib/python3.11/site-packages/sklearn/metrics/_classification.py:1561: UserWarning: Note that pos_label (set to 'M') is ignored when average != 'binary' (got 'weighted'). You may use labels=[pos_label] to specify a single positive class.
  warnings.warn(

2026-03-10 01:43:56,433:WARNING:/Users/xiaowang/Documents/Github/DataMind/backend/.venv/lib/python3.11/site-packages/sklearn/metrics/_classification.py:1561: UserWarning: Note that pos_label (set to 'M') is ignored when average != 'binary' (got 'weighted'). You may use labels=[pos_label] to specify a single positive class.
  warnings.warn(

2026-03-10 01:43:56,437:WARNING:/Users/xiaowang/Documents/Github/DataMind/backend/.venv/lib/python3.11/site-packages/sklearn/metrics/_classification.py:1561: UserWarning: Note that pos_label (set to 'M') is ignored when average != 'binary' (got 'weighted'). You may use labels=[pos_label] to specify a single positive class.
  warnings.warn(

2026-03-10 01:43:56,438:WARNING:/Users/xiaowang/Documents/Github/DataMind/backend/.venv/lib/python3.11/site-packages/sklearn/metrics/_classification.py:1561: UserWarning: Note that pos_label (set to 'M') is ignored when average != 'binary' (got 'weighted'). You may use labels=[pos_label] to specify a single positive class.
  warnings.warn(

2026-03-10 01:43:56,439:WARNING:/Users/xiaowang/Documents/Github/DataMind/backend/.venv/lib/python3.11/site-packages/sklearn/metrics/_classification.py:1561: UserWarning: Note that pos_label (set to 'M') is ignored when average != 'binary' (got 'weighted'). You may use labels=[pos_label] to specify a single positive class.
  warnings.warn(

2026-03-10 01:43:56,443:WARNING:/Users/xiaowang/Documents/Github/DataMind/backend/.venv/lib/python3.11/site-packages/sklearn/metrics/_classification.py:1561: UserWarning: Note that pos_label (set to 'M') is ignored when average != 'binary' (got 'weighted'). You may use labels=[pos_label] to specify a single positive class.
  warnings.warn(

2026-03-10 01:43:56,444:WARNING:/Users/xiaowang/Documents/Github/DataMind/backend/.venv/lib/python3.11/site-packages/sklearn/metrics/_classification.py:1561: UserWarning: Note that pos_label (set to 'M') is ignored when average != 'binary' (got 'weighted'). You may use labels=[pos_label] to specify a single positive class.
  warnings.warn(

2026-03-10 01:43:56,445:WARNING:/Users/xiaowang/Documents/Github/DataMind/backend/.venv/lib/python3.11/site-packages/sklearn/metrics/_classification.py:1561: UserWarning: Note that pos_label (set to 'M') is ignored when average != 'binary' (got 'weighted'). You may use labels=[pos_label] to specify a single positive class.
  warnings.warn(

2026-03-10 01:43:56,458:INFO:Calculating mean and std
2026-03-10 01:43:56,458:INFO:Creating metrics dataframe
2026-03-10 01:43:56,459:INFO:Uploading results into container
2026-03-10 01:43:56,459:INFO:Uploading model into container now
2026-03-10 01:43:56,459:INFO:_master_model_container: 12
2026-03-10 01:43:56,459:INFO:_display_container: 2
2026-03-10 01:43:56,459:INFO:ExtraTreesClassifier(bootstrap=False, ccp_alpha=0.0, class_weight=None,
                     criterion='gini', max_depth=None, max_features='sqrt',
                     max_leaf_nodes=None, max_samples=None,
                     min_impurity_decrease=0.0, min_samples_leaf=1,
                     min_samples_split=2, min_weight_fraction_leaf=0.0,
                     monotonic_cst=None, n_estimators=100, n_jobs=-1,
                     oob_score=False, random_state=42, verbose=0,
                     warm_start=False)
2026-03-10 01:43:56,459:INFO:create_model() successfully completed......................................
2026-03-10 01:43:56,515:INFO:SubProcess create_model() end ==================================
2026-03-10 01:43:56,515:INFO:Creating metrics dataframe
2026-03-10 01:43:56,516:INFO:Initializing Dummy Classifier
2026-03-10 01:43:56,516:INFO:Total runtime is 0.12716321150461832 minutes
2026-03-10 01:43:56,516:INFO:SubProcess create_model() called ==================================
2026-03-10 01:43:56,516:INFO:Initializing create_model()
2026-03-10 01:43:56,516:INFO:create_model(self=<pycaret.classification.oop.ClassificationExperiment object at 0x15d1f0610>, estimator=dummy, fold=StratifiedKFold(n_splits=5, random_state=None, shuffle=False), round=4, cross_validation=True, predict=True, fit_kwargs={}, groups=None, refit=False, probability_threshold=None, experiment_custom_tags=None, verbose=False, system=False, add_to_model_list=True, metrics=None, display=<pycaret.internal.display.display.CommonDisplay object at 0x15d5ef590>, model_only=True, return_train_score=False, error_score=0.0, kwargs={})
2026-03-10 01:43:56,516:INFO:Checking exceptions
2026-03-10 01:43:56,516:INFO:Importing libraries
2026-03-10 01:43:56,516:INFO:Copying training dataset
2026-03-10 01:43:56,519:INFO:Defining folds
2026-03-10 01:43:56,519:INFO:Declaring metric variables
2026-03-10 01:43:56,519:INFO:Importing untrained model
2026-03-10 01:43:56,519:INFO:Dummy Classifier Imported successfully
2026-03-10 01:43:56,519:INFO:Starting cross validation
2026-03-10 01:43:56,520:INFO:Cross validating with StratifiedKFold(n_splits=5, random_state=None, shuffle=False), n_jobs=-1
2026-03-10 01:43:56,606:WARNING:/Users/xiaowang/Documents/Github/DataMind/backend/.venv/lib/python3.11/site-packages/sklearn/metrics/_classification.py:1561: UserWarning: Note that pos_label (set to 'M') is ignored when average != 'binary' (got 'weighted'). You may use labels=[pos_label] to specify a single positive class.
  warnings.warn(

2026-03-10 01:43:56,606:WARNING:/Users/xiaowang/Documents/Github/DataMind/backend/.venv/lib/python3.11/site-packages/sklearn/metrics/_classification.py:1561: UserWarning: Note that pos_label (set to 'M') is ignored when average != 'binary' (got 'weighted'). You may use labels=[pos_label] to specify a single positive class.
  warnings.warn(

2026-03-10 01:43:56,607:WARNING:/Users/xiaowang/Documents/Github/DataMind/backend/.venv/lib/python3.11/site-packages/sklearn/metrics/_classification.py:1509: UndefinedMetricWarning: Precision is ill-defined and being set to 0.0 in labels with no predicted samples. Use `zero_division` parameter to control this behavior.
  _warn_prf(average, modifier, f"{metric.capitalize()} is", len(result))

2026-03-10 01:43:56,607:WARNING:/Users/xiaowang/Documents/Github/DataMind/backend/.venv/lib/python3.11/site-packages/sklearn/metrics/_classification.py:1561: UserWarning: Note that pos_label (set to 'M') is ignored when average != 'binary' (got 'weighted'). You may use labels=[pos_label] to specify a single positive class.
  warnings.warn(

2026-03-10 01:43:56,611:WARNING:/Users/xiaowang/Documents/Github/DataMind/backend/.venv/lib/python3.11/site-packages/sklearn/metrics/_classification.py:1561: UserWarning: Note that pos_label (set to 'M') is ignored when average != 'binary' (got 'weighted'). You may use labels=[pos_label] to specify a single positive class.
  warnings.warn(

2026-03-10 01:43:56,612:WARNING:/Users/xiaowang/Documents/Github/DataMind/backend/.venv/lib/python3.11/site-packages/sklearn/metrics/_classification.py:1561: UserWarning: Note that pos_label (set to 'M') is ignored when average != 'binary' (got 'weighted'). You may use labels=[pos_label] to specify a single positive class.
  warnings.warn(

2026-03-10 01:43:56,613:WARNING:/Users/xiaowang/Documents/Github/DataMind/backend/.venv/lib/python3.11/site-packages/sklearn/metrics/_classification.py:1509: UndefinedMetricWarning: Precision is ill-defined and being set to 0.0 in labels with no predicted samples. Use `zero_division` parameter to control this behavior.
  _warn_prf(average, modifier, f"{metric.capitalize()} is", len(result))

2026-03-10 01:43:56,613:WARNING:/Users/xiaowang/Documents/Github/DataMind/backend/.venv/lib/python3.11/site-packages/sklearn/metrics/_classification.py:1561: UserWarning: Note that pos_label (set to 'M') is ignored when average != 'binary' (got 'weighted'). You may use labels=[pos_label] to specify a single positive class.
  warnings.warn(

2026-03-10 01:43:56,619:WARNING:/Users/xiaowang/Documents/Github/DataMind/backend/.venv/lib/python3.11/site-packages/sklearn/metrics/_classification.py:1561: UserWarning: Note that pos_label (set to 'M') is ignored when average != 'binary' (got 'weighted'). You may use labels=[pos_label] to specify a single positive class.
  warnings.warn(

2026-03-10 01:43:56,620:WARNING:/Users/xiaowang/Documents/Github/DataMind/backend/.venv/lib/python3.11/site-packages/sklearn/metrics/_classification.py:1561: UserWarning: Note that pos_label (set to 'M') is ignored when average != 'binary' (got 'weighted'). You may use labels=[pos_label] to specify a single positive class.
  warnings.warn(

2026-03-10 01:43:56,620:WARNING:/Users/xiaowang/Documents/Github/DataMind/backend/.venv/lib/python3.11/site-packages/sklearn/metrics/_classification.py:1509: UndefinedMetricWarning: Precision is ill-defined and being set to 0.0 in labels with no predicted samples. Use `zero_division` parameter to control this behavior.
  _warn_prf(average, modifier, f"{metric.capitalize()} is", len(result))

2026-03-10 01:43:56,620:WARNING:/Users/xiaowang/Documents/Github/DataMind/backend/.venv/lib/python3.11/site-packages/sklearn/metrics/_classification.py:1561: UserWarning: Note that pos_label (set to 'M') is ignored when average != 'binary' (got 'weighted'). You may use labels=[pos_label] to specify a single positive class.
  warnings.warn(

2026-03-10 01:43:56,621:WARNING:/Users/xiaowang/Documents/Github/DataMind/backend/.venv/lib/python3.11/site-packages/sklearn/metrics/_classification.py:1561: UserWarning: Note that pos_label (set to 'M') is ignored when average != 'binary' (got 'weighted'). You may use labels=[pos_label] to specify a single positive class.
  warnings.warn(

2026-03-10 01:43:56,621:WARNING:/Users/xiaowang/Documents/Github/DataMind/backend/.venv/lib/python3.11/site-packages/sklearn/metrics/_classification.py:1561: UserWarning: Note that pos_label (set to 'M') is ignored when average != 'binary' (got 'weighted'). You may use labels=[pos_label] to specify a single positive class.
  warnings.warn(

2026-03-10 01:43:56,622:WARNING:/Users/xiaowang/Documents/Github/DataMind/backend/.venv/lib/python3.11/site-packages/sklearn/metrics/_classification.py:1509: UndefinedMetricWarning: Precision is ill-defined and being set to 0.0 in labels with no predicted samples. Use `zero_division` parameter to control this behavior.
  _warn_prf(average, modifier, f"{metric.capitalize()} is", len(result))

2026-03-10 01:43:56,622:WARNING:/Users/xiaowang/Documents/Github/DataMind/backend/.venv/lib/python3.11/site-packages/sklearn/metrics/_classification.py:1561: UserWarning: Note that pos_label (set to 'M') is ignored when average != 'binary' (got 'weighted'). You may use labels=[pos_label] to specify a single positive class.
  warnings.warn(

2026-03-10 01:43:56,624:WARNING:/Users/xiaowang/Documents/Github/DataMind/backend/.venv/lib/python3.11/site-packages/sklearn/metrics/_classification.py:1561: UserWarning: Note that pos_label (set to 'M') is ignored when average != 'binary' (got 'weighted'). You may use labels=[pos_label] to specify a single positive class.
  warnings.warn(

2026-03-10 01:43:56,625:WARNING:/Users/xiaowang/Documents/Github/DataMind/backend/.venv/lib/python3.11/site-packages/sklearn/metrics/_classification.py:1561: UserWarning: Note that pos_label (set to 'M') is ignored when average != 'binary' (got 'weighted'). You may use labels=[pos_label] to specify a single positive class.
  warnings.warn(

2026-03-10 01:43:56,626:WARNING:/Users/xiaowang/Documents/Github/DataMind/backend/.venv/lib/python3.11/site-packages/sklearn/metrics/_classification.py:1509: UndefinedMetricWarning: Precision is ill-defined and being set to 0.0 in labels with no predicted samples. Use `zero_division` parameter to control this behavior.
  _warn_prf(average, modifier, f"{metric.capitalize()} is", len(result))

2026-03-10 01:43:56,626:WARNING:/Users/xiaowang/Documents/Github/DataMind/backend/.venv/lib/python3.11/site-packages/sklearn/metrics/_classification.py:1561: UserWarning: Note that pos_label (set to 'M') is ignored when average != 'binary' (got 'weighted'). You may use labels=[pos_label] to specify a single positive class.
  warnings.warn(

2026-03-10 01:43:56,640:INFO:Calculating mean and std
2026-03-10 01:43:56,640:INFO:Creating metrics dataframe
2026-03-10 01:43:56,641:INFO:Uploading results into container
2026-03-10 01:43:56,641:INFO:Uploading model into container now
2026-03-10 01:43:56,641:INFO:_master_model_container: 13
2026-03-10 01:43:56,641:INFO:_display_container: 2
2026-03-10 01:43:56,641:INFO:DummyClassifier(constant=None, random_state=42, strategy='prior')
2026-03-10 01:43:56,641:INFO:create_model() successfully completed......................................
2026-03-10 01:43:56,714:INFO:SubProcess create_model() end ==================================
2026-03-10 01:43:56,714:INFO:Creating metrics dataframe
2026-03-10 01:43:56,717:WARNING:/Users/xiaowang/Documents/Github/DataMind/backend/.venv/lib/python3.11/site-packages/pycaret/internal/pycaret_experiment/supervised_experiment.py:339: FutureWarning: Styler.applymap has been deprecated. Use Styler.map instead.
  .applymap(highlight_cols, subset=["TT (Sec)"])

2026-03-10 01:43:56,718:INFO:Initializing create_model()
2026-03-10 01:43:56,718:INFO:create_model(self=<pycaret.classification.oop.ClassificationExperiment object at 0x15d1f0610>, estimator=ExtraTreesClassifier(bootstrap=False, ccp_alpha=0.0, class_weight=None,
                     criterion='gini', max_depth=None, max_features='sqrt',
                     max_leaf_nodes=None, max_samples=None,
                     min_impurity_decrease=0.0, min_samples_leaf=1,
                     min_samples_split=2, min_weight_fraction_leaf=0.0,
                     monotonic_cst=None, n_estimators=100, n_jobs=-1,
                     oob_score=False, random_state=42, verbose=0,
                     warm_start=False), fold=StratifiedKFold(n_splits=5, random_state=None, shuffle=False), round=4, cross_validation=False, predict=False, fit_kwargs={}, groups=None, refit=True, probability_threshold=None, experiment_custom_tags=None, verbose=False, system=False, add_to_model_list=True, metrics=None, display=None, model_only=True, return_train_score=False, error_score=0.0, kwargs={})
2026-03-10 01:43:56,718:INFO:Checking exceptions
2026-03-10 01:43:56,718:INFO:Importing libraries
2026-03-10 01:43:56,718:INFO:Copying training dataset
2026-03-10 01:43:56,723:INFO:Defining folds
2026-03-10 01:43:56,723:INFO:Declaring metric variables
2026-03-10 01:43:56,723:INFO:Importing untrained model
2026-03-10 01:43:56,723:INFO:Declaring custom model
2026-03-10 01:43:56,723:INFO:Extra Trees Classifier Imported successfully
2026-03-10 01:43:56,724:INFO:Cross validation set to False
2026-03-10 01:43:56,724:INFO:Fitting Model
2026-03-10 01:43:56,948:INFO:ExtraTreesClassifier(bootstrap=False, ccp_alpha=0.0, class_weight=None,
                     criterion='gini', max_depth=None, max_features='sqrt',
                     max_leaf_nodes=None, max_samples=None,
                     min_impurity_decrease=0.0, min_samples_leaf=1,
                     min_samples_split=2, min_weight_fraction_leaf=0.0,
                     monotonic_cst=None, n_estimators=100, n_jobs=-1,
                     oob_score=False, random_state=42, verbose=0,
                     warm_start=False)
2026-03-10 01:43:56,949:INFO:create_model() successfully completed......................................
2026-03-10 01:43:57,060:INFO:_master_model_container: 13
2026-03-10 01:43:57,060:INFO:_display_container: 2
2026-03-10 01:43:57,060:INFO:ExtraTreesClassifier(bootstrap=False, ccp_alpha=0.0, class_weight=None,
                     criterion='gini', max_depth=None, max_features='sqrt',
                     max_leaf_nodes=None, max_samples=None,
                     min_impurity_decrease=0.0, min_samples_leaf=1,
                     min_samples_split=2, min_weight_fraction_leaf=0.0,
                     monotonic_cst=None, n_estimators=100, n_jobs=-1,
                     oob_score=False, random_state=42, verbose=0,
                     warm_start=False)
2026-03-10 01:43:57,061:INFO:compare_models() successfully completed......................................
2026-03-10 01:43:57,062:INFO:gpu_param set to False
2026-03-10 01:43:57,083:WARNING:
'xgboost' is a soft dependency and not included in the pycaret installation. Please run: `pip install xgboost` to install.
Alternately, you can install this by running `pip install pycaret[models]`
2026-03-10 01:43:57,083:WARNING:
'catboost' is a soft dependency and not included in the pycaret installation. Please run: `pip install catboost` to install.
Alternately, you can install this by running `pip install pycaret[models]`
2026-03-10 01:43:57,103:WARNING:
'xgboost' is a soft dependency and not included in the pycaret installation. Please run: `pip install xgboost` to install.
Alternately, you can install this by running `pip install pycaret[models]`
2026-03-10 01:43:57,103:WARNING:
'catboost' is a soft dependency and not included in the pycaret installation. Please run: `pip install catboost` to install.
Alternately, you can install this by running `pip install pycaret[models]`
2026-03-10 01:43:57,104:INFO:Initializing create_model()
2026-03-10 01:43:57,104:INFO:create_model(self=<pycaret.classification.oop.ClassificationExperiment object at 0x15d1f0610>, estimator=lr, fold=5, round=4, cross_validation=True, predict=True, fit_kwargs=None, groups=None, refit=True, probability_threshold=None, experiment_custom_tags=None, verbose=True, system=True, add_to_model_list=True, metrics=None, display=None, model_only=True, return_train_score=False, error_score=0.0, kwargs={})
2026-03-10 01:43:57,104:INFO:Checking exceptions
2026-03-10 01:43:57,105:INFO:Importing libraries
2026-03-10 01:43:57,105:INFO:Copying training dataset
2026-03-10 01:43:57,107:INFO:Defining folds
2026-03-10 01:43:57,107:INFO:Declaring metric variables
2026-03-10 01:43:57,107:INFO:Importing untrained model
2026-03-10 01:43:57,107:INFO:Logistic Regression Imported successfully
2026-03-10 01:43:57,107:INFO:Starting cross validation
2026-03-10 01:43:57,108:INFO:Cross validating with StratifiedKFold(n_splits=5, random_state=None, shuffle=False), n_jobs=-1
2026-03-10 01:43:57,194:WARNING:/Users/xiaowang/Documents/Github/DataMind/backend/.venv/lib/python3.11/site-packages/sklearn/metrics/_classification.py:1561: UserWarning: Note that pos_label (set to 'M') is ignored when average != 'binary' (got 'weighted'). You may use labels=[pos_label] to specify a single positive class.
  warnings.warn(

2026-03-10 01:43:57,195:WARNING:/Users/xiaowang/Documents/Github/DataMind/backend/.venv/lib/python3.11/site-packages/sklearn/metrics/_classification.py:1561: UserWarning: Note that pos_label (set to 'M') is ignored when average != 'binary' (got 'weighted'). You may use labels=[pos_label] to specify a single positive class.
  warnings.warn(

2026-03-10 01:43:57,195:WARNING:/Users/xiaowang/Documents/Github/DataMind/backend/.venv/lib/python3.11/site-packages/sklearn/metrics/_classification.py:1561: UserWarning: Note that pos_label (set to 'M') is ignored when average != 'binary' (got 'weighted'). You may use labels=[pos_label] to specify a single positive class.
  warnings.warn(

2026-03-10 01:43:57,197:WARNING:/Users/xiaowang/Documents/Github/DataMind/backend/.venv/lib/python3.11/site-packages/sklearn/metrics/_classification.py:1561: UserWarning: Note that pos_label (set to 'M') is ignored when average != 'binary' (got 'weighted'). You may use labels=[pos_label] to specify a single positive class.
  warnings.warn(

2026-03-10 01:43:57,198:WARNING:/Users/xiaowang/Documents/Github/DataMind/backend/.venv/lib/python3.11/site-packages/sklearn/metrics/_classification.py:1561: UserWarning: Note that pos_label (set to 'M') is ignored when average != 'binary' (got 'weighted'). You may use labels=[pos_label] to specify a single positive class.
  warnings.warn(

2026-03-10 01:43:57,200:WARNING:/Users/xiaowang/Documents/Github/DataMind/backend/.venv/lib/python3.11/site-packages/sklearn/metrics/_classification.py:1561: UserWarning: Note that pos_label (set to 'M') is ignored when average != 'binary' (got 'weighted'). You may use labels=[pos_label] to specify a single positive class.
  warnings.warn(

2026-03-10 01:43:57,200:WARNING:/Users/xiaowang/Documents/Github/DataMind/backend/.venv/lib/python3.11/site-packages/sklearn/metrics/_classification.py:1561: UserWarning: Note that pos_label (set to 'M') is ignored when average != 'binary' (got 'weighted'). You may use labels=[pos_label] to specify a single positive class.
  warnings.warn(

2026-03-10 01:43:57,201:WARNING:/Users/xiaowang/Documents/Github/DataMind/backend/.venv/lib/python3.11/site-packages/sklearn/metrics/_classification.py:1561: UserWarning: Note that pos_label (set to 'M') is ignored when average != 'binary' (got 'weighted'). You may use labels=[pos_label] to specify a single positive class.
  warnings.warn(

2026-03-10 01:43:57,202:WARNING:/Users/xiaowang/Documents/Github/DataMind/backend/.venv/lib/python3.11/site-packages/sklearn/metrics/_classification.py:1561: UserWarning: Note that pos_label (set to 'M') is ignored when average != 'binary' (got 'weighted'). You may use labels=[pos_label] to specify a single positive class.
  warnings.warn(

2026-03-10 01:43:57,203:WARNING:/Users/xiaowang/Documents/Github/DataMind/backend/.venv/lib/python3.11/site-packages/sklearn/metrics/_classification.py:1561: UserWarning: Note that pos_label (set to 'M') is ignored when average != 'binary' (got 'weighted'). You may use labels=[pos_label] to specify a single positive class.
  warnings.warn(

2026-03-10 01:43:57,204:WARNING:/Users/xiaowang/Documents/Github/DataMind/backend/.venv/lib/python3.11/site-packages/sklearn/metrics/_classification.py:1561: UserWarning: Note that pos_label (set to 'M') is ignored when average != 'binary' (got 'weighted'). You may use labels=[pos_label] to specify a single positive class.
  warnings.warn(

2026-03-10 01:43:57,204:WARNING:/Users/xiaowang/Documents/Github/DataMind/backend/.venv/lib/python3.11/site-packages/sklearn/metrics/_classification.py:1561: UserWarning: Note that pos_label (set to 'M') is ignored when average != 'binary' (got 'weighted'). You may use labels=[pos_label] to specify a single positive class.
  warnings.warn(

2026-03-10 01:43:57,204:WARNING:/Users/xiaowang/Documents/Github/DataMind/backend/.venv/lib/python3.11/site-packages/sklearn/metrics/_classification.py:1561: UserWarning: Note that pos_label (set to 'M') is ignored when average != 'binary' (got 'weighted'). You may use labels=[pos_label] to specify a single positive class.
  warnings.warn(

2026-03-10 01:43:57,205:WARNING:/Users/xiaowang/Documents/Github/DataMind/backend/.venv/lib/python3.11/site-packages/sklearn/metrics/_classification.py:1561: UserWarning: Note that pos_label (set to 'M') is ignored when average != 'binary' (got 'weighted'). You may use labels=[pos_label] to specify a single positive class.
  warnings.warn(

2026-03-10 01:43:57,206:WARNING:/Users/xiaowang/Documents/Github/DataMind/backend/.venv/lib/python3.11/site-packages/sklearn/metrics/_classification.py:1561: UserWarning: Note that pos_label (set to 'M') is ignored when average != 'binary' (got 'weighted'). You may use labels=[pos_label] to specify a single positive class.
  warnings.warn(

2026-03-10 01:43:57,209:INFO:Calculating mean and std
2026-03-10 01:43:57,209:INFO:Creating metrics dataframe
2026-03-10 01:43:57,210:INFO:Finalizing model
2026-03-10 01:43:57,711:INFO:Uploading results into container
2026-03-10 01:43:57,711:INFO:Uploading model into container now
2026-03-10 01:43:57,715:INFO:_master_model_container: 14
2026-03-10 01:43:57,715:INFO:_display_container: 3
2026-03-10 01:43:57,716:INFO:LogisticRegression(C=1.0, class_weight=None, dual=False, fit_intercept=True,
                   intercept_scaling=1, l1_ratio=None, max_iter=1000,
                   multi_class='auto', n_jobs=None, penalty='l2',
                   random_state=42, solver='lbfgs', tol=0.0001, verbose=0,
                   warm_start=False)
2026-03-10 01:43:57,716:INFO:create_model() successfully completed......................................
2026-03-10 01:43:57,811:INFO:Initializing predict_model()
2026-03-10 01:43:57,811:INFO:predict_model(self=<pycaret.classification.oop.ClassificationExperiment object at 0x15d1f0610>, estimator=LogisticRegression(C=1.0, class_weight=None, dual=False, fit_intercept=True,
                   intercept_scaling=1, l1_ratio=None, max_iter=1000,
                   multi_class='auto', n_jobs=None, penalty='l2',
                   random_state=42, solver='lbfgs', tol=0.0001, verbose=0,
                   warm_start=False), probability_threshold=None, encoded_labels=False, raw_score=False, round=4, verbose=True, ml_usecase=None, preprocess=True, encode_labels=<function _SupervisedExperiment.predict_model.<locals>.encode_labels at 0x15d4a8c20>)
2026-03-10 01:43:57,811:INFO:Checking exceptions
2026-03-10 01:43:57,811:INFO:Preloading libraries
2026-03-10 01:43:57,959:WARNING:/Users/xiaowang/Documents/Github/DataMind/backend/.venv/lib/python3.11/site-packages/sklearn/metrics/_classification.py:1561: UserWarning: Note that pos_label (set to 'M') is ignored when average != 'binary' (got 'weighted'). You may use labels=[pos_label] to specify a single positive class.
  warnings.warn(

2026-03-10 01:43:57,961:WARNING:/Users/xiaowang/Documents/Github/DataMind/backend/.venv/lib/python3.11/site-packages/sklearn/metrics/_classification.py:1561: UserWarning: Note that pos_label (set to 'M') is ignored when average != 'binary' (got 'weighted'). You may use labels=[pos_label] to specify a single positive class.
  warnings.warn(

2026-03-10 01:43:57,964:WARNING:/Users/xiaowang/Documents/Github/DataMind/backend/.venv/lib/python3.11/site-packages/sklearn/metrics/_classification.py:1561: UserWarning: Note that pos_label (set to 'M') is ignored when average != 'binary' (got 'weighted'). You may use labels=[pos_label] to specify a single positive class.
  warnings.warn(

2026-03-10 01:43:58,076:INFO:Initializing create_model()
2026-03-10 01:43:58,076:INFO:create_model(self=<pycaret.classification.oop.ClassificationExperiment object at 0x15d1f0610>, estimator=knn, fold=5, round=4, cross_validation=True, predict=True, fit_kwargs=None, groups=None, refit=True, probability_threshold=None, experiment_custom_tags=None, verbose=True, system=True, add_to_model_list=True, metrics=None, display=None, model_only=True, return_train_score=False, error_score=0.0, kwargs={})
2026-03-10 01:43:58,076:INFO:Checking exceptions
2026-03-10 01:43:58,077:INFO:Importing libraries
2026-03-10 01:43:58,077:INFO:Copying training dataset
2026-03-10 01:43:58,081:INFO:Defining folds
2026-03-10 01:43:58,082:INFO:Declaring metric variables
2026-03-10 01:43:58,082:INFO:Importing untrained model
2026-03-10 01:43:58,082:INFO:K Neighbors Classifier Imported successfully
2026-03-10 01:43:58,082:INFO:Starting cross validation
2026-03-10 01:43:58,083:INFO:Cross validating with StratifiedKFold(n_splits=5, random_state=None, shuffle=False), n_jobs=-1
2026-03-10 01:43:58,214:WARNING:/Users/xiaowang/Documents/Github/DataMind/backend/.venv/lib/python3.11/site-packages/sklearn/metrics/_classification.py:1561: UserWarning: Note that pos_label (set to 'M') is ignored when average != 'binary' (got 'weighted'). You may use labels=[pos_label] to specify a single positive class.
  warnings.warn(

2026-03-10 01:43:58,214:WARNING:/Users/xiaowang/Documents/Github/DataMind/backend/.venv/lib/python3.11/site-packages/sklearn/metrics/_classification.py:1561: UserWarning: Note that pos_label (set to 'M') is ignored when average != 'binary' (got 'weighted'). You may use labels=[pos_label] to specify a single positive class.
  warnings.warn(

2026-03-10 01:43:58,215:WARNING:/Users/xiaowang/Documents/Github/DataMind/backend/.venv/lib/python3.11/site-packages/sklearn/metrics/_classification.py:1561: UserWarning: Note that pos_label (set to 'M') is ignored when average != 'binary' (got 'weighted'). You may use labels=[pos_label] to specify a single positive class.
  warnings.warn(

2026-03-10 01:43:58,216:WARNING:/Users/xiaowang/Documents/Github/DataMind/backend/.venv/lib/python3.11/site-packages/sklearn/metrics/_classification.py:1561: UserWarning: Note that pos_label (set to 'M') is ignored when average != 'binary' (got 'weighted'). You may use labels=[pos_label] to specify a single positive class.
  warnings.warn(

2026-03-10 01:43:58,216:WARNING:/Users/xiaowang/Documents/Github/DataMind/backend/.venv/lib/python3.11/site-packages/sklearn/metrics/_classification.py:1561: UserWarning: Note that pos_label (set to 'M') is ignored when average != 'binary' (got 'weighted'). You may use labels=[pos_label] to specify a single positive class.
  warnings.warn(

2026-03-10 01:43:58,217:WARNING:/Users/xiaowang/Documents/Github/DataMind/backend/.venv/lib/python3.11/site-packages/sklearn/metrics/_classification.py:1561: UserWarning: Note that pos_label (set to 'M') is ignored when average != 'binary' (got 'weighted'). You may use labels=[pos_label] to specify a single positive class.
  warnings.warn(

2026-03-10 01:43:58,217:WARNING:/Users/xiaowang/Documents/Github/DataMind/backend/.venv/lib/python3.11/site-packages/sklearn/metrics/_classification.py:1561: UserWarning: Note that pos_label (set to 'M') is ignored when average != 'binary' (got 'weighted'). You may use labels=[pos_label] to specify a single positive class.
  warnings.warn(

2026-03-10 01:43:58,217:WARNING:/Users/xiaowang/Documents/Github/DataMind/backend/.venv/lib/python3.11/site-packages/sklearn/metrics/_classification.py:1561: UserWarning: Note that pos_label (set to 'M') is ignored when average != 'binary' (got 'weighted'). You may use labels=[pos_label] to specify a single positive class.
  warnings.warn(

2026-03-10 01:43:58,217:WARNING:/Users/xiaowang/Documents/Github/DataMind/backend/.venv/lib/python3.11/site-packages/sklearn/metrics/_classification.py:1561: UserWarning: Note that pos_label (set to 'M') is ignored when average != 'binary' (got 'weighted'). You may use labels=[pos_label] to specify a single positive class.
  warnings.warn(

2026-03-10 01:43:58,220:WARNING:/Users/xiaowang/Documents/Github/DataMind/backend/.venv/lib/python3.11/site-packages/sklearn/metrics/_classification.py:1561: UserWarning: Note that pos_label (set to 'M') is ignored when average != 'binary' (got 'weighted'). You may use labels=[pos_label] to specify a single positive class.
  warnings.warn(

2026-03-10 01:43:58,221:WARNING:/Users/xiaowang/Documents/Github/DataMind/backend/.venv/lib/python3.11/site-packages/sklearn/metrics/_classification.py:1561: UserWarning: Note that pos_label (set to 'M') is ignored when average != 'binary' (got 'weighted'). You may use labels=[pos_label] to specify a single positive class.
  warnings.warn(

2026-03-10 01:43:58,221:WARNING:/Users/xiaowang/Documents/Github/DataMind/backend/.venv/lib/python3.11/site-packages/sklearn/metrics/_classification.py:1561: UserWarning: Note that pos_label (set to 'M') is ignored when average != 'binary' (got 'weighted'). You may use labels=[pos_label] to specify a single positive class.
  warnings.warn(

2026-03-10 01:43:58,229:WARNING:/Users/xiaowang/Documents/Github/DataMind/backend/.venv/lib/python3.11/site-packages/sklearn/metrics/_classification.py:1561: UserWarning: Note that pos_label (set to 'M') is ignored when average != 'binary' (got 'weighted'). You may use labels=[pos_label] to specify a single positive class.
  warnings.warn(

2026-03-10 01:43:58,230:WARNING:/Users/xiaowang/Documents/Github/DataMind/backend/.venv/lib/python3.11/site-packages/sklearn/metrics/_classification.py:1561: UserWarning: Note that pos_label (set to 'M') is ignored when average != 'binary' (got 'weighted'). You may use labels=[pos_label] to specify a single positive class.
  warnings.warn(

2026-03-10 01:43:58,231:WARNING:/Users/xiaowang/Documents/Github/DataMind/backend/.venv/lib/python3.11/site-packages/sklearn/metrics/_classification.py:1561: UserWarning: Note that pos_label (set to 'M') is ignored when average != 'binary' (got 'weighted'). You may use labels=[pos_label] to specify a single positive class.
  warnings.warn(

2026-03-10 01:43:58,233:INFO:Calculating mean and std
2026-03-10 01:43:58,233:INFO:Creating metrics dataframe
2026-03-10 01:43:58,234:INFO:Finalizing model
2026-03-10 01:43:58,291:INFO:Uploading results into container
2026-03-10 01:43:58,291:INFO:Uploading model into container now
2026-03-10 01:43:58,293:INFO:_master_model_container: 15
2026-03-10 01:43:58,293:INFO:_display_container: 5
2026-03-10 01:43:58,293:INFO:KNeighborsClassifier(algorithm='auto', leaf_size=30, metric='minkowski',
                     metric_params=None, n_jobs=-1, n_neighbors=5, p=2,
                     weights='uniform')
2026-03-10 01:43:58,293:INFO:create_model() successfully completed......................................
2026-03-10 01:43:58,345:INFO:Initializing predict_model()
2026-03-10 01:43:58,345:INFO:predict_model(self=<pycaret.classification.oop.ClassificationExperiment object at 0x15d1f0610>, estimator=KNeighborsClassifier(algorithm='auto', leaf_size=30, metric='minkowski',
                     metric_params=None, n_jobs=-1, n_neighbors=5, p=2,
                     weights='uniform'), probability_threshold=None, encoded_labels=False, raw_score=False, round=4, verbose=True, ml_usecase=None, preprocess=True, encode_labels=<function _SupervisedExperiment.predict_model.<locals>.encode_labels at 0x15d2f1e40>)
2026-03-10 01:43:58,345:INFO:Checking exceptions
2026-03-10 01:43:58,345:INFO:Preloading libraries
2026-03-10 01:43:58,461:WARNING:/Users/xiaowang/Documents/Github/DataMind/backend/.venv/lib/python3.11/site-packages/sklearn/metrics/_classification.py:1561: UserWarning: Note that pos_label (set to 'M') is ignored when average != 'binary' (got 'weighted'). You may use labels=[pos_label] to specify a single positive class.
  warnings.warn(

2026-03-10 01:43:58,462:WARNING:/Users/xiaowang/Documents/Github/DataMind/backend/.venv/lib/python3.11/site-packages/sklearn/metrics/_classification.py:1561: UserWarning: Note that pos_label (set to 'M') is ignored when average != 'binary' (got 'weighted'). You may use labels=[pos_label] to specify a single positive class.
  warnings.warn(

2026-03-10 01:43:58,463:WARNING:/Users/xiaowang/Documents/Github/DataMind/backend/.venv/lib/python3.11/site-packages/sklearn/metrics/_classification.py:1561: UserWarning: Note that pos_label (set to 'M') is ignored when average != 'binary' (got 'weighted'). You may use labels=[pos_label] to specify a single positive class.
  warnings.warn(

2026-03-10 01:43:58,521:INFO:Initializing create_model()
2026-03-10 01:43:58,521:INFO:create_model(self=<pycaret.classification.oop.ClassificationExperiment object at 0x15d1f0610>, estimator=nb, fold=5, round=4, cross_validation=True, predict=True, fit_kwargs=None, groups=None, refit=True, probability_threshold=None, experiment_custom_tags=None, verbose=True, system=True, add_to_model_list=True, metrics=None, display=None, model_only=True, return_train_score=False, error_score=0.0, kwargs={})
2026-03-10 01:43:58,521:INFO:Checking exceptions
2026-03-10 01:43:58,521:INFO:Importing libraries
2026-03-10 01:43:58,521:INFO:Copying training dataset
2026-03-10 01:43:58,523:INFO:Defining folds
2026-03-10 01:43:58,523:INFO:Declaring metric variables
2026-03-10 01:43:58,523:INFO:Importing untrained model
2026-03-10 01:43:58,523:INFO:Naive Bayes Imported successfully
2026-03-10 01:43:58,523:INFO:Starting cross validation
2026-03-10 01:43:58,524:INFO:Cross validating with StratifiedKFold(n_splits=5, random_state=None, shuffle=False), n_jobs=-1
2026-03-10 01:43:58,609:WARNING:/Users/xiaowang/Documents/Github/DataMind/backend/.venv/lib/python3.11/site-packages/sklearn/metrics/_classification.py:1561: UserWarning: Note that pos_label (set to 'M') is ignored when average != 'binary' (got 'weighted'). You may use labels=[pos_label] to specify a single positive class.
  warnings.warn(

2026-03-10 01:43:58,610:WARNING:/Users/xiaowang/Documents/Github/DataMind/backend/.venv/lib/python3.11/site-packages/sklearn/metrics/_classification.py:1561: UserWarning: Note that pos_label (set to 'M') is ignored when average != 'binary' (got 'weighted'). You may use labels=[pos_label] to specify a single positive class.
  warnings.warn(

2026-03-10 01:43:58,610:WARNING:/Users/xiaowang/Documents/Github/DataMind/backend/.venv/lib/python3.11/site-packages/sklearn/metrics/_classification.py:1561: UserWarning: Note that pos_label (set to 'M') is ignored when average != 'binary' (got 'weighted'). You may use labels=[pos_label] to specify a single positive class.
  warnings.warn(

2026-03-10 01:43:58,618:WARNING:/Users/xiaowang/Documents/Github/DataMind/backend/.venv/lib/python3.11/site-packages/sklearn/metrics/_classification.py:1561: UserWarning: Note that pos_label (set to 'M') is ignored when average != 'binary' (got 'weighted'). You may use labels=[pos_label] to specify a single positive class.
  warnings.warn(

2026-03-10 01:43:58,619:WARNING:/Users/xiaowang/Documents/Github/DataMind/backend/.venv/lib/python3.11/site-packages/sklearn/metrics/_classification.py:1561: UserWarning: Note that pos_label (set to 'M') is ignored when average != 'binary' (got 'weighted'). You may use labels=[pos_label] to specify a single positive class.
  warnings.warn(

2026-03-10 01:43:58,619:WARNING:/Users/xiaowang/Documents/Github/DataMind/backend/.venv/lib/python3.11/site-packages/sklearn/metrics/_classification.py:1561: UserWarning: Note that pos_label (set to 'M') is ignored when average != 'binary' (got 'weighted'). You may use labels=[pos_label] to specify a single positive class.
  warnings.warn(

2026-03-10 01:43:58,625:WARNING:/Users/xiaowang/Documents/Github/DataMind/backend/.venv/lib/python3.11/site-packages/sklearn/metrics/_classification.py:1561: UserWarning: Note that pos_label (set to 'M') is ignored when average != 'binary' (got 'weighted'). You may use labels=[pos_label] to specify a single positive class.
  warnings.warn(

2026-03-10 01:43:58,625:WARNING:/Users/xiaowang/Documents/Github/DataMind/backend/.venv/lib/python3.11/site-packages/sklearn/metrics/_classification.py:1561: UserWarning: Note that pos_label (set to 'M') is ignored when average != 'binary' (got 'weighted'). You may use labels=[pos_label] to specify a single positive class.
  warnings.warn(

2026-03-10 01:43:58,626:WARNING:/Users/xiaowang/Documents/Github/DataMind/backend/.venv/lib/python3.11/site-packages/sklearn/metrics/_classification.py:1561: UserWarning: Note that pos_label (set to 'M') is ignored when average != 'binary' (got 'weighted'). You may use labels=[pos_label] to specify a single positive class.
  warnings.warn(

2026-03-10 01:43:58,626:WARNING:/Users/xiaowang/Documents/Github/DataMind/backend/.venv/lib/python3.11/site-packages/sklearn/metrics/_classification.py:1561: UserWarning: Note that pos_label (set to 'M') is ignored when average != 'binary' (got 'weighted'). You may use labels=[pos_label] to specify a single positive class.
  warnings.warn(

2026-03-10 01:43:58,627:WARNING:/Users/xiaowang/Documents/Github/DataMind/backend/.venv/lib/python3.11/site-packages/sklearn/metrics/_classification.py:1561: UserWarning: Note that pos_label (set to 'M') is ignored when average != 'binary' (got 'weighted'). You may use labels=[pos_label] to specify a single positive class.
  warnings.warn(

2026-03-10 01:43:58,627:WARNING:/Users/xiaowang/Documents/Github/DataMind/backend/.venv/lib/python3.11/site-packages/sklearn/metrics/_classification.py:1561: UserWarning: Note that pos_label (set to 'M') is ignored when average != 'binary' (got 'weighted'). You may use labels=[pos_label] to specify a single positive class.
  warnings.warn(

2026-03-10 01:43:58,632:WARNING:/Users/xiaowang/Documents/Github/DataMind/backend/.venv/lib/python3.11/site-packages/sklearn/metrics/_classification.py:1561: UserWarning: Note that pos_label (set to 'M') is ignored when average != 'binary' (got 'weighted'). You may use labels=[pos_label] to specify a single positive class.
  warnings.warn(

2026-03-10 01:43:58,633:WARNING:/Users/xiaowang/Documents/Github/DataMind/backend/.venv/lib/python3.11/site-packages/sklearn/metrics/_classification.py:1561: UserWarning: Note that pos_label (set to 'M') is ignored when average != 'binary' (got 'weighted'). You may use labels=[pos_label] to specify a single positive class.
  warnings.warn(

2026-03-10 01:43:58,633:WARNING:/Users/xiaowang/Documents/Github/DataMind/backend/.venv/lib/python3.11/site-packages/sklearn/metrics/_classification.py:1561: UserWarning: Note that pos_label (set to 'M') is ignored when average != 'binary' (got 'weighted'). You may use labels=[pos_label] to specify a single positive class.
  warnings.warn(

2026-03-10 01:43:58,638:INFO:Calculating mean and std
2026-03-10 01:43:58,638:INFO:Creating metrics dataframe
2026-03-10 01:43:58,638:INFO:Finalizing model
2026-03-10 01:43:58,696:INFO:Uploading results into container
2026-03-10 01:43:58,696:INFO:Uploading model into container now
2026-03-10 01:43:58,698:INFO:_master_model_container: 16
2026-03-10 01:43:58,698:INFO:_display_container: 7
2026-03-10 01:43:58,698:INFO:GaussianNB(priors=None, var_smoothing=1e-09)
2026-03-10 01:43:58,698:INFO:create_model() successfully completed......................................
2026-03-10 01:43:58,752:INFO:Initializing predict_model()
2026-03-10 01:43:58,752:INFO:predict_model(self=<pycaret.classification.oop.ClassificationExperiment object at 0x15d1f0610>, estimator=GaussianNB(priors=None, var_smoothing=1e-09), probability_threshold=None, encoded_labels=False, raw_score=False, round=4, verbose=True, ml_usecase=None, preprocess=True, encode_labels=<function _SupervisedExperiment.predict_model.<locals>.encode_labels at 0x15d4a8c20>)
2026-03-10 01:43:58,752:INFO:Checking exceptions
2026-03-10 01:43:58,752:INFO:Preloading libraries
2026-03-10 01:43:58,877:WARNING:/Users/xiaowang/Documents/Github/DataMind/backend/.venv/lib/python3.11/site-packages/sklearn/metrics/_classification.py:1561: UserWarning: Note that pos_label (set to 'M') is ignored when average != 'binary' (got 'weighted'). You may use labels=[pos_label] to specify a single positive class.
  warnings.warn(

2026-03-10 01:43:58,878:WARNING:/Users/xiaowang/Documents/Github/DataMind/backend/.venv/lib/python3.11/site-packages/sklearn/metrics/_classification.py:1561: UserWarning: Note that pos_label (set to 'M') is ignored when average != 'binary' (got 'weighted'). You may use labels=[pos_label] to specify a single positive class.
  warnings.warn(

2026-03-10 01:43:58,880:WARNING:/Users/xiaowang/Documents/Github/DataMind/backend/.venv/lib/python3.11/site-packages/sklearn/metrics/_classification.py:1561: UserWarning: Note that pos_label (set to 'M') is ignored when average != 'binary' (got 'weighted'). You may use labels=[pos_label] to specify a single positive class.
  warnings.warn(

2026-03-10 01:43:58,936:INFO:Initializing create_model()
2026-03-10 01:43:58,936:INFO:create_model(self=<pycaret.classification.oop.ClassificationExperiment object at 0x15d1f0610>, estimator=dt, fold=5, round=4, cross_validation=True, predict=True, fit_kwargs=None, groups=None, refit=True, probability_threshold=None, experiment_custom_tags=None, verbose=True, system=True, add_to_model_list=True, metrics=None, display=None, model_only=True, return_train_score=False, error_score=0.0, kwargs={})
2026-03-10 01:43:58,936:INFO:Checking exceptions
2026-03-10 01:43:58,936:INFO:Importing libraries
2026-03-10 01:43:58,936:INFO:Copying training dataset
2026-03-10 01:43:58,939:INFO:Defining folds
2026-03-10 01:43:58,939:INFO:Declaring metric variables
2026-03-10 01:43:58,939:INFO:Importing untrained model
2026-03-10 01:43:58,939:INFO:Decision Tree Classifier Imported successfully
2026-03-10 01:43:58,939:INFO:Starting cross validation
2026-03-10 01:43:58,940:INFO:Cross validating with StratifiedKFold(n_splits=5, random_state=None, shuffle=False), n_jobs=-1
2026-03-10 01:43:59,022:WARNING:/Users/xiaowang/Documents/Github/DataMind/backend/.venv/lib/python3.11/site-packages/sklearn/metrics/_classification.py:1561: UserWarning: Note that pos_label (set to 'M') is ignored when average != 'binary' (got 'weighted'). You may use labels=[pos_label] to specify a single positive class.
  warnings.warn(

2026-03-10 01:43:59,023:WARNING:/Users/xiaowang/Documents/Github/DataMind/backend/.venv/lib/python3.11/site-packages/sklearn/metrics/_classification.py:1561: UserWarning: Note that pos_label (set to 'M') is ignored when average != 'binary' (got 'weighted'). You may use labels=[pos_label] to specify a single positive class.
  warnings.warn(

2026-03-10 01:43:59,023:WARNING:/Users/xiaowang/Documents/Github/DataMind/backend/.venv/lib/python3.11/site-packages/sklearn/metrics/_classification.py:1561: UserWarning: Note that pos_label (set to 'M') is ignored when average != 'binary' (got 'weighted'). You may use labels=[pos_label] to specify a single positive class.
  warnings.warn(

2026-03-10 01:43:59,031:WARNING:/Users/xiaowang/Documents/Github/DataMind/backend/.venv/lib/python3.11/site-packages/sklearn/metrics/_classification.py:1561: UserWarning: Note that pos_label (set to 'M') is ignored when average != 'binary' (got 'weighted'). You may use labels=[pos_label] to specify a single positive class.
  warnings.warn(

2026-03-10 01:43:59,031:WARNING:/Users/xiaowang/Documents/Github/DataMind/backend/.venv/lib/python3.11/site-packages/sklearn/metrics/_classification.py:1561: UserWarning: Note that pos_label (set to 'M') is ignored when average != 'binary' (got 'weighted'). You may use labels=[pos_label] to specify a single positive class.
  warnings.warn(

2026-03-10 01:43:59,032:WARNING:/Users/xiaowang/Documents/Github/DataMind/backend/.venv/lib/python3.11/site-packages/sklearn/metrics/_classification.py:1561: UserWarning: Note that pos_label (set to 'M') is ignored when average != 'binary' (got 'weighted'). You may use labels=[pos_label] to specify a single positive class.
  warnings.warn(

2026-03-10 01:43:59,032:WARNING:/Users/xiaowang/Documents/Github/DataMind/backend/.venv/lib/python3.11/site-packages/sklearn/metrics/_classification.py:1561: UserWarning: Note that pos_label (set to 'M') is ignored when average != 'binary' (got 'weighted'). You may use labels=[pos_label] to specify a single positive class.
  warnings.warn(

2026-03-10 01:43:59,032:WARNING:/Users/xiaowang/Documents/Github/DataMind/backend/.venv/lib/python3.11/site-packages/sklearn/metrics/_classification.py:1561: UserWarning: Note that pos_label (set to 'M') is ignored when average != 'binary' (got 'weighted'). You may use labels=[pos_label] to specify a single positive class.
  warnings.warn(

2026-03-10 01:43:59,033:WARNING:/Users/xiaowang/Documents/Github/DataMind/backend/.venv/lib/python3.11/site-packages/sklearn/metrics/_classification.py:1561: UserWarning: Note that pos_label (set to 'M') is ignored when average != 'binary' (got 'weighted'). You may use labels=[pos_label] to specify a single positive class.
  warnings.warn(

2026-03-10 01:43:59,035:WARNING:/Users/xiaowang/Documents/Github/DataMind/backend/.venv/lib/python3.11/site-packages/sklearn/metrics/_classification.py:1561: UserWarning: Note that pos_label (set to 'M') is ignored when average != 'binary' (got 'weighted'). You may use labels=[pos_label] to specify a single positive class.
  warnings.warn(

2026-03-10 01:43:59,035:WARNING:/Users/xiaowang/Documents/Github/DataMind/backend/.venv/lib/python3.11/site-packages/sklearn/metrics/_classification.py:1561: UserWarning: Note that pos_label (set to 'M') is ignored when average != 'binary' (got 'weighted'). You may use labels=[pos_label] to specify a single positive class.
  warnings.warn(

2026-03-10 01:43:59,036:WARNING:/Users/xiaowang/Documents/Github/DataMind/backend/.venv/lib/python3.11/site-packages/sklearn/metrics/_classification.py:1561: UserWarning: Note that pos_label (set to 'M') is ignored when average != 'binary' (got 'weighted'). You may use labels=[pos_label] to specify a single positive class.
  warnings.warn(

2026-03-10 01:43:59,037:WARNING:/Users/xiaowang/Documents/Github/DataMind/backend/.venv/lib/python3.11/site-packages/sklearn/metrics/_classification.py:1561: UserWarning: Note that pos_label (set to 'M') is ignored when average != 'binary' (got 'weighted'). You may use labels=[pos_label] to specify a single positive class.
  warnings.warn(

2026-03-10 01:43:59,038:WARNING:/Users/xiaowang/Documents/Github/DataMind/backend/.venv/lib/python3.11/site-packages/sklearn/metrics/_classification.py:1561: UserWarning: Note that pos_label (set to 'M') is ignored when average != 'binary' (got 'weighted'). You may use labels=[pos_label] to specify a single positive class.
  warnings.warn(

2026-03-10 01:43:59,038:WARNING:/Users/xiaowang/Documents/Github/DataMind/backend/.venv/lib/python3.11/site-packages/sklearn/metrics/_classification.py:1561: UserWarning: Note that pos_label (set to 'M') is ignored when average != 'binary' (got 'weighted'). You may use labels=[pos_label] to specify a single positive class.
  warnings.warn(

2026-03-10 01:43:59,047:INFO:Calculating mean and std
2026-03-10 01:43:59,048:INFO:Creating metrics dataframe
2026-03-10 01:43:59,048:INFO:Finalizing model
2026-03-10 01:43:59,106:INFO:Uploading results into container
2026-03-10 01:43:59,106:INFO:Uploading model into container now
2026-03-10 01:43:59,108:INFO:_master_model_container: 17
2026-03-10 01:43:59,108:INFO:_display_container: 9
2026-03-10 01:43:59,108:INFO:DecisionTreeClassifier(ccp_alpha=0.0, class_weight=None, criterion='gini',
                       max_depth=None, max_features=None, max_leaf_nodes=None,
                       min_impurity_decrease=0.0, min_samples_leaf=1,
                       min_samples_split=2, min_weight_fraction_leaf=0.0,
                       monotonic_cst=None, random_state=42, splitter='best')
2026-03-10 01:43:59,108:INFO:create_model() successfully completed......................................
2026-03-10 01:43:59,162:INFO:Initializing predict_model()
2026-03-10 01:43:59,162:INFO:predict_model(self=<pycaret.classification.oop.ClassificationExperiment object at 0x15d1f0610>, estimator=DecisionTreeClassifier(ccp_alpha=0.0, class_weight=None, criterion='gini',
                       max_depth=None, max_features=None, max_leaf_nodes=None,
                       min_impurity_decrease=0.0, min_samples_leaf=1,
                       min_samples_split=2, min_weight_fraction_leaf=0.0,
                       monotonic_cst=None, random_state=42, splitter='best'), probability_threshold=None, encoded_labels=False, raw_score=False, round=4, verbose=True, ml_usecase=None, preprocess=True, encode_labels=<function _SupervisedExperiment.predict_model.<locals>.encode_labels at 0x15d2f1e40>)
2026-03-10 01:43:59,162:INFO:Checking exceptions
2026-03-10 01:43:59,162:INFO:Preloading libraries
2026-03-10 01:43:59,273:WARNING:/Users/xiaowang/Documents/Github/DataMind/backend/.venv/lib/python3.11/site-packages/sklearn/metrics/_classification.py:1561: UserWarning: Note that pos_label (set to 'M') is ignored when average != 'binary' (got 'weighted'). You may use labels=[pos_label] to specify a single positive class.
  warnings.warn(

2026-03-10 01:43:59,274:WARNING:/Users/xiaowang/Documents/Github/DataMind/backend/.venv/lib/python3.11/site-packages/sklearn/metrics/_classification.py:1561: UserWarning: Note that pos_label (set to 'M') is ignored when average != 'binary' (got 'weighted'). You may use labels=[pos_label] to specify a single positive class.
  warnings.warn(

2026-03-10 01:43:59,275:WARNING:/Users/xiaowang/Documents/Github/DataMind/backend/.venv/lib/python3.11/site-packages/sklearn/metrics/_classification.py:1561: UserWarning: Note that pos_label (set to 'M') is ignored when average != 'binary' (got 'weighted'). You may use labels=[pos_label] to specify a single positive class.
  warnings.warn(

2026-03-10 01:43:59,333:INFO:Initializing create_model()
2026-03-10 01:43:59,333:INFO:create_model(self=<pycaret.classification.oop.ClassificationExperiment object at 0x15d1f0610>, estimator=svm, fold=5, round=4, cross_validation=True, predict=True, fit_kwargs=None, groups=None, refit=True, probability_threshold=None, experiment_custom_tags=None, verbose=True, system=True, add_to_model_list=True, metrics=None, display=None, model_only=True, return_train_score=False, error_score=0.0, kwargs={})
2026-03-10 01:43:59,333:INFO:Checking exceptions
2026-03-10 01:43:59,333:INFO:Importing libraries
2026-03-10 01:43:59,333:INFO:Copying training dataset
2026-03-10 01:43:59,335:INFO:Defining folds
2026-03-10 01:43:59,335:INFO:Declaring metric variables
2026-03-10 01:43:59,335:INFO:Importing untrained model
2026-03-10 01:43:59,335:INFO:SVM - Linear Kernel Imported successfully
2026-03-10 01:43:59,335:INFO:Starting cross validation
2026-03-10 01:43:59,336:INFO:Cross validating with StratifiedKFold(n_splits=5, random_state=None, shuffle=False), n_jobs=-1
2026-03-10 01:43:59,417:WARNING:/Users/xiaowang/Documents/Github/DataMind/backend/.venv/lib/python3.11/site-packages/sklearn/metrics/_classification.py:1561: UserWarning: Note that pos_label (set to 'M') is ignored when average != 'binary' (got 'weighted'). You may use labels=[pos_label] to specify a single positive class.
  warnings.warn(

2026-03-10 01:43:59,418:WARNING:/Users/xiaowang/Documents/Github/DataMind/backend/.venv/lib/python3.11/site-packages/sklearn/metrics/_classification.py:1561: UserWarning: Note that pos_label (set to 'M') is ignored when average != 'binary' (got 'weighted'). You may use labels=[pos_label] to specify a single positive class.
  warnings.warn(

2026-03-10 01:43:59,419:WARNING:/Users/xiaowang/Documents/Github/DataMind/backend/.venv/lib/python3.11/site-packages/sklearn/metrics/_classification.py:1561: UserWarning: Note that pos_label (set to 'M') is ignored when average != 'binary' (got 'weighted'). You may use labels=[pos_label] to specify a single positive class.
  warnings.warn(

2026-03-10 01:43:59,422:WARNING:/Users/xiaowang/Documents/Github/DataMind/backend/.venv/lib/python3.11/site-packages/sklearn/metrics/_classification.py:1561: UserWarning: Note that pos_label (set to 'M') is ignored when average != 'binary' (got 'weighted'). You may use labels=[pos_label] to specify a single positive class.
  warnings.warn(

2026-03-10 01:43:59,423:WARNING:/Users/xiaowang/Documents/Github/DataMind/backend/.venv/lib/python3.11/site-packages/sklearn/metrics/_classification.py:1561: UserWarning: Note that pos_label (set to 'M') is ignored when average != 'binary' (got 'weighted'). You may use labels=[pos_label] to specify a single positive class.
  warnings.warn(

2026-03-10 01:43:59,423:WARNING:/Users/xiaowang/Documents/Github/DataMind/backend/.venv/lib/python3.11/site-packages/sklearn/metrics/_classification.py:1561: UserWarning: Note that pos_label (set to 'M') is ignored when average != 'binary' (got 'weighted'). You may use labels=[pos_label] to specify a single positive class.
  warnings.warn(

2026-03-10 01:43:59,433:WARNING:/Users/xiaowang/Documents/Github/DataMind/backend/.venv/lib/python3.11/site-packages/sklearn/metrics/_classification.py:1561: UserWarning: Note that pos_label (set to 'M') is ignored when average != 'binary' (got 'weighted'). You may use labels=[pos_label] to specify a single positive class.
  warnings.warn(

2026-03-10 01:43:59,434:WARNING:/Users/xiaowang/Documents/Github/DataMind/backend/.venv/lib/python3.11/site-packages/sklearn/metrics/_classification.py:1561: UserWarning: Note that pos_label (set to 'M') is ignored when average != 'binary' (got 'weighted'). You may use labels=[pos_label] to specify a single positive class.
  warnings.warn(

2026-03-10 01:43:59,434:WARNING:/Users/xiaowang/Documents/Github/DataMind/backend/.venv/lib/python3.11/site-packages/sklearn/metrics/_classification.py:1561: UserWarning: Note that pos_label (set to 'M') is ignored when average != 'binary' (got 'weighted'). You may use labels=[pos_label] to specify a single positive class.
  warnings.warn(

2026-03-10 01:43:59,434:WARNING:/Users/xiaowang/Documents/Github/DataMind/backend/.venv/lib/python3.11/site-packages/sklearn/metrics/_classification.py:1561: UserWarning: Note that pos_label (set to 'M') is ignored when average != 'binary' (got 'weighted'). You may use labels=[pos_label] to specify a single positive class.
  warnings.warn(

2026-03-10 01:43:59,435:WARNING:/Users/xiaowang/Documents/Github/DataMind/backend/.venv/lib/python3.11/site-packages/sklearn/metrics/_classification.py:1561: UserWarning: Note that pos_label (set to 'M') is ignored when average != 'binary' (got 'weighted'). You may use labels=[pos_label] to specify a single positive class.
  warnings.warn(

2026-03-10 01:43:59,435:WARNING:/Users/xiaowang/Documents/Github/DataMind/backend/.venv/lib/python3.11/site-packages/sklearn/metrics/_classification.py:1561: UserWarning: Note that pos_label (set to 'M') is ignored when average != 'binary' (got 'weighted'). You may use labels=[pos_label] to specify a single positive class.
  warnings.warn(

2026-03-10 01:43:59,435:WARNING:/Users/xiaowang/Documents/Github/DataMind/backend/.venv/lib/python3.11/site-packages/sklearn/metrics/_classification.py:1561: UserWarning: Note that pos_label (set to 'M') is ignored when average != 'binary' (got 'weighted'). You may use labels=[pos_label] to specify a single positive class.
  warnings.warn(

2026-03-10 01:43:59,436:WARNING:/Users/xiaowang/Documents/Github/DataMind/backend/.venv/lib/python3.11/site-packages/sklearn/metrics/_classification.py:1561: UserWarning: Note that pos_label (set to 'M') is ignored when average != 'binary' (got 'weighted'). You may use labels=[pos_label] to specify a single positive class.
  warnings.warn(

2026-03-10 01:43:59,436:WARNING:/Users/xiaowang/Documents/Github/DataMind/backend/.venv/lib/python3.11/site-packages/sklearn/metrics/_classification.py:1561: UserWarning: Note that pos_label (set to 'M') is ignored when average != 'binary' (got 'weighted'). You may use labels=[pos_label] to specify a single positive class.
  warnings.warn(

2026-03-10 01:43:59,447:INFO:Calculating mean and std
2026-03-10 01:43:59,447:INFO:Creating metrics dataframe
2026-03-10 01:43:59,448:INFO:Finalizing model
2026-03-10 01:43:59,507:INFO:Uploading results into container
2026-03-10 01:43:59,507:INFO:Uploading model into container now
2026-03-10 01:43:59,509:INFO:_master_model_container: 18
2026-03-10 01:43:59,509:INFO:_display_container: 11
2026-03-10 01:43:59,509:INFO:SGDClassifier(alpha=0.0001, average=False, class_weight=None,
              early_stopping=False, epsilon=0.1, eta0=0.001, fit_intercept=True,
              l1_ratio=0.15, learning_rate='optimal', loss='hinge',
              max_iter=1000, n_iter_no_change=5, n_jobs=-1, penalty='l2',
              power_t=0.5, random_state=42, shuffle=True, tol=0.001,
              validation_fraction=0.1, verbose=0, warm_start=False)
2026-03-10 01:43:59,509:INFO:create_model() successfully completed......................................
2026-03-10 01:43:59,563:INFO:Initializing predict_model()
2026-03-10 01:43:59,563:INFO:predict_model(self=<pycaret.classification.oop.ClassificationExperiment object at 0x15d1f0610>, estimator=SGDClassifier(alpha=0.0001, average=False, class_weight=None,
              early_stopping=False, epsilon=0.1, eta0=0.001, fit_intercept=True,
              l1_ratio=0.15, learning_rate='optimal', loss='hinge',
              max_iter=1000, n_iter_no_change=5, n_jobs=-1, penalty='l2',
              power_t=0.5, random_state=42, shuffle=True, tol=0.001,
              validation_fraction=0.1, verbose=0, warm_start=False), probability_threshold=None, encoded_labels=False, raw_score=False, round=4, verbose=True, ml_usecase=None, preprocess=True, encode_labels=<function _SupervisedExperiment.predict_model.<locals>.encode_labels at 0x15d4a8c20>)
2026-03-10 01:43:59,563:INFO:Checking exceptions
2026-03-10 01:43:59,563:INFO:Preloading libraries
2026-03-10 01:43:59,732:WARNING:/Users/xiaowang/Documents/Github/DataMind/backend/.venv/lib/python3.11/site-packages/pycaret/utils/generic.py:585: UserWarning: Traceback (most recent call last):
  File "/Users/xiaowang/Documents/Github/DataMind/backend/.venv/lib/python3.11/site-packages/pycaret/utils/generic.py", line 580, in _calculate_metric
    calculated_metric = score_func(y_test, target, sample_weight=weights, **kwargs)
                        ^^^^^^^^^^^^^^^^^^^^^^^^^^^^^^^^^^^^^^^^^^^^^^^^^^^^^^^^^^^
  File "/Users/xiaowang/Documents/Github/DataMind/backend/.venv/lib/python3.11/site-packages/pycaret/internal/metrics.py", line 144, in __call__
    return self.score_func(y_true, y_pred, **kwargs)
           ^^^^^^^^^^^^^^^^^^^^^^^^^^^^^^^^^^^^^^^^^
  File "/Users/xiaowang/Documents/Github/DataMind/backend/.venv/lib/python3.11/site-packages/sklearn/utils/_param_validation.py", line 213, in wrapper
    return func(*args, **kwargs)
           ^^^^^^^^^^^^^^^^^^^^^
  File "/Users/xiaowang/Documents/Github/DataMind/backend/.venv/lib/python3.11/site-packages/sklearn/metrics/_ranking.py", line 619, in roc_auc_score
    y_score = check_array(y_score, ensure_2d=False)
              ^^^^^^^^^^^^^^^^^^^^^^^^^^^^^^^^^^^^^
  File "/Users/xiaowang/Documents/Github/DataMind/backend/.venv/lib/python3.11/site-packages/sklearn/utils/validation.py", line 997, in check_array
    array = _asarray_with_order(array, order=order, dtype=dtype, xp=xp)
            ^^^^^^^^^^^^^^^^^^^^^^^^^^^^^^^^^^^^^^^^^^^^^^^^^^^^^^^^^^^
  File "/Users/xiaowang/Documents/Github/DataMind/backend/.venv/lib/python3.11/site-packages/sklearn/utils/_array_api.py", line 521, in _asarray_with_order
    array = numpy.asarray(array, order=order, dtype=dtype)
            ^^^^^^^^^^^^^^^^^^^^^^^^^^^^^^^^^^^^^^^^^^^^^^
ValueError: could not convert string to float: 'M'

During handling of the above exception, another exception occurred:

Traceback (most recent call last):
  File "/Users/xiaowang/Documents/Github/DataMind/backend/.venv/lib/python3.11/site-packages/pycaret/utils/generic.py", line 583, in _calculate_metric
    calculated_metric = score_func(y_test, target, **kwargs)
                        ^^^^^^^^^^^^^^^^^^^^^^^^^^^^^^^^^^^^
  File "/Users/xiaowang/Documents/Github/DataMind/backend/.venv/lib/python3.11/site-packages/pycaret/internal/metrics.py", line 144, in __call__
    return self.score_func(y_true, y_pred, **kwargs)
           ^^^^^^^^^^^^^^^^^^^^^^^^^^^^^^^^^^^^^^^^^
  File "/Users/xiaowang/Documents/Github/DataMind/backend/.venv/lib/python3.11/site-packages/sklearn/utils/_param_validation.py", line 213, in wrapper
    return func(*args, **kwargs)
           ^^^^^^^^^^^^^^^^^^^^^
  File "/Users/xiaowang/Documents/Github/DataMind/backend/.venv/lib/python3.11/site-packages/sklearn/metrics/_ranking.py", line 619, in roc_auc_score
    y_score = check_array(y_score, ensure_2d=False)
              ^^^^^^^^^^^^^^^^^^^^^^^^^^^^^^^^^^^^^
  File "/Users/xiaowang/Documents/Github/DataMind/backend/.venv/lib/python3.11/site-packages/sklearn/utils/validation.py", line 997, in check_array
    array = _asarray_with_order(array, order=order, dtype=dtype, xp=xp)
            ^^^^^^^^^^^^^^^^^^^^^^^^^^^^^^^^^^^^^^^^^^^^^^^^^^^^^^^^^^^
  File "/Users/xiaowang/Documents/Github/DataMind/backend/.venv/lib/python3.11/site-packages/sklearn/utils/_array_api.py", line 521, in _asarray_with_order
    array = numpy.asarray(array, order=order, dtype=dtype)
            ^^^^^^^^^^^^^^^^^^^^^^^^^^^^^^^^^^^^^^^^^^^^^^
ValueError: could not convert string to float: 'M'

  warnings.warn(traceback.format_exc())

2026-03-10 01:43:59,733:WARNING:/Users/xiaowang/Documents/Github/DataMind/backend/.venv/lib/python3.11/site-packages/sklearn/metrics/_classification.py:1561: UserWarning: Note that pos_label (set to 'M') is ignored when average != 'binary' (got 'weighted'). You may use labels=[pos_label] to specify a single positive class.
  warnings.warn(

2026-03-10 01:43:59,736:WARNING:/Users/xiaowang/Documents/Github/DataMind/backend/.venv/lib/python3.11/site-packages/sklearn/metrics/_classification.py:1561: UserWarning: Note that pos_label (set to 'M') is ignored when average != 'binary' (got 'weighted'). You may use labels=[pos_label] to specify a single positive class.
  warnings.warn(

2026-03-10 01:43:59,738:WARNING:/Users/xiaowang/Documents/Github/DataMind/backend/.venv/lib/python3.11/site-packages/sklearn/metrics/_classification.py:1561: UserWarning: Note that pos_label (set to 'M') is ignored when average != 'binary' (got 'weighted'). You may use labels=[pos_label] to specify a single positive class.
  warnings.warn(

2026-03-10 01:43:59,857:INFO:Initializing create_model()
2026-03-10 01:43:59,857:INFO:create_model(self=<pycaret.classification.oop.ClassificationExperiment object at 0x15d1f0610>, estimator=rbfsvm, fold=5, round=4, cross_validation=True, predict=True, fit_kwargs=None, groups=None, refit=True, probability_threshold=None, experiment_custom_tags=None, verbose=True, system=True, add_to_model_list=True, metrics=None, display=None, model_only=True, return_train_score=False, error_score=0.0, kwargs={})
2026-03-10 01:43:59,857:INFO:Checking exceptions
2026-03-10 01:43:59,857:INFO:Importing libraries
2026-03-10 01:43:59,857:INFO:Copying training dataset
2026-03-10 01:43:59,860:INFO:Defining folds
2026-03-10 01:43:59,860:INFO:Declaring metric variables
2026-03-10 01:43:59,860:INFO:Importing untrained model
2026-03-10 01:43:59,860:INFO:SVM - Radial Kernel Imported successfully
2026-03-10 01:43:59,860:INFO:Starting cross validation
2026-03-10 01:43:59,861:INFO:Cross validating with StratifiedKFold(n_splits=5, random_state=None, shuffle=False), n_jobs=-1
2026-03-10 01:44:00,069:WARNING:/Users/xiaowang/Documents/Github/DataMind/backend/.venv/lib/python3.11/site-packages/sklearn/metrics/_classification.py:1561: UserWarning: Note that pos_label (set to 'M') is ignored when average != 'binary' (got 'weighted'). You may use labels=[pos_label] to specify a single positive class.
  warnings.warn(

2026-03-10 01:44:00,070:WARNING:/Users/xiaowang/Documents/Github/DataMind/backend/.venv/lib/python3.11/site-packages/sklearn/metrics/_classification.py:1561: UserWarning: Note that pos_label (set to 'M') is ignored when average != 'binary' (got 'weighted'). You may use labels=[pos_label] to specify a single positive class.
  warnings.warn(

2026-03-10 01:44:00,071:WARNING:/Users/xiaowang/Documents/Github/DataMind/backend/.venv/lib/python3.11/site-packages/sklearn/metrics/_classification.py:1561: UserWarning: Note that pos_label (set to 'M') is ignored when average != 'binary' (got 'weighted'). You may use labels=[pos_label] to specify a single positive class.
  warnings.warn(

2026-03-10 01:44:00,075:WARNING:/Users/xiaowang/Documents/Github/DataMind/backend/.venv/lib/python3.11/site-packages/sklearn/metrics/_classification.py:1561: UserWarning: Note that pos_label (set to 'M') is ignored when average != 'binary' (got 'weighted'). You may use labels=[pos_label] to specify a single positive class.
  warnings.warn(

2026-03-10 01:44:00,076:WARNING:/Users/xiaowang/Documents/Github/DataMind/backend/.venv/lib/python3.11/site-packages/sklearn/metrics/_classification.py:1561: UserWarning: Note that pos_label (set to 'M') is ignored when average != 'binary' (got 'weighted'). You may use labels=[pos_label] to specify a single positive class.
  warnings.warn(

2026-03-10 01:44:00,076:WARNING:/Users/xiaowang/Documents/Github/DataMind/backend/.venv/lib/python3.11/site-packages/sklearn/metrics/_classification.py:1561: UserWarning: Note that pos_label (set to 'M') is ignored when average != 'binary' (got 'weighted'). You may use labels=[pos_label] to specify a single positive class.
  warnings.warn(

2026-03-10 01:44:00,076:WARNING:/Users/xiaowang/Documents/Github/DataMind/backend/.venv/lib/python3.11/site-packages/sklearn/metrics/_classification.py:1561: UserWarning: Note that pos_label (set to 'M') is ignored when average != 'binary' (got 'weighted'). You may use labels=[pos_label] to specify a single positive class.
  warnings.warn(

2026-03-10 01:44:00,076:WARNING:/Users/xiaowang/Documents/Github/DataMind/backend/.venv/lib/python3.11/site-packages/sklearn/metrics/_classification.py:1561: UserWarning: Note that pos_label (set to 'M') is ignored when average != 'binary' (got 'weighted'). You may use labels=[pos_label] to specify a single positive class.
  warnings.warn(

2026-03-10 01:44:00,077:WARNING:/Users/xiaowang/Documents/Github/DataMind/backend/.venv/lib/python3.11/site-packages/sklearn/metrics/_classification.py:1561: UserWarning: Note that pos_label (set to 'M') is ignored when average != 'binary' (got 'weighted'). You may use labels=[pos_label] to specify a single positive class.
  warnings.warn(

2026-03-10 01:44:00,077:WARNING:/Users/xiaowang/Documents/Github/DataMind/backend/.venv/lib/python3.11/site-packages/sklearn/metrics/_classification.py:1561: UserWarning: Note that pos_label (set to 'M') is ignored when average != 'binary' (got 'weighted'). You may use labels=[pos_label] to specify a single positive class.
  warnings.warn(

2026-03-10 01:44:00,077:WARNING:/Users/xiaowang/Documents/Github/DataMind/backend/.venv/lib/python3.11/site-packages/sklearn/metrics/_classification.py:1561: UserWarning: Note that pos_label (set to 'M') is ignored when average != 'binary' (got 'weighted'). You may use labels=[pos_label] to specify a single positive class.
  warnings.warn(

2026-03-10 01:44:00,077:WARNING:/Users/xiaowang/Documents/Github/DataMind/backend/.venv/lib/python3.11/site-packages/sklearn/metrics/_classification.py:1561: UserWarning: Note that pos_label (set to 'M') is ignored when average != 'binary' (got 'weighted'). You may use labels=[pos_label] to specify a single positive class.
  warnings.warn(

2026-03-10 01:44:00,101:WARNING:/Users/xiaowang/Documents/Github/DataMind/backend/.venv/lib/python3.11/site-packages/sklearn/metrics/_classification.py:1561: UserWarning: Note that pos_label (set to 'M') is ignored when average != 'binary' (got 'weighted'). You may use labels=[pos_label] to specify a single positive class.
  warnings.warn(

2026-03-10 01:44:00,102:WARNING:/Users/xiaowang/Documents/Github/DataMind/backend/.venv/lib/python3.11/site-packages/sklearn/metrics/_classification.py:1561: UserWarning: Note that pos_label (set to 'M') is ignored when average != 'binary' (got 'weighted'). You may use labels=[pos_label] to specify a single positive class.
  warnings.warn(

2026-03-10 01:44:00,103:WARNING:/Users/xiaowang/Documents/Github/DataMind/backend/.venv/lib/python3.11/site-packages/sklearn/metrics/_classification.py:1561: UserWarning: Note that pos_label (set to 'M') is ignored when average != 'binary' (got 'weighted'). You may use labels=[pos_label] to specify a single positive class.
  warnings.warn(

2026-03-10 01:44:00,106:INFO:Calculating mean and std
2026-03-10 01:44:00,107:INFO:Creating metrics dataframe
2026-03-10 01:44:00,107:INFO:Finalizing model
2026-03-10 01:44:00,248:INFO:Uploading results into container
2026-03-10 01:44:00,248:INFO:Uploading model into container now
2026-03-10 01:44:00,250:INFO:_master_model_container: 19
2026-03-10 01:44:00,250:INFO:_display_container: 13
2026-03-10 01:44:00,250:INFO:SVC(C=1.0, break_ties=False, cache_size=200, class_weight=None, coef0=0.0,
    decision_function_shape='ovr', degree=3, gamma='auto', kernel='rbf',
    max_iter=-1, probability=True, random_state=42, shrinking=True, tol=0.001,
    verbose=False)
2026-03-10 01:44:00,250:INFO:create_model() successfully completed......................................
2026-03-10 01:44:00,306:INFO:Initializing predict_model()
2026-03-10 01:44:00,306:INFO:predict_model(self=<pycaret.classification.oop.ClassificationExperiment object at 0x15d1f0610>, estimator=SVC(C=1.0, break_ties=False, cache_size=200, class_weight=None, coef0=0.0,
    decision_function_shape='ovr', degree=3, gamma='auto', kernel='rbf',
    max_iter=-1, probability=True, random_state=42, shrinking=True, tol=0.001,
    verbose=False), probability_threshold=None, encoded_labels=False, raw_score=False, round=4, verbose=True, ml_usecase=None, preprocess=True, encode_labels=<function _SupervisedExperiment.predict_model.<locals>.encode_labels at 0x15d4a8c20>)
2026-03-10 01:44:00,306:INFO:Checking exceptions
2026-03-10 01:44:00,306:INFO:Preloading libraries
2026-03-10 01:44:00,435:WARNING:/Users/xiaowang/Documents/Github/DataMind/backend/.venv/lib/python3.11/site-packages/sklearn/metrics/_classification.py:1561: UserWarning: Note that pos_label (set to 'M') is ignored when average != 'binary' (got 'weighted'). You may use labels=[pos_label] to specify a single positive class.
  warnings.warn(

2026-03-10 01:44:00,436:WARNING:/Users/xiaowang/Documents/Github/DataMind/backend/.venv/lib/python3.11/site-packages/sklearn/metrics/_classification.py:1561: UserWarning: Note that pos_label (set to 'M') is ignored when average != 'binary' (got 'weighted'). You may use labels=[pos_label] to specify a single positive class.
  warnings.warn(

2026-03-10 01:44:00,437:WARNING:/Users/xiaowang/Documents/Github/DataMind/backend/.venv/lib/python3.11/site-packages/sklearn/metrics/_classification.py:1561: UserWarning: Note that pos_label (set to 'M') is ignored when average != 'binary' (got 'weighted'). You may use labels=[pos_label] to specify a single positive class.
  warnings.warn(

2026-03-10 01:44:00,496:INFO:Initializing create_model()
2026-03-10 01:44:00,496:INFO:create_model(self=<pycaret.classification.oop.ClassificationExperiment object at 0x15d1f0610>, estimator=gpc, fold=5, round=4, cross_validation=True, predict=True, fit_kwargs=None, groups=None, refit=True, probability_threshold=None, experiment_custom_tags=None, verbose=True, system=True, add_to_model_list=True, metrics=None, display=None, model_only=True, return_train_score=False, error_score=0.0, kwargs={})
2026-03-10 01:44:00,496:INFO:Checking exceptions
2026-03-10 01:44:00,496:INFO:Importing libraries
2026-03-10 01:44:00,496:INFO:Copying training dataset
2026-03-10 01:44:00,498:INFO:Defining folds
2026-03-10 01:44:00,498:INFO:Declaring metric variables
2026-03-10 01:44:00,498:INFO:Importing untrained model
2026-03-10 01:44:00,498:INFO:Gaussian Process Classifier Imported successfully
2026-03-10 01:44:00,498:INFO:Starting cross validation
2026-03-10 01:44:00,499:INFO:Cross validating with StratifiedKFold(n_splits=5, random_state=None, shuffle=False), n_jobs=1
